"file","items","pages","per_page"
"260711_원의 성질(1).pdf","150","70","2.14"
"260711_원의 성질(10).pdf","150","71","2.11"
"260711_원의 성질(11).pdf","150","73","2.05"
"260711_원의 성질(12).pdf","150","72","2.08"
"260711_원의 성질(13).pdf","119","56","2.12"
"260711_원의 성질(14).pdf","85","45","1.89"
"260711_원의 성질(15).pdf","15","9","1.67"
"260711_원의 성질(2).pdf","150","70","2.14"
"260711_원의 성질(3).pdf","150","70","2.14"
"260711_원의 성질(4).pdf","150","71","2.11"
"260711_원의 성질(5).pdf","150","68","2.21"
"260711_원의 성질(6).pdf","150","70","2.14"
"260711_원의 성질(7).pdf","150","68","2.21"
"260711_원의 성질(8).pdf","150","67","2.24"
"260711_원의 성질(9).pdf","150","73","2.05"
"260711_원의 성질.pdf","150","71","2.11"
