source_file,pdf_sha256,question_no,page,accuracy_percent,source_type_label
"260710_도형의 닮음.pdf",dba184b073658b7441ef7aba8bcb2af52bc4550574940c3433a68ffa1bb4c526,001,1,77,"항상 닮은 도형"
"260710_도형의 닮음.pdf",dba184b073658b7441ef7aba8bcb2af52bc4550574940c3433a68ffa1bb4c526,002,1,75,"항상 닮은 도형"
"260710_도형의 닮음.pdf",dba184b073658b7441ef7aba8bcb2af52bc4550574940c3433a68ffa1bb4c526,003,1,88,"평면도형에서 닮음의 성질"
"260710_도형의 닮음.pdf",dba184b073658b7441ef7aba8bcb2af52bc4550574940c3433a68ffa1bb4c526,004,1,79,"평면도형에서 닮음의 성질"
"260710_도형의 닮음.pdf",dba184b073658b7441ef7aba8bcb2af52bc4550574940c3433a68ffa1bb4c526,005,2,62,"평면도형에서 닮음비의 응용"
"260710_도형의 닮음.pdf",dba184b073658b7441ef7aba8bcb2af52bc4550574940c3433a68ffa1bb4c526,006,2,87,"평면도형에서 닮음비의 응용"
"260710_도형의 닮음.pdf",dba184b073658b7441ef7aba8bcb2af52bc4550574940c3433a68ffa1bb4c526,007,2,68,"입체도형에서 닮음의 성질"
"260710_도형의 닮음.pdf",dba184b073658b7441ef7aba8bcb2af52bc4550574940c3433a68ffa1bb4c526,008,2,69,"입체도형에서 닮음의 성질"
"260710_도형의 닮음.pdf",dba184b073658b7441ef7aba8bcb2af52bc4550574940c3433a68ffa1bb4c526,009,3,50,"다면체에서 닮음비의 응용"
"260710_도형의 닮음.pdf",dba184b073658b7441ef7aba8bcb2af52bc4550574940c3433a68ffa1bb4c526,010,3,79,"다면체에서 닮음비의 응용"
"260710_도형의 닮음.pdf",dba184b073658b7441ef7aba8bcb2af52bc4550574940c3433a68ffa1bb4c526,011,3,87,"회전체에서 닮음비의 응용"
"260710_도형의 닮음.pdf",dba184b073658b7441ef7aba8bcb2af52bc4550574940c3433a68ffa1bb4c526,012,3,77,"회전체에서 닮음비의 응용"
"260710_도형의 닮음.pdf",dba184b073658b7441ef7aba8bcb2af52bc4550574940c3433a68ffa1bb4c526,013,4,84,"삼각형의 닮음 조건"
"260710_도형의 닮음.pdf",dba184b073658b7441ef7aba8bcb2af52bc4550574940c3433a68ffa1bb4c526,014,4,78,"삼각형의 닮음 조건"
"260710_도형의 닮음.pdf",dba184b073658b7441ef7aba8bcb2af52bc4550574940c3433a68ffa1bb4c526,015,4,83,"두 삼각형이 닮음이기 위하여 필요한 조건"
"260710_도형의 닮음.pdf",dba184b073658b7441ef7aba8bcb2af52bc4550574940c3433a68ffa1bb4c526,016,4,83,"두 삼각형이 닮음이기 위하여 필요한 조건"
"260710_도형의 닮음.pdf",dba184b073658b7441ef7aba8bcb2af52bc4550574940c3433a68ffa1bb4c526,017,5,85,"삼각형의 닮음 조건의 응용(1) SAS 닮음"
"260710_도형의 닮음.pdf",dba184b073658b7441ef7aba8bcb2af52bc4550574940c3433a68ffa1bb4c526,018,5,50,"삼각형의 닮음 조건의 응용(1) SAS 닮음"
"260710_도형의 닮음.pdf",dba184b073658b7441ef7aba8bcb2af52bc4550574940c3433a68ffa1bb4c526,019,5,80,"삼각형의 닮음 조건의 응용(2) AA 닮음"
"260710_도형의 닮음.pdf",dba184b073658b7441ef7aba8bcb2af52bc4550574940c3433a68ffa1bb4c526,020,5,70,"삼각형의 닮음 조건의 응용(2) AA 닮음"
"260710_도형의 닮음.pdf",dba184b073658b7441ef7aba8bcb2af52bc4550574940c3433a68ffa1bb4c526,021,6,82,"평행선에서 삼각형의 닮음 조건의 응용"
"260710_도형의 닮음.pdf",dba184b073658b7441ef7aba8bcb2af52bc4550574940c3433a68ffa1bb4c526,022,6,65,"평행선에서 삼각형의 닮음 조건의 응용"
"260710_도형의 닮음.pdf",dba184b073658b7441ef7aba8bcb2af52bc4550574940c3433a68ffa1bb4c526,023,6,82,"직각삼각형의 닮음(1) 공통인 각이 있는 경우"
"260710_도형의 닮음.pdf",dba184b073658b7441ef7aba8bcb2af52bc4550574940c3433a68ffa1bb4c526,024,6,62,"직각삼각형의 닮음(1) 공통인 각이 있는 경우"
"260710_도형의 닮음.pdf",dba184b073658b7441ef7aba8bcb2af52bc4550574940c3433a68ffa1bb4c526,025,7,58,"직각삼각형의 닮음(2) 한 예각의 크기가 같은 경우"
"260710_도형의 닮음.pdf",dba184b073658b7441ef7aba8bcb2af52bc4550574940c3433a68ffa1bb4c526,026,7,80,"직각삼각형의 닮음(2) 한 예각의 크기가 같은 경우"
"260710_도형의 닮음.pdf",dba184b073658b7441ef7aba8bcb2af52bc4550574940c3433a68ffa1bb4c526,027,7,74,"직각삼각형의 닮음의 응용"
"260710_도형의 닮음.pdf",dba184b073658b7441ef7aba8bcb2af52bc4550574940c3433a68ffa1bb4c526,028,7,64,"직각삼각형의 닮음의 응용"
"260710_도형의 닮음.pdf",dba184b073658b7441ef7aba8bcb2af52bc4550574940c3433a68ffa1bb4c526,029,8,81,"종이접기와 삼각형의 닮음"
"260710_도형의 닮음.pdf",dba184b073658b7441ef7aba8bcb2af52bc4550574940c3433a68ffa1bb4c526,030,8,72,"종이접기와 삼각형의 닮음"
"260710_도형의 닮음.pdf",dba184b073658b7441ef7aba8bcb2af52bc4550574940c3433a68ffa1bb4c526,031,8,55,"삼각형에서 평행선 사이의 선분의 길이의 비(1) 한 각이 공통각인 두 삼각형"
"260710_도형의 닮음.pdf",dba184b073658b7441ef7aba8bcb2af52bc4550574940c3433a68ffa1bb4c526,032,8,86,"삼각형에서 평행선 사이의 선분의 길이의 비(1) 한 각이 공통각인 두 삼각형"
"260710_도형의 닮음.pdf",dba184b073658b7441ef7aba8bcb2af52bc4550574940c3433a68ffa1bb4c526,033,9,81,"삼각형에서 평행선 사이의 선분의 길이의 비(2) 한 각이 맞꼭지각인 두 삼각형"
"260710_도형의 닮음.pdf",dba184b073658b7441ef7aba8bcb2af52bc4550574940c3433a68ffa1bb4c526,034,9,76,"삼각형에서 평행선 사이의 선분의 길이의 비의 응용"
"260710_도형의 닮음.pdf",dba184b073658b7441ef7aba8bcb2af52bc4550574940c3433a68ffa1bb4c526,035,9,77,"삼각형에서 평행선 사이의 선분의 길이의 비의 응용"
"260710_도형의 닮음.pdf",dba184b073658b7441ef7aba8bcb2af52bc4550574940c3433a68ffa1bb4c526,036,9,70,"평행선 찾기"
"260710_도형의 닮음.pdf",dba184b073658b7441ef7aba8bcb2af52bc4550574940c3433a68ffa1bb4c526,037,10,72,"평행선 찾기"
"260710_도형의 닮음.pdf",dba184b073658b7441ef7aba8bcb2af52bc4550574940c3433a68ffa1bb4c526,038,10,49,"삼각형의 내각의 이등분선과 변의 길이"
"260710_도형의 닮음.pdf",dba184b073658b7441ef7aba8bcb2af52bc4550574940c3433a68ffa1bb4c526,039,10,70,"삼각형의 내각의 이등분선과 변의 길이"
"260710_도형의 닮음.pdf",dba184b073658b7441ef7aba8bcb2af52bc4550574940c3433a68ffa1bb4c526,040,10,76,"삼각형의 내각의 이등분선과 삼각형의 넓이"
"260710_도형의 닮음.pdf",dba184b073658b7441ef7aba8bcb2af52bc4550574940c3433a68ffa1bb4c526,041,11,59,"삼각형의 외각의 이등분선과 변의 길이"
"260710_도형의 닮음.pdf",dba184b073658b7441ef7aba8bcb2af52bc4550574940c3433a68ffa1bb4c526,042,11,68,"삼각형의 외각의 이등분선과 변의 길이"
"260710_도형의 닮음.pdf",dba184b073658b7441ef7aba8bcb2af52bc4550574940c3433a68ffa1bb4c526,043,11,65,"삼각형의 외각의 이등분선과 삼각형의 넓이"
"260710_도형의 닮음.pdf",dba184b073658b7441ef7aba8bcb2af52bc4550574940c3433a68ffa1bb4c526,044,11,67,"삼각형의 외각의 이등분선과 삼각형의 넓이"
"260710_도형의 닮음.pdf",dba184b073658b7441ef7aba8bcb2af52bc4550574940c3433a68ffa1bb4c526,045,12,71,"평행선 사이의 길이의 비"
"260710_도형의 닮음.pdf",dba184b073658b7441ef7aba8bcb2af52bc4550574940c3433a68ffa1bb4c526,046,12,68,"평행선 사이의 길이의 비"
"260710_도형의 닮음.pdf",dba184b073658b7441ef7aba8bcb2af52bc4550574940c3433a68ffa1bb4c526,047,12,60,"사다리꼴에서 평행선 사이의 선분의 길이의 비"
"260710_도형의 닮음.pdf",dba184b073658b7441ef7aba8bcb2af52bc4550574940c3433a68ffa1bb4c526,048,12,75,"사다리꼴에서 평행선 사이의 선분의 길이의 비"
"260710_도형의 닮음.pdf",dba184b073658b7441ef7aba8bcb2af52bc4550574940c3433a68ffa1bb4c526,049,13,73,"사다리꼴에서 평행선과 한 대각선의 길이"
"260710_도형의 닮음.pdf",dba184b073658b7441ef7aba8bcb2af52bc4550574940c3433a68ffa1bb4c526,050,13,62,"사다리꼴에서 평행선과 한 대각선의 길이"
"260710_도형의 닮음.pdf",dba184b073658b7441ef7aba8bcb2af52bc4550574940c3433a68ffa1bb4c526,051,13,56,"사다리꼴에서 평행선과 두 대각선의 길이(1) 평행선이 대각선의 교점을 지나지 않을 때"
"260710_도형의 닮음.pdf",dba184b073658b7441ef7aba8bcb2af52bc4550574940c3433a68ffa1bb4c526,052,13,60,"사다리꼴에서 평행선과 두 대각선의 길이(1) 평행선이 대각선의 교점을 지나지 않을 때"
"260710_도형의 닮음.pdf",dba184b073658b7441ef7aba8bcb2af52bc4550574940c3433a68ffa1bb4c526,053,14,84,"사다리꼴에서 평행선과 두 대각선의 길이(2) 평행선이 대각선의 교점을 지날 때"
"260710_도형의 닮음.pdf",dba184b073658b7441ef7aba8bcb2af52bc4550574940c3433a68ffa1bb4c526,054,14,66,"사다리꼴에서 평행선과 두 대각선의 길이(2) 평행선이 대각선의 교점을 지날 때"
"260710_도형의 닮음.pdf",dba184b073658b7441ef7aba8bcb2af52bc4550574940c3433a68ffa1bb4c526,055,14,55,"평행선 사이의 길이의 비의 응용"
"260710_도형의 닮음.pdf",dba184b073658b7441ef7aba8bcb2af52bc4550574940c3433a68ffa1bb4c526,056,14,77,"평행선 사이의 길이의 비의 응용"
"260710_도형의 닮음.pdf",dba184b073658b7441ef7aba8bcb2af52bc4550574940c3433a68ffa1bb4c526,057,15,63,"삼각형의 두 변의 중점을 연결한 선분의 성질(1)"
"260710_도형의 닮음.pdf",dba184b073658b7441ef7aba8bcb2af52bc4550574940c3433a68ffa1bb4c526,058,15,82,"삼각형의 두 변의 중점을 연결한 선분의 성질(2)"
"260710_도형의 닮음.pdf",dba184b073658b7441ef7aba8bcb2af52bc4550574940c3433a68ffa1bb4c526,059,15,83,"삼각형의 두 변의 중점을 연결한 선분의 성질(2)"
"260710_도형의 닮음.pdf",dba184b073658b7441ef7aba8bcb2af52bc4550574940c3433a68ffa1bb4c526,060,15,86,"삼각형의 중점을 연결한 선분 응용(1) 중점"
"260710_도형의 닮음.pdf",dba184b073658b7441ef7aba8bcb2af52bc4550574940c3433a68ffa1bb4c526,061,16,60,"삼각형의 중점을 연결한 선분 응용(1) 중점"
"260710_도형의 닮음.pdf",dba184b073658b7441ef7aba8bcb2af52bc4550574940c3433a68ffa1bb4c526,062,16,87,"삼각형의 중점을 연결한 선분 응용(2) 삼등분선"
"260710_도형의 닮음.pdf",dba184b073658b7441ef7aba8bcb2af52bc4550574940c3433a68ffa1bb4c526,063,16,65,"삼각형의 중점을 연결한 선분 응용(2) 삼등분선"
"260710_도형의 닮음.pdf",dba184b073658b7441ef7aba8bcb2af52bc4550574940c3433a68ffa1bb4c526,064,16,50,"삼각형의 세 변의 중점을 연결한 삼각형"
"260710_도형의 닮음.pdf",dba184b073658b7441ef7aba8bcb2af52bc4550574940c3433a68ffa1bb4c526,065,17,73,"삼각형의 세 변의 중점을 연결한 삼각형"
"260710_도형의 닮음.pdf",dba184b073658b7441ef7aba8bcb2af52bc4550574940c3433a68ffa1bb4c526,066,17,83,"사각형의 각 변의 중점을 연결하여 만든 사각형"
"260710_도형의 닮음.pdf",dba184b073658b7441ef7aba8bcb2af52bc4550574940c3433a68ffa1bb4c526,067,17,88,"사각형의 각 변의 중점을 연결하여 만든 사각형"
"260710_도형의 닮음.pdf",dba184b073658b7441ef7aba8bcb2af52bc4550574940c3433a68ffa1bb4c526,068,17,77,"사다리꼴의 두 변의 중점을 연결한 선분의 성질"
"260710_도형의 닮음.pdf",dba184b073658b7441ef7aba8bcb2af52bc4550574940c3433a68ffa1bb4c526,069,18,86,"사다리꼴의 두 변의 중점을 연결한 선분의 성질"
"260710_도형의 닮음.pdf",dba184b073658b7441ef7aba8bcb2af52bc4550574940c3433a68ffa1bb4c526,070,18,72,"삼각형의 중선의 성질"
"260710_도형의 닮음.pdf",dba184b073658b7441ef7aba8bcb2af52bc4550574940c3433a68ffa1bb4c526,071,18,72,"삼각형의 중선의 성질"
"260710_도형의 닮음.pdf",dba184b073658b7441ef7aba8bcb2af52bc4550574940c3433a68ffa1bb4c526,072,18,30,"삼각형의 무게중심(1) △ABC의 무게중심"
"260710_도형의 닮음.pdf",dba184b073658b7441ef7aba8bcb2af52bc4550574940c3433a68ffa1bb4c526,073,19,76,"삼각형의 무게중심(1) △ABC의 무게중심"
"260710_도형의 닮음.pdf",dba184b073658b7441ef7aba8bcb2af52bc4550574940c3433a68ffa1bb4c526,074,19,81,"삼각형의 무게중심(2) △ABC, △GBC의 무게중심"
"260710_도형의 닮음.pdf",dba184b073658b7441ef7aba8bcb2af52bc4550574940c3433a68ffa1bb4c526,075,19,81,"삼각형의 무게중심(2) △ABC, △GBC의 무게중심"
"260710_도형의 닮음.pdf",dba184b073658b7441ef7aba8bcb2af52bc4550574940c3433a68ffa1bb4c526,076,19,71,"삼각형의 무게중심의 응용(1)"
"260710_도형의 닮음.pdf",dba184b073658b7441ef7aba8bcb2af52bc4550574940c3433a68ffa1bb4c526,077,20,84,"삼각형의 무게중심의 응용(1)"
"260710_도형의 닮음.pdf",dba184b073658b7441ef7aba8bcb2af52bc4550574940c3433a68ffa1bb4c526,078,20,74,"삼각형의 무게중심의 응용(2)"
"260710_도형의 닮음.pdf",dba184b073658b7441ef7aba8bcb2af52bc4550574940c3433a68ffa1bb4c526,079,20,76,"삼각형의 무게중심의 응용(2)"
"260710_도형의 닮음.pdf",dba184b073658b7441ef7aba8bcb2af52bc4550574940c3433a68ffa1bb4c526,080,20,75,"삼각형의 무게중심의 응용(3)"
"260710_도형의 닮음.pdf",dba184b073658b7441ef7aba8bcb2af52bc4550574940c3433a68ffa1bb4c526,081,21,77,"삼각형의 무게중심의 응용(3)"
"260710_도형의 닮음.pdf",dba184b073658b7441ef7aba8bcb2af52bc4550574940c3433a68ffa1bb4c526,082,21,82,"삼각형의 무게중심과 넓이의 관계(1) △ABC의 무게중심"
"260710_도형의 닮음.pdf",dba184b073658b7441ef7aba8bcb2af52bc4550574940c3433a68ffa1bb4c526,083,21,76,"삼각형의 무게중심과 넓이의 관계(1) △ABC의 무게중심"
"260710_도형의 닮음.pdf",dba184b073658b7441ef7aba8bcb2af52bc4550574940c3433a68ffa1bb4c526,084,21,37,"삼각형의 무게중심과 넓이의 관계(2) △ABC, △GBC의 무게중심"
"260710_도형의 닮음.pdf",dba184b073658b7441ef7aba8bcb2af52bc4550574940c3433a68ffa1bb4c526,085,22,75,"삼각형의 무게중심과 넓이의 관계(2) △ABC, △GBC의 무게중심"
"260710_도형의 닮음.pdf",dba184b073658b7441ef7aba8bcb2af52bc4550574940c3433a68ffa1bb4c526,086,22,78,"평행사변형에서 삼각형의 무게중심의 응용(1) 길이"
"260710_도형의 닮음.pdf",dba184b073658b7441ef7aba8bcb2af52bc4550574940c3433a68ffa1bb4c526,087,22,83,"평행사변형에서 삼각형의 무게중심의 응용(1) 길이"
"260710_도형의 닮음.pdf",dba184b073658b7441ef7aba8bcb2af52bc4550574940c3433a68ffa1bb4c526,088,22,69,"평행사변형에서 삼각형의 무게중심의 응용(2) 넓이"
"260710_도형의 닮음.pdf",dba184b073658b7441ef7aba8bcb2af52bc4550574940c3433a68ffa1bb4c526,089,23,85,"평행사변형에서 삼각형의 무게중심의 응용(2) 넓이"
"260710_도형의 닮음.pdf",dba184b073658b7441ef7aba8bcb2af52bc4550574940c3433a68ffa1bb4c526,090,23,60,"닮은 두 평면도형의 넓이의 비"
"260710_도형의 닮음.pdf",dba184b073658b7441ef7aba8bcb2af52bc4550574940c3433a68ffa1bb4c526,091,23,82,"닮은 두 평면도형의 넓이의 비"
"260710_도형의 닮음.pdf",dba184b073658b7441ef7aba8bcb2af52bc4550574940c3433a68ffa1bb4c526,092,23,54,"닮은 두 평면도형의 넓이의 비의 활용"
"260710_도형의 닮음.pdf",dba184b073658b7441ef7aba8bcb2af52bc4550574940c3433a68ffa1bb4c526,093,24,67,"닮은 두 평면도형의 넓이의 비의 활용"
"260710_도형의 닮음.pdf",dba184b073658b7441ef7aba8bcb2af52bc4550574940c3433a68ffa1bb4c526,094,24,79,"닮은 두 입체도형의 겉넓이의 비"
"260710_도형의 닮음.pdf",dba184b073658b7441ef7aba8bcb2af52bc4550574940c3433a68ffa1bb4c526,095,24,72,"닮은 두 입체도형의 겉넓이의 비"
"260710_도형의 닮음.pdf",dba184b073658b7441ef7aba8bcb2af52bc4550574940c3433a68ffa1bb4c526,096,24,61,"닮은 두 입체도형의 겉넓이의 비의 활용"
"260710_도형의 닮음.pdf",dba184b073658b7441ef7aba8bcb2af52bc4550574940c3433a68ffa1bb4c526,097,25,78,"닮은 두 입체도형의 겉넓이의 비의 활용"
"260710_도형의 닮음.pdf",dba184b073658b7441ef7aba8bcb2af52bc4550574940c3433a68ffa1bb4c526,098,25,67,"닮은 두 입체도형의 부피의 비"
"260710_도형의 닮음.pdf",dba184b073658b7441ef7aba8bcb2af52bc4550574940c3433a68ffa1bb4c526,099,25,73,"닮은 두 입체도형의 부피의 비"
"260710_도형의 닮음.pdf",dba184b073658b7441ef7aba8bcb2af52bc4550574940c3433a68ffa1bb4c526,100,25,70,"닮은 두 입체도형의 부피의 비의 활용"
"260710_도형의 닮음.pdf",dba184b073658b7441ef7aba8bcb2af52bc4550574940c3433a68ffa1bb4c526,101,26,76,"닮은 두 입체도형의 부피의 비의 활용"
"260710_도형의 닮음.pdf",dba184b073658b7441ef7aba8bcb2af52bc4550574940c3433a68ffa1bb4c526,102,26,83,"닮음의 활용(1) 높이의 측정"
"260710_도형의 닮음.pdf",dba184b073658b7441ef7aba8bcb2af52bc4550574940c3433a68ffa1bb4c526,103,26,70,"닮음의 활용(1) 높이의 측정"
"260710_도형의 닮음.pdf",dba184b073658b7441ef7aba8bcb2af52bc4550574940c3433a68ffa1bb4c526,104,26,75,"닮음의 활용(2) 축도와 축척"
"260710_도형의 닮음.pdf",dba184b073658b7441ef7aba8bcb2af52bc4550574940c3433a68ffa1bb4c526,105,27,72,"닮음의 활용(2) 축도와 축척"
"260710_도형의 닮음.pdf",dba184b073658b7441ef7aba8bcb2af52bc4550574940c3433a68ffa1bb4c526,106,27,86,"삼각형의 변의 길이 구하기(1)"
"260710_도형의 닮음.pdf",dba184b073658b7441ef7aba8bcb2af52bc4550574940c3433a68ffa1bb4c526,107,27,66,"삼각형의 변의 길이 구하기(1)"
"260710_도형의 닮음.pdf",dba184b073658b7441ef7aba8bcb2af52bc4550574940c3433a68ffa1bb4c526,108,27,84,"삼각형의 변의 길이 구하기(2)"
"260710_도형의 닮음.pdf",dba184b073658b7441ef7aba8bcb2af52bc4550574940c3433a68ffa1bb4c526,109,28,84,"삼각형의 변의 길이 구하기(2)"
"260710_도형의 닮음.pdf",dba184b073658b7441ef7aba8bcb2af52bc4550574940c3433a68ffa1bb4c526,110,28,69,"삼각형의 변의 길이 구하기(3)"
"260710_도형의 닮음.pdf",dba184b073658b7441ef7aba8bcb2af52bc4550574940c3433a68ffa1bb4c526,111,28,50,"삼각형의 변의 길이 구하기(3)"
"260710_도형의 닮음.pdf",dba184b073658b7441ef7aba8bcb2af52bc4550574940c3433a68ffa1bb4c526,112,28,66,"직각삼각형의 닮음과 피타고라스 정리"
"260710_도형의 닮음.pdf",dba184b073658b7441ef7aba8bcb2af52bc4550574940c3433a68ffa1bb4c526,113,29,59,"직각삼각형의 닮음과 피타고라스 정리"
"260710_도형의 닮음.pdf",dba184b073658b7441ef7aba8bcb2af52bc4550574940c3433a68ffa1bb4c526,114,29,79,"사각형에서 피타고라스 정리의 이용(1) 대각선을 그어 푸는 경우"
"260710_도형의 닮음.pdf",dba184b073658b7441ef7aba8bcb2af52bc4550574940c3433a68ffa1bb4c526,115,29,78,"사각형에서 피타고라스 정리의 이용(2) 수선을 그어 푸는 경우"
"260710_도형의 닮음.pdf",dba184b073658b7441ef7aba8bcb2af52bc4550574940c3433a68ffa1bb4c526,116,29,54,"사각형에서 피타고라스 정리의 이용(2) 수선을 그어 푸는 경우"
"260710_도형의 닮음.pdf",dba184b073658b7441ef7aba8bcb2af52bc4550574940c3433a68ffa1bb4c526,117,30,76,"직사각형의 대각선의 길이"
"260710_도형의 닮음.pdf",dba184b073658b7441ef7aba8bcb2af52bc4550574940c3433a68ffa1bb4c526,118,30,58,"이등변삼각형의 높이와 넓이"
"260710_도형의 닮음.pdf",dba184b073658b7441ef7aba8bcb2af52bc4550574940c3433a68ffa1bb4c526,119,30,86,"이등변삼각형의 높이와 넓이"
"260710_도형의 닮음.pdf",dba184b073658b7441ef7aba8bcb2af52bc4550574940c3433a68ffa1bb4c526,120,30,77,"피타고라스 정리의 설명(1) 유클리드의 방법"
"260710_도형의 닮음.pdf",dba184b073658b7441ef7aba8bcb2af52bc4550574940c3433a68ffa1bb4c526,121,31,30,"피타고라스 정리의 설명(2) 피타고라스의 방법"
"260710_도형의 닮음.pdf",dba184b073658b7441ef7aba8bcb2af52bc4550574940c3433a68ffa1bb4c526,122,31,91,"피타고라스 정리의 설명(2) 피타고라스의 방법"
"260710_도형의 닮음.pdf",dba184b073658b7441ef7aba8bcb2af52bc4550574940c3433a68ffa1bb4c526,123,31,67,"피타고라스 정리의 설명(3) 가필드의 방법"
"260710_도형의 닮음.pdf",dba184b073658b7441ef7aba8bcb2af52bc4550574940c3433a68ffa1bb4c526,124,31,74,"피타고라스 정리의 설명(4) 바스카라의 방법"
"260710_도형의 닮음.pdf",dba184b073658b7441ef7aba8bcb2af52bc4550574940c3433a68ffa1bb4c526,125,32,86,"직각삼각형이 되기 위한 조건"
"260710_도형의 닮음.pdf",dba184b073658b7441ef7aba8bcb2af52bc4550574940c3433a68ffa1bb4c526,126,32,91,"직각삼각형이 되기 위한 조건"
"260710_도형의 닮음.pdf",dba184b073658b7441ef7aba8bcb2af52bc4550574940c3433a68ffa1bb4c526,127,32,54,"변의 길이에 따른 삼각형의 종류"
"260710_도형의 닮음.pdf",dba184b073658b7441ef7aba8bcb2af52bc4550574940c3433a68ffa1bb4c526,128,32,80,"변의 길이에 따른 삼각형의 종류"
"260710_도형의 닮음.pdf",dba184b073658b7441ef7aba8bcb2af52bc4550574940c3433a68ffa1bb4c526,129,33,66,"각의 크기에 따른 삼각형의 변의 길이"
"260710_도형의 닮음.pdf",dba184b073658b7441ef7aba8bcb2af52bc4550574940c3433a68ffa1bb4c526,130,33,67,"각의 크기에 따른 삼각형의 변의 길이"
"260710_도형의 닮음.pdf",dba184b073658b7441ef7aba8bcb2af52bc4550574940c3433a68ffa1bb4c526,131,33,68,"피타고라스 정리의 활용(1) 직각삼각형"
"260710_도형의 닮음.pdf",dba184b073658b7441ef7aba8bcb2af52bc4550574940c3433a68ffa1bb4c526,132,33,32,"피타고라스 정리의 활용(1) 직각삼각형"
"260710_도형의 닮음.pdf",dba184b073658b7441ef7aba8bcb2af52bc4550574940c3433a68ffa1bb4c526,133,34,51,"피타고라스 정리의 활용(2) 사각형"
"260710_도형의 닮음.pdf",dba184b073658b7441ef7aba8bcb2af52bc4550574940c3433a68ffa1bb4c526,134,34,66,"피타고라스 정리의 활용(2) 사각형"
"260710_도형의 닮음.pdf",dba184b073658b7441ef7aba8bcb2af52bc4550574940c3433a68ffa1bb4c526,135,34,67,"피타고라스 정리의 활용(3) 직사각형 내부의 점"
"260710_도형의 닮음.pdf",dba184b073658b7441ef7aba8bcb2af52bc4550574940c3433a68ffa1bb4c526,136,34,64,"피타고라스 정리의 활용(3) 직사각형 내부의 점"
"260710_도형의 닮음.pdf",dba184b073658b7441ef7aba8bcb2af52bc4550574940c3433a68ffa1bb4c526,137,35,61,"피타고라스 정리의 활용(4) 직각삼각형의 세 반원 사이의 관계"
"260710_도형의 닮음.pdf",dba184b073658b7441ef7aba8bcb2af52bc4550574940c3433a68ffa1bb4c526,138,35,68,"피타고라스 정리의 활용(4) 직각삼각형의 세 반원 사이의 관계"
"260710_도형의 닮음.pdf",dba184b073658b7441ef7aba8bcb2af52bc4550574940c3433a68ffa1bb4c526,139,35,82,"피타고라스 정리의 활용(5) 히포크라테스의 원의 넓이"
"260710_도형의 닮음.pdf",dba184b073658b7441ef7aba8bcb2af52bc4550574940c3433a68ffa1bb4c526,140,35,80,"피타고라스 정리의 활용(5) 히포크라테스의 원의 넓이"
"260710_도형의 닮음.pdf",dba184b073658b7441ef7aba8bcb2af52bc4550574940c3433a68ffa1bb4c526,141,36,86,"피타고라스 나무 문제"
"260710_도형의 닮음.pdf",dba184b073658b7441ef7aba8bcb2af52bc4550574940c3433a68ffa1bb4c526,142,36,83,"피타고라스 나무 문제"
"260710_도형의 닮음.pdf",dba184b073658b7441ef7aba8bcb2af52bc4550574940c3433a68ffa1bb4c526,143,36,79,"종이접기와 피타고라스 정리"
"260710_도형의 닮음.pdf",dba184b073658b7441ef7aba8bcb2af52bc4550574940c3433a68ffa1bb4c526,144,36,58,"종이접기와 피타고라스 정리"
"260710_도형의 닮음.pdf",dba184b073658b7441ef7aba8bcb2af52bc4550574940c3433a68ffa1bb4c526,145,37,76,"입체도형에서의 피타고라스 정리"
"260710_도형의 닮음.pdf",dba184b073658b7441ef7aba8bcb2af52bc4550574940c3433a68ffa1bb4c526,146,37,72,"입체도형에서의 피타고라스 정리"
"260710_도형의 닮음.pdf",dba184b073658b7441ef7aba8bcb2af52bc4550574940c3433a68ffa1bb4c526,147,37,44,"각기둥에서의 최단 거리"
"260710_도형의 닮음.pdf",dba184b073658b7441ef7aba8bcb2af52bc4550574940c3433a68ffa1bb4c526,148,37,54,"각기둥에서의 최단 거리"
"260710_도형의 닮음.pdf",dba184b073658b7441ef7aba8bcb2af52bc4550574940c3433a68ffa1bb4c526,149,38,52,"원기둥에서의 최단 거리"
"260710_도형의 닮음.pdf",dba184b073658b7441ef7aba8bcb2af52bc4550574940c3433a68ffa1bb4c526,150,38,73,"원기둥에서의 최단 거리"
"260710_도형의 닮음(1).pdf",15f1896e163209afd9aff0ab64df8b79ecd2b969a103980e5ed2d30a1c91a6db,001,1,84,"평면도형에서 닮음의 성질"
"260710_도형의 닮음(1).pdf",15f1896e163209afd9aff0ab64df8b79ecd2b969a103980e5ed2d30a1c91a6db,002,1,69,"평면도형에서 닮음의 성질"
"260710_도형의 닮음(1).pdf",15f1896e163209afd9aff0ab64df8b79ecd2b969a103980e5ed2d30a1c91a6db,003,1,52,"평면도형에서 닮음비의 응용"
"260710_도형의 닮음(1).pdf",15f1896e163209afd9aff0ab64df8b79ecd2b969a103980e5ed2d30a1c91a6db,004,1,80,"평면도형에서 닮음비의 응용"
"260710_도형의 닮음(1).pdf",15f1896e163209afd9aff0ab64df8b79ecd2b969a103980e5ed2d30a1c91a6db,005,2,67,"입체도형에서 닮음의 성질"
"260710_도형의 닮음(1).pdf",15f1896e163209afd9aff0ab64df8b79ecd2b969a103980e5ed2d30a1c91a6db,006,2,79,"다면체에서 닮음비의 응용"
"260710_도형의 닮음(1).pdf",15f1896e163209afd9aff0ab64df8b79ecd2b969a103980e5ed2d30a1c91a6db,007,2,78,"다면체에서 닮음비의 응용"
"260710_도형의 닮음(1).pdf",15f1896e163209afd9aff0ab64df8b79ecd2b969a103980e5ed2d30a1c91a6db,008,2,68,"회전체에서 닮음비의 응용"
"260710_도형의 닮음(1).pdf",15f1896e163209afd9aff0ab64df8b79ecd2b969a103980e5ed2d30a1c91a6db,009,3,82,"회전체에서 닮음비의 응용"
"260710_도형의 닮음(1).pdf",15f1896e163209afd9aff0ab64df8b79ecd2b969a103980e5ed2d30a1c91a6db,010,3,67,"삼각형의 닮음 조건"
"260710_도형의 닮음(1).pdf",15f1896e163209afd9aff0ab64df8b79ecd2b969a103980e5ed2d30a1c91a6db,011,3,74,"삼각형의 닮음 조건"
"260710_도형의 닮음(1).pdf",15f1896e163209afd9aff0ab64df8b79ecd2b969a103980e5ed2d30a1c91a6db,012,3,74,"두 삼각형이 닮음이기 위하여 필요한 조건"
"260710_도형의 닮음(1).pdf",15f1896e163209afd9aff0ab64df8b79ecd2b969a103980e5ed2d30a1c91a6db,013,4,78,"삼각형의 닮음 조건의 응용(1) SAS 닮음"
"260710_도형의 닮음(1).pdf",15f1896e163209afd9aff0ab64df8b79ecd2b969a103980e5ed2d30a1c91a6db,014,4,66,"삼각형의 닮음 조건의 응용(1) SAS 닮음"
"260710_도형의 닮음(1).pdf",15f1896e163209afd9aff0ab64df8b79ecd2b969a103980e5ed2d30a1c91a6db,015,4,69,"삼각형의 닮음 조건의 응용(2) AA 닮음"
"260710_도형의 닮음(1).pdf",15f1896e163209afd9aff0ab64df8b79ecd2b969a103980e5ed2d30a1c91a6db,016,4,88,"삼각형의 닮음 조건의 응용(2) AA 닮음"
"260710_도형의 닮음(1).pdf",15f1896e163209afd9aff0ab64df8b79ecd2b969a103980e5ed2d30a1c91a6db,017,5,88,"평행선에서 삼각형의 닮음 조건의 응용"
"260710_도형의 닮음(1).pdf",15f1896e163209afd9aff0ab64df8b79ecd2b969a103980e5ed2d30a1c91a6db,018,5,70,"평행선에서 삼각형의 닮음 조건의 응용"
"260710_도형의 닮음(1).pdf",15f1896e163209afd9aff0ab64df8b79ecd2b969a103980e5ed2d30a1c91a6db,019,5,69,"직각삼각형의 닮음(1) 공통인 각이 있는 경우"
"260710_도형의 닮음(1).pdf",15f1896e163209afd9aff0ab64df8b79ecd2b969a103980e5ed2d30a1c91a6db,020,5,69,"직각삼각형의 닮음(1) 공통인 각이 있는 경우"
"260710_도형의 닮음(1).pdf",15f1896e163209afd9aff0ab64df8b79ecd2b969a103980e5ed2d30a1c91a6db,021,6,59,"직각삼각형의 닮음(2) 한 예각의 크기가 같은 경우"
"260710_도형의 닮음(1).pdf",15f1896e163209afd9aff0ab64df8b79ecd2b969a103980e5ed2d30a1c91a6db,022,6,62,"직각삼각형의 닮음(2) 한 예각의 크기가 같은 경우"
"260710_도형의 닮음(1).pdf",15f1896e163209afd9aff0ab64df8b79ecd2b969a103980e5ed2d30a1c91a6db,023,6,54,"직각삼각형의 닮음의 응용"
"260710_도형의 닮음(1).pdf",15f1896e163209afd9aff0ab64df8b79ecd2b969a103980e5ed2d30a1c91a6db,024,6,64,"직각삼각형의 닮음의 응용"
"260710_도형의 닮음(1).pdf",15f1896e163209afd9aff0ab64df8b79ecd2b969a103980e5ed2d30a1c91a6db,025,7,82,"종이접기와 삼각형의 닮음"
"260710_도형의 닮음(1).pdf",15f1896e163209afd9aff0ab64df8b79ecd2b969a103980e5ed2d30a1c91a6db,026,7,66,"종이접기와 삼각형의 닮음"
"260710_도형의 닮음(1).pdf",15f1896e163209afd9aff0ab64df8b79ecd2b969a103980e5ed2d30a1c91a6db,027,7,60,"삼각형에서 평행선 사이의 선분의 길이의 비(1) 한 각이 공통각인 두 삼각형"
"260710_도형의 닮음(1).pdf",15f1896e163209afd9aff0ab64df8b79ecd2b969a103980e5ed2d30a1c91a6db,028,7,84,"삼각형에서 평행선 사이의 선분의 길이의 비(1) 한 각이 공통각인 두 삼각형"
"260710_도형의 닮음(1).pdf",15f1896e163209afd9aff0ab64df8b79ecd2b969a103980e5ed2d30a1c91a6db,029,8,90,"삼각형에서 평행선 사이의 선분의 길이의 비(2) 한 각이 맞꼭지각인 두 삼각형"
"260710_도형의 닮음(1).pdf",15f1896e163209afd9aff0ab64df8b79ecd2b969a103980e5ed2d30a1c91a6db,030,8,81,"삼각형에서 평행선 사이의 선분의 길이의 비(2) 한 각이 맞꼭지각인 두 삼각형"
"260710_도형의 닮음(1).pdf",15f1896e163209afd9aff0ab64df8b79ecd2b969a103980e5ed2d30a1c91a6db,031,8,74,"삼각형에서 평행선 사이의 선분의 길이의 비의 응용"
"260710_도형의 닮음(1).pdf",15f1896e163209afd9aff0ab64df8b79ecd2b969a103980e5ed2d30a1c91a6db,032,8,62,"삼각형에서 평행선 사이의 선분의 길이의 비의 응용"
"260710_도형의 닮음(1).pdf",15f1896e163209afd9aff0ab64df8b79ecd2b969a103980e5ed2d30a1c91a6db,033,9,82,"평행선 찾기"
"260710_도형의 닮음(1).pdf",15f1896e163209afd9aff0ab64df8b79ecd2b969a103980e5ed2d30a1c91a6db,034,9,73,"평행선 찾기"
"260710_도형의 닮음(1).pdf",15f1896e163209afd9aff0ab64df8b79ecd2b969a103980e5ed2d30a1c91a6db,035,9,61,"삼각형의 내각의 이등분선과 변의 길이"
"260710_도형의 닮음(1).pdf",15f1896e163209afd9aff0ab64df8b79ecd2b969a103980e5ed2d30a1c91a6db,036,9,65,"삼각형의 내각의 이등분선과 변의 길이"
"260710_도형의 닮음(1).pdf",15f1896e163209afd9aff0ab64df8b79ecd2b969a103980e5ed2d30a1c91a6db,037,10,56,"삼각형의 내각의 이등분선과 삼각형의 넓이"
"260710_도형의 닮음(1).pdf",15f1896e163209afd9aff0ab64df8b79ecd2b969a103980e5ed2d30a1c91a6db,038,10,78,"삼각형의 내각의 이등분선과 삼각형의 넓이"
"260710_도형의 닮음(1).pdf",15f1896e163209afd9aff0ab64df8b79ecd2b969a103980e5ed2d30a1c91a6db,039,10,68,"삼각형의 외각의 이등분선과 변의 길이"
"260710_도형의 닮음(1).pdf",15f1896e163209afd9aff0ab64df8b79ecd2b969a103980e5ed2d30a1c91a6db,040,10,70,"삼각형의 외각의 이등분선과 변의 길이"
"260710_도형의 닮음(1).pdf",15f1896e163209afd9aff0ab64df8b79ecd2b969a103980e5ed2d30a1c91a6db,041,11,64,"삼각형의 외각의 이등분선과 삼각형의 넓이"
"260710_도형의 닮음(1).pdf",15f1896e163209afd9aff0ab64df8b79ecd2b969a103980e5ed2d30a1c91a6db,042,11,77,"삼각형의 외각의 이등분선과 삼각형의 넓이"
"260710_도형의 닮음(1).pdf",15f1896e163209afd9aff0ab64df8b79ecd2b969a103980e5ed2d30a1c91a6db,043,11,54,"평행선 사이의 길이의 비"
"260710_도형의 닮음(1).pdf",15f1896e163209afd9aff0ab64df8b79ecd2b969a103980e5ed2d30a1c91a6db,044,11,62,"평행선 사이의 길이의 비"
"260710_도형의 닮음(1).pdf",15f1896e163209afd9aff0ab64df8b79ecd2b969a103980e5ed2d30a1c91a6db,045,12,64,"사다리꼴에서 평행선 사이의 선분의 길이의 비"
"260710_도형의 닮음(1).pdf",15f1896e163209afd9aff0ab64df8b79ecd2b969a103980e5ed2d30a1c91a6db,046,12,71,"사다리꼴에서 평행선 사이의 선분의 길이의 비"
"260710_도형의 닮음(1).pdf",15f1896e163209afd9aff0ab64df8b79ecd2b969a103980e5ed2d30a1c91a6db,047,12,66,"사다리꼴에서 평행선과 한 대각선의 길이"
"260710_도형의 닮음(1).pdf",15f1896e163209afd9aff0ab64df8b79ecd2b969a103980e5ed2d30a1c91a6db,048,12,75,"사다리꼴에서 평행선과 한 대각선의 길이"
"260710_도형의 닮음(1).pdf",15f1896e163209afd9aff0ab64df8b79ecd2b969a103980e5ed2d30a1c91a6db,049,13,71,"사다리꼴에서 평행선과 두 대각선의 길이(1) 평행선이 대각선의 교점을 지나지 않을 때"
"260710_도형의 닮음(1).pdf",15f1896e163209afd9aff0ab64df8b79ecd2b969a103980e5ed2d30a1c91a6db,050,13,72,"사다리꼴에서 평행선과 두 대각선의 길이(1) 평행선이 대각선의 교점을 지나지 않을 때"
"260710_도형의 닮음(1).pdf",15f1896e163209afd9aff0ab64df8b79ecd2b969a103980e5ed2d30a1c91a6db,051,13,84,"사다리꼴에서 평행선과 두 대각선의 길이(2) 평행선이 대각선의 교점을 지날 때"
"260710_도형의 닮음(1).pdf",15f1896e163209afd9aff0ab64df8b79ecd2b969a103980e5ed2d30a1c91a6db,052,13,60,"사다리꼴에서 평행선과 두 대각선의 길이(2) 평행선이 대각선의 교점을 지날 때"
"260710_도형의 닮음(1).pdf",15f1896e163209afd9aff0ab64df8b79ecd2b969a103980e5ed2d30a1c91a6db,053,14,57,"평행선 사이의 길이의 비의 응용"
"260710_도형의 닮음(1).pdf",15f1896e163209afd9aff0ab64df8b79ecd2b969a103980e5ed2d30a1c91a6db,054,14,66,"평행선 사이의 길이의 비의 응용"
"260710_도형의 닮음(1).pdf",15f1896e163209afd9aff0ab64df8b79ecd2b969a103980e5ed2d30a1c91a6db,055,14,76,"삼각형의 두 변의 중점을 연결한 선분의 성질(1)"
"260710_도형의 닮음(1).pdf",15f1896e163209afd9aff0ab64df8b79ecd2b969a103980e5ed2d30a1c91a6db,056,14,72,"삼각형의 두 변의 중점을 연결한 선분의 성질(1)"
"260710_도형의 닮음(1).pdf",15f1896e163209afd9aff0ab64df8b79ecd2b969a103980e5ed2d30a1c91a6db,057,15,81,"삼각형의 두 변의 중점을 연결한 선분의 성질(2)"
"260710_도형의 닮음(1).pdf",15f1896e163209afd9aff0ab64df8b79ecd2b969a103980e5ed2d30a1c91a6db,058,15,79,"삼각형의 두 변의 중점을 연결한 선분의 성질(2)"
"260710_도형의 닮음(1).pdf",15f1896e163209afd9aff0ab64df8b79ecd2b969a103980e5ed2d30a1c91a6db,059,15,66,"삼각형의 중점을 연결한 선분 응용(1) 중점"
"260710_도형의 닮음(1).pdf",15f1896e163209afd9aff0ab64df8b79ecd2b969a103980e5ed2d30a1c91a6db,060,15,78,"삼각형의 중점을 연결한 선분 응용(1) 중점"
"260710_도형의 닮음(1).pdf",15f1896e163209afd9aff0ab64df8b79ecd2b969a103980e5ed2d30a1c91a6db,061,16,74,"삼각형의 중점을 연결한 선분 응용(2) 삼등분선"
"260710_도형의 닮음(1).pdf",15f1896e163209afd9aff0ab64df8b79ecd2b969a103980e5ed2d30a1c91a6db,062,16,63,"삼각형의 중점을 연결한 선분 응용(2) 삼등분선"
"260710_도형의 닮음(1).pdf",15f1896e163209afd9aff0ab64df8b79ecd2b969a103980e5ed2d30a1c91a6db,063,16,88,"삼각형의 세 변의 중점을 연결한 삼각형"
"260710_도형의 닮음(1).pdf",15f1896e163209afd9aff0ab64df8b79ecd2b969a103980e5ed2d30a1c91a6db,064,16,88,"삼각형의 세 변의 중점을 연결한 삼각형"
"260710_도형의 닮음(1).pdf",15f1896e163209afd9aff0ab64df8b79ecd2b969a103980e5ed2d30a1c91a6db,065,17,83,"사각형의 각 변의 중점을 연결하여 만든 사각형"
"260710_도형의 닮음(1).pdf",15f1896e163209afd9aff0ab64df8b79ecd2b969a103980e5ed2d30a1c91a6db,066,17,82,"사각형의 각 변의 중점을 연결하여 만든 사각형"
"260710_도형의 닮음(1).pdf",15f1896e163209afd9aff0ab64df8b79ecd2b969a103980e5ed2d30a1c91a6db,067,17,77,"사다리꼴의 두 변의 중점을 연결한 선분의 성질"
"260710_도형의 닮음(1).pdf",15f1896e163209afd9aff0ab64df8b79ecd2b969a103980e5ed2d30a1c91a6db,068,17,85,"사다리꼴의 두 변의 중점을 연결한 선분의 성질"
"260710_도형의 닮음(1).pdf",15f1896e163209afd9aff0ab64df8b79ecd2b969a103980e5ed2d30a1c91a6db,069,18,63,"삼각형의 중선의 성질"
"260710_도형의 닮음(1).pdf",15f1896e163209afd9aff0ab64df8b79ecd2b969a103980e5ed2d30a1c91a6db,070,18,64,"삼각형의 중선의 성질"
"260710_도형의 닮음(1).pdf",15f1896e163209afd9aff0ab64df8b79ecd2b969a103980e5ed2d30a1c91a6db,071,18,82,"삼각형의 무게중심(1) △ABC의 무게중심"
"260710_도형의 닮음(1).pdf",15f1896e163209afd9aff0ab64df8b79ecd2b969a103980e5ed2d30a1c91a6db,072,18,82,"삼각형의 무게중심(1) △ABC의 무게중심"
"260710_도형의 닮음(1).pdf",15f1896e163209afd9aff0ab64df8b79ecd2b969a103980e5ed2d30a1c91a6db,073,19,75,"삼각형의 무게중심(2) △ABC, △GBC의 무게중심"
"260710_도형의 닮음(1).pdf",15f1896e163209afd9aff0ab64df8b79ecd2b969a103980e5ed2d30a1c91a6db,074,19,78,"삼각형의 무게중심(2) △ABC, △GBC의 무게중심"
"260710_도형의 닮음(1).pdf",15f1896e163209afd9aff0ab64df8b79ecd2b969a103980e5ed2d30a1c91a6db,075,19,74,"삼각형의 무게중심의 응용(1)"
"260710_도형의 닮음(1).pdf",15f1896e163209afd9aff0ab64df8b79ecd2b969a103980e5ed2d30a1c91a6db,076,19,52,"삼각형의 무게중심의 응용(1)"
"260710_도형의 닮음(1).pdf",15f1896e163209afd9aff0ab64df8b79ecd2b969a103980e5ed2d30a1c91a6db,077,20,77,"삼각형의 무게중심의 응용(2)"
"260710_도형의 닮음(1).pdf",15f1896e163209afd9aff0ab64df8b79ecd2b969a103980e5ed2d30a1c91a6db,078,20,68,"삼각형의 무게중심의 응용(2)"
"260710_도형의 닮음(1).pdf",15f1896e163209afd9aff0ab64df8b79ecd2b969a103980e5ed2d30a1c91a6db,079,20,71,"삼각형의 무게중심의 응용(3)"
"260710_도형의 닮음(1).pdf",15f1896e163209afd9aff0ab64df8b79ecd2b969a103980e5ed2d30a1c91a6db,080,20,74,"삼각형의 무게중심의 응용(3)"
"260710_도형의 닮음(1).pdf",15f1896e163209afd9aff0ab64df8b79ecd2b969a103980e5ed2d30a1c91a6db,081,21,57,"삼각형의 무게중심과 넓이의 관계(1) △ABC의 무게중심"
"260710_도형의 닮음(1).pdf",15f1896e163209afd9aff0ab64df8b79ecd2b969a103980e5ed2d30a1c91a6db,082,21,75,"삼각형의 무게중심과 넓이의 관계(1) △ABC의 무게중심"
"260710_도형의 닮음(1).pdf",15f1896e163209afd9aff0ab64df8b79ecd2b969a103980e5ed2d30a1c91a6db,083,21,71,"삼각형의 무게중심과 넓이의 관계(2) △ABC, △GBC의 무게중심"
"260710_도형의 닮음(1).pdf",15f1896e163209afd9aff0ab64df8b79ecd2b969a103980e5ed2d30a1c91a6db,084,21,79,"삼각형의 무게중심과 넓이의 관계(2) △ABC, △GBC의 무게중심"
"260710_도형의 닮음(1).pdf",15f1896e163209afd9aff0ab64df8b79ecd2b969a103980e5ed2d30a1c91a6db,085,22,79,"평행사변형에서 삼각형의 무게중심의 응용(1) 길이"
"260710_도형의 닮음(1).pdf",15f1896e163209afd9aff0ab64df8b79ecd2b969a103980e5ed2d30a1c91a6db,086,22,70,"평행사변형에서 삼각형의 무게중심의 응용(1) 길이"
"260710_도형의 닮음(1).pdf",15f1896e163209afd9aff0ab64df8b79ecd2b969a103980e5ed2d30a1c91a6db,087,22,71,"평행사변형에서 삼각형의 무게중심의 응용(2) 넓이"
"260710_도형의 닮음(1).pdf",15f1896e163209afd9aff0ab64df8b79ecd2b969a103980e5ed2d30a1c91a6db,088,22,70,"평행사변형에서 삼각형의 무게중심의 응용(2) 넓이"
"260710_도형의 닮음(1).pdf",15f1896e163209afd9aff0ab64df8b79ecd2b969a103980e5ed2d30a1c91a6db,089,23,58,"닮은 두 평면도형의 넓이의 비"
"260710_도형의 닮음(1).pdf",15f1896e163209afd9aff0ab64df8b79ecd2b969a103980e5ed2d30a1c91a6db,090,23,66,"닮은 두 평면도형의 넓이의 비"
"260710_도형의 닮음(1).pdf",15f1896e163209afd9aff0ab64df8b79ecd2b969a103980e5ed2d30a1c91a6db,091,23,54,"닮은 두 평면도형의 넓이의 비의 활용"
"260710_도형의 닮음(1).pdf",15f1896e163209afd9aff0ab64df8b79ecd2b969a103980e5ed2d30a1c91a6db,092,23,65,"닮은 두 평면도형의 넓이의 비의 활용"
"260710_도형의 닮음(1).pdf",15f1896e163209afd9aff0ab64df8b79ecd2b969a103980e5ed2d30a1c91a6db,093,24,56,"닮은 두 입체도형의 겉넓이의 비"
"260710_도형의 닮음(1).pdf",15f1896e163209afd9aff0ab64df8b79ecd2b969a103980e5ed2d30a1c91a6db,094,24,73,"닮은 두 입체도형의 겉넓이의 비"
"260710_도형의 닮음(1).pdf",15f1896e163209afd9aff0ab64df8b79ecd2b969a103980e5ed2d30a1c91a6db,095,24,76,"닮은 두 입체도형의 겉넓이의 비의 활용"
"260710_도형의 닮음(1).pdf",15f1896e163209afd9aff0ab64df8b79ecd2b969a103980e5ed2d30a1c91a6db,096,24,68,"닮은 두 입체도형의 겉넓이의 비의 활용"
"260710_도형의 닮음(1).pdf",15f1896e163209afd9aff0ab64df8b79ecd2b969a103980e5ed2d30a1c91a6db,097,25,80,"닮은 두 입체도형의 부피의 비"
"260710_도형의 닮음(1).pdf",15f1896e163209afd9aff0ab64df8b79ecd2b969a103980e5ed2d30a1c91a6db,098,25,62,"닮은 두 입체도형의 부피의 비"
"260710_도형의 닮음(1).pdf",15f1896e163209afd9aff0ab64df8b79ecd2b969a103980e5ed2d30a1c91a6db,099,25,66,"닮은 두 입체도형의 부피의 비의 활용"
"260710_도형의 닮음(1).pdf",15f1896e163209afd9aff0ab64df8b79ecd2b969a103980e5ed2d30a1c91a6db,100,25,78,"닮은 두 입체도형의 부피의 비의 활용"
"260710_도형의 닮음(1).pdf",15f1896e163209afd9aff0ab64df8b79ecd2b969a103980e5ed2d30a1c91a6db,101,26,75,"닮음의 활용(1) 높이의 측정"
"260710_도형의 닮음(1).pdf",15f1896e163209afd9aff0ab64df8b79ecd2b969a103980e5ed2d30a1c91a6db,102,26,61,"닮음의 활용(1) 높이의 측정"
"260710_도형의 닮음(1).pdf",15f1896e163209afd9aff0ab64df8b79ecd2b969a103980e5ed2d30a1c91a6db,103,26,79,"닮음의 활용(2) 축도와 축척"
"260710_도형의 닮음(1).pdf",15f1896e163209afd9aff0ab64df8b79ecd2b969a103980e5ed2d30a1c91a6db,104,26,63,"닮음의 활용(2) 축도와 축척"
"260710_도형의 닮음(1).pdf",15f1896e163209afd9aff0ab64df8b79ecd2b969a103980e5ed2d30a1c91a6db,105,27,83,"삼각형의 변의 길이 구하기(1)"
"260710_도형의 닮음(1).pdf",15f1896e163209afd9aff0ab64df8b79ecd2b969a103980e5ed2d30a1c91a6db,106,27,83,"삼각형의 변의 길이 구하기(1)"
"260710_도형의 닮음(1).pdf",15f1896e163209afd9aff0ab64df8b79ecd2b969a103980e5ed2d30a1c91a6db,107,27,84,"삼각형의 변의 길이 구하기(2)"
"260710_도형의 닮음(1).pdf",15f1896e163209afd9aff0ab64df8b79ecd2b969a103980e5ed2d30a1c91a6db,108,27,85,"삼각형의 변의 길이 구하기(2)"
"260710_도형의 닮음(1).pdf",15f1896e163209afd9aff0ab64df8b79ecd2b969a103980e5ed2d30a1c91a6db,109,28,53,"삼각형의 변의 길이 구하기(3)"
"260710_도형의 닮음(1).pdf",15f1896e163209afd9aff0ab64df8b79ecd2b969a103980e5ed2d30a1c91a6db,110,28,48,"삼각형의 변의 길이 구하기(3)"
"260710_도형의 닮음(1).pdf",15f1896e163209afd9aff0ab64df8b79ecd2b969a103980e5ed2d30a1c91a6db,111,28,65,"직각삼각형의 닮음과 피타고라스 정리"
"260710_도형의 닮음(1).pdf",15f1896e163209afd9aff0ab64df8b79ecd2b969a103980e5ed2d30a1c91a6db,112,28,57,"직각삼각형의 닮음과 피타고라스 정리"
"260710_도형의 닮음(1).pdf",15f1896e163209afd9aff0ab64df8b79ecd2b969a103980e5ed2d30a1c91a6db,113,29,83,"사각형에서 피타고라스 정리의 이용(1) 대각선을 그어 푸는 경우"
"260710_도형의 닮음(1).pdf",15f1896e163209afd9aff0ab64df8b79ecd2b969a103980e5ed2d30a1c91a6db,114,29,83,"사각형에서 피타고라스 정리의 이용(2) 수선을 그어 푸는 경우"
"260710_도형의 닮음(1).pdf",15f1896e163209afd9aff0ab64df8b79ecd2b969a103980e5ed2d30a1c91a6db,115,29,74,"사각형에서 피타고라스 정리의 이용(2) 수선을 그어 푸는 경우"
"260710_도형의 닮음(1).pdf",15f1896e163209afd9aff0ab64df8b79ecd2b969a103980e5ed2d30a1c91a6db,116,29,59,"직사각형의 대각선의 길이"
"260710_도형의 닮음(1).pdf",15f1896e163209afd9aff0ab64df8b79ecd2b969a103980e5ed2d30a1c91a6db,117,30,56,"직사각형의 대각선의 길이"
"260710_도형의 닮음(1).pdf",15f1896e163209afd9aff0ab64df8b79ecd2b969a103980e5ed2d30a1c91a6db,118,30,85,"이등변삼각형의 높이와 넓이"
"260710_도형의 닮음(1).pdf",15f1896e163209afd9aff0ab64df8b79ecd2b969a103980e5ed2d30a1c91a6db,119,30,56,"이등변삼각형의 높이와 넓이"
"260710_도형의 닮음(1).pdf",15f1896e163209afd9aff0ab64df8b79ecd2b969a103980e5ed2d30a1c91a6db,120,30,67,"피타고라스 정리의 설명(1) 유클리드의 방법"
"260710_도형의 닮음(1).pdf",15f1896e163209afd9aff0ab64df8b79ecd2b969a103980e5ed2d30a1c91a6db,121,31,87,"피타고라스 정리의 설명(2) 피타고라스의 방법"
"260710_도형의 닮음(1).pdf",15f1896e163209afd9aff0ab64df8b79ecd2b969a103980e5ed2d30a1c91a6db,122,31,82,"피타고라스 정리의 설명(3) 가필드의 방법"
"260710_도형의 닮음(1).pdf",15f1896e163209afd9aff0ab64df8b79ecd2b969a103980e5ed2d30a1c91a6db,123,31,68,"피타고라스 정리의 설명(3) 가필드의 방법"
"260710_도형의 닮음(1).pdf",15f1896e163209afd9aff0ab64df8b79ecd2b969a103980e5ed2d30a1c91a6db,124,31,82,"피타고라스 정리의 설명(4) 바스카라의 방법"
"260710_도형의 닮음(1).pdf",15f1896e163209afd9aff0ab64df8b79ecd2b969a103980e5ed2d30a1c91a6db,125,32,82,"피타고라스 정리의 설명(4) 바스카라의 방법"
"260710_도형의 닮음(1).pdf",15f1896e163209afd9aff0ab64df8b79ecd2b969a103980e5ed2d30a1c91a6db,126,32,80,"직각삼각형이 되기 위한 조건"
"260710_도형의 닮음(1).pdf",15f1896e163209afd9aff0ab64df8b79ecd2b969a103980e5ed2d30a1c91a6db,127,32,84,"직각삼각형이 되기 위한 조건"
"260710_도형의 닮음(1).pdf",15f1896e163209afd9aff0ab64df8b79ecd2b969a103980e5ed2d30a1c91a6db,128,32,57,"변의 길이에 따른 삼각형의 종류"
"260710_도형의 닮음(1).pdf",15f1896e163209afd9aff0ab64df8b79ecd2b969a103980e5ed2d30a1c91a6db,129,33,52,"변의 길이에 따른 삼각형의 종류"
"260710_도형의 닮음(1).pdf",15f1896e163209afd9aff0ab64df8b79ecd2b969a103980e5ed2d30a1c91a6db,130,33,54,"각의 크기에 따른 삼각형의 변의 길이"
"260710_도형의 닮음(1).pdf",15f1896e163209afd9aff0ab64df8b79ecd2b969a103980e5ed2d30a1c91a6db,131,33,78,"각의 크기에 따른 삼각형의 변의 길이"
"260710_도형의 닮음(1).pdf",15f1896e163209afd9aff0ab64df8b79ecd2b969a103980e5ed2d30a1c91a6db,132,33,58,"피타고라스 정리의 활용(1) 직각삼각형"
"260710_도형의 닮음(1).pdf",15f1896e163209afd9aff0ab64df8b79ecd2b969a103980e5ed2d30a1c91a6db,133,34,68,"피타고라스 정리의 활용(1) 직각삼각형"
"260710_도형의 닮음(1).pdf",15f1896e163209afd9aff0ab64df8b79ecd2b969a103980e5ed2d30a1c91a6db,134,34,73,"피타고라스 정리의 활용(2) 사각형"
"260710_도형의 닮음(1).pdf",15f1896e163209afd9aff0ab64df8b79ecd2b969a103980e5ed2d30a1c91a6db,135,34,70,"피타고라스 정리의 활용(2) 사각형"
"260710_도형의 닮음(1).pdf",15f1896e163209afd9aff0ab64df8b79ecd2b969a103980e5ed2d30a1c91a6db,136,34,59,"피타고라스 정리의 활용(3) 직사각형 내부의 점"
"260710_도형의 닮음(1).pdf",15f1896e163209afd9aff0ab64df8b79ecd2b969a103980e5ed2d30a1c91a6db,137,35,72,"피타고라스 정리의 활용(3) 직사각형 내부의 점"
"260710_도형의 닮음(1).pdf",15f1896e163209afd9aff0ab64df8b79ecd2b969a103980e5ed2d30a1c91a6db,138,35,88,"피타고라스 정리의 활용(4) 직각삼각형의 세 반원 사이의 관계"
"260710_도형의 닮음(1).pdf",15f1896e163209afd9aff0ab64df8b79ecd2b969a103980e5ed2d30a1c91a6db,139,35,68,"피타고라스 정리의 활용(4) 직각삼각형의 세 반원 사이의 관계"
"260710_도형의 닮음(1).pdf",15f1896e163209afd9aff0ab64df8b79ecd2b969a103980e5ed2d30a1c91a6db,140,35,74,"피타고라스 정리의 활용(5) 히포크라테스의 원의 넓이"
"260710_도형의 닮음(1).pdf",15f1896e163209afd9aff0ab64df8b79ecd2b969a103980e5ed2d30a1c91a6db,141,36,82,"피타고라스 정리의 활용(5) 히포크라테스의 원의 넓이"
"260710_도형의 닮음(1).pdf",15f1896e163209afd9aff0ab64df8b79ecd2b969a103980e5ed2d30a1c91a6db,142,36,83,"피타고라스 나무 문제"
"260710_도형의 닮음(1).pdf",15f1896e163209afd9aff0ab64df8b79ecd2b969a103980e5ed2d30a1c91a6db,143,36,32,"피타고라스 나무 문제"
"260710_도형의 닮음(1).pdf",15f1896e163209afd9aff0ab64df8b79ecd2b969a103980e5ed2d30a1c91a6db,144,36,56,"종이접기와 피타고라스 정리"
"260710_도형의 닮음(1).pdf",15f1896e163209afd9aff0ab64df8b79ecd2b969a103980e5ed2d30a1c91a6db,145,37,86,"종이접기와 피타고라스 정리"
"260710_도형의 닮음(1).pdf",15f1896e163209afd9aff0ab64df8b79ecd2b969a103980e5ed2d30a1c91a6db,146,37,46,"입체도형에서의 피타고라스 정리"
"260710_도형의 닮음(1).pdf",15f1896e163209afd9aff0ab64df8b79ecd2b969a103980e5ed2d30a1c91a6db,147,37,74,"입체도형에서의 피타고라스 정리"
"260710_도형의 닮음(1).pdf",15f1896e163209afd9aff0ab64df8b79ecd2b969a103980e5ed2d30a1c91a6db,148,37,45,"각기둥에서의 최단 거리"
"260710_도형의 닮음(1).pdf",15f1896e163209afd9aff0ab64df8b79ecd2b969a103980e5ed2d30a1c91a6db,149,38,30,"원기둥에서의 최단 거리"
"260710_도형의 닮음(1).pdf",15f1896e163209afd9aff0ab64df8b79ecd2b969a103980e5ed2d30a1c91a6db,150,38,31,"원기둥에서의 최단 거리"
"260710_도형의 닮음(2).pdf",ad0807c8f63488abf7d6179287f1dc66213ff83418ede0a7f6f52160ca4640bf,001,1,86,"평면도형에서 닮음의 성질"
"260710_도형의 닮음(2).pdf",ad0807c8f63488abf7d6179287f1dc66213ff83418ede0a7f6f52160ca4640bf,002,1,81,"평면도형에서 닮음의 성질"
"260710_도형의 닮음(2).pdf",ad0807c8f63488abf7d6179287f1dc66213ff83418ede0a7f6f52160ca4640bf,003,1,71,"평면도형에서 닮음비의 응용"
"260710_도형의 닮음(2).pdf",ad0807c8f63488abf7d6179287f1dc66213ff83418ede0a7f6f52160ca4640bf,004,1,75,"평면도형에서 닮음비의 응용"
"260710_도형의 닮음(2).pdf",ad0807c8f63488abf7d6179287f1dc66213ff83418ede0a7f6f52160ca4640bf,005,2,88,"입체도형에서 닮음의 성질"
"260710_도형의 닮음(2).pdf",ad0807c8f63488abf7d6179287f1dc66213ff83418ede0a7f6f52160ca4640bf,006,2,80,"다면체에서 닮음비의 응용"
"260710_도형의 닮음(2).pdf",ad0807c8f63488abf7d6179287f1dc66213ff83418ede0a7f6f52160ca4640bf,007,2,89,"다면체에서 닮음비의 응용"
"260710_도형의 닮음(2).pdf",ad0807c8f63488abf7d6179287f1dc66213ff83418ede0a7f6f52160ca4640bf,008,2,85,"회전체에서 닮음비의 응용"
"260710_도형의 닮음(2).pdf",ad0807c8f63488abf7d6179287f1dc66213ff83418ede0a7f6f52160ca4640bf,009,3,84,"회전체에서 닮음비의 응용"
"260710_도형의 닮음(2).pdf",ad0807c8f63488abf7d6179287f1dc66213ff83418ede0a7f6f52160ca4640bf,010,3,78,"삼각형의 닮음 조건"
"260710_도형의 닮음(2).pdf",ad0807c8f63488abf7d6179287f1dc66213ff83418ede0a7f6f52160ca4640bf,011,3,78,"삼각형의 닮음 조건"
"260710_도형의 닮음(2).pdf",ad0807c8f63488abf7d6179287f1dc66213ff83418ede0a7f6f52160ca4640bf,012,3,81,"두 삼각형이 닮음이기 위하여 필요한 조건"
"260710_도형의 닮음(2).pdf",ad0807c8f63488abf7d6179287f1dc66213ff83418ede0a7f6f52160ca4640bf,013,4,74,"삼각형의 닮음 조건의 응용(1) SAS 닮음"
"260710_도형의 닮음(2).pdf",ad0807c8f63488abf7d6179287f1dc66213ff83418ede0a7f6f52160ca4640bf,014,4,55,"삼각형의 닮음 조건의 응용(1) SAS 닮음"
"260710_도형의 닮음(2).pdf",ad0807c8f63488abf7d6179287f1dc66213ff83418ede0a7f6f52160ca4640bf,015,4,77,"삼각형의 닮음 조건의 응용(2) AA 닮음"
"260710_도형의 닮음(2).pdf",ad0807c8f63488abf7d6179287f1dc66213ff83418ede0a7f6f52160ca4640bf,016,4,73,"삼각형의 닮음 조건의 응용(2) AA 닮음"
"260710_도형의 닮음(2).pdf",ad0807c8f63488abf7d6179287f1dc66213ff83418ede0a7f6f52160ca4640bf,017,5,82,"평행선에서 삼각형의 닮음 조건의 응용"
"260710_도형의 닮음(2).pdf",ad0807c8f63488abf7d6179287f1dc66213ff83418ede0a7f6f52160ca4640bf,018,5,86,"평행선에서 삼각형의 닮음 조건의 응용"
"260710_도형의 닮음(2).pdf",ad0807c8f63488abf7d6179287f1dc66213ff83418ede0a7f6f52160ca4640bf,019,5,68,"직각삼각형의 닮음(1) 공통인 각이 있는 경우"
"260710_도형의 닮음(2).pdf",ad0807c8f63488abf7d6179287f1dc66213ff83418ede0a7f6f52160ca4640bf,020,5,81,"직각삼각형의 닮음(1) 공통인 각이 있는 경우"
"260710_도형의 닮음(2).pdf",ad0807c8f63488abf7d6179287f1dc66213ff83418ede0a7f6f52160ca4640bf,021,6,80,"직각삼각형의 닮음(2) 한 예각의 크기가 같은 경우"
"260710_도형의 닮음(2).pdf",ad0807c8f63488abf7d6179287f1dc66213ff83418ede0a7f6f52160ca4640bf,022,6,76,"직각삼각형의 닮음(2) 한 예각의 크기가 같은 경우"
"260710_도형의 닮음(2).pdf",ad0807c8f63488abf7d6179287f1dc66213ff83418ede0a7f6f52160ca4640bf,023,6,55,"직각삼각형의 닮음의 응용"
"260710_도형의 닮음(2).pdf",ad0807c8f63488abf7d6179287f1dc66213ff83418ede0a7f6f52160ca4640bf,024,6,55,"직각삼각형의 닮음의 응용"
"260710_도형의 닮음(2).pdf",ad0807c8f63488abf7d6179287f1dc66213ff83418ede0a7f6f52160ca4640bf,025,7,72,"종이접기와 삼각형의 닮음"
"260710_도형의 닮음(2).pdf",ad0807c8f63488abf7d6179287f1dc66213ff83418ede0a7f6f52160ca4640bf,026,7,67,"종이접기와 삼각형의 닮음"
"260710_도형의 닮음(2).pdf",ad0807c8f63488abf7d6179287f1dc66213ff83418ede0a7f6f52160ca4640bf,027,7,80,"삼각형에서 평행선 사이의 선분의 길이의 비(1) 한 각이 공통각인 두 삼각형"
"260710_도형의 닮음(2).pdf",ad0807c8f63488abf7d6179287f1dc66213ff83418ede0a7f6f52160ca4640bf,028,7,68,"삼각형에서 평행선 사이의 선분의 길이의 비(1) 한 각이 공통각인 두 삼각형"
"260710_도형의 닮음(2).pdf",ad0807c8f63488abf7d6179287f1dc66213ff83418ede0a7f6f52160ca4640bf,029,8,79,"삼각형에서 평행선 사이의 선분의 길이의 비(2) 한 각이 맞꼭지각인 두 삼각형"
"260710_도형의 닮음(2).pdf",ad0807c8f63488abf7d6179287f1dc66213ff83418ede0a7f6f52160ca4640bf,030,8,85,"삼각형에서 평행선 사이의 선분의 길이의 비(2) 한 각이 맞꼭지각인 두 삼각형"
"260710_도형의 닮음(2).pdf",ad0807c8f63488abf7d6179287f1dc66213ff83418ede0a7f6f52160ca4640bf,031,8,63,"삼각형에서 평행선 사이의 선분의 길이의 비의 응용"
"260710_도형의 닮음(2).pdf",ad0807c8f63488abf7d6179287f1dc66213ff83418ede0a7f6f52160ca4640bf,032,8,54,"삼각형에서 평행선 사이의 선분의 길이의 비의 응용"
"260710_도형의 닮음(2).pdf",ad0807c8f63488abf7d6179287f1dc66213ff83418ede0a7f6f52160ca4640bf,033,9,83,"평행선 찾기"
"260710_도형의 닮음(2).pdf",ad0807c8f63488abf7d6179287f1dc66213ff83418ede0a7f6f52160ca4640bf,034,9,71,"평행선 찾기"
"260710_도형의 닮음(2).pdf",ad0807c8f63488abf7d6179287f1dc66213ff83418ede0a7f6f52160ca4640bf,035,9,75,"삼각형의 내각의 이등분선과 변의 길이"
"260710_도형의 닮음(2).pdf",ad0807c8f63488abf7d6179287f1dc66213ff83418ede0a7f6f52160ca4640bf,036,9,65,"삼각형의 내각의 이등분선과 변의 길이"
"260710_도형의 닮음(2).pdf",ad0807c8f63488abf7d6179287f1dc66213ff83418ede0a7f6f52160ca4640bf,037,10,67,"삼각형의 내각의 이등분선과 삼각형의 넓이"
"260710_도형의 닮음(2).pdf",ad0807c8f63488abf7d6179287f1dc66213ff83418ede0a7f6f52160ca4640bf,038,10,52,"삼각형의 내각의 이등분선과 삼각형의 넓이"
"260710_도형의 닮음(2).pdf",ad0807c8f63488abf7d6179287f1dc66213ff83418ede0a7f6f52160ca4640bf,039,10,67,"삼각형의 외각의 이등분선과 변의 길이"
"260710_도형의 닮음(2).pdf",ad0807c8f63488abf7d6179287f1dc66213ff83418ede0a7f6f52160ca4640bf,040,10,76,"삼각형의 외각의 이등분선과 변의 길이"
"260710_도형의 닮음(2).pdf",ad0807c8f63488abf7d6179287f1dc66213ff83418ede0a7f6f52160ca4640bf,041,11,70,"삼각형의 외각의 이등분선과 삼각형의 넓이"
"260710_도형의 닮음(2).pdf",ad0807c8f63488abf7d6179287f1dc66213ff83418ede0a7f6f52160ca4640bf,042,11,63,"삼각형의 외각의 이등분선과 삼각형의 넓이"
"260710_도형의 닮음(2).pdf",ad0807c8f63488abf7d6179287f1dc66213ff83418ede0a7f6f52160ca4640bf,043,11,49,"평행선 사이의 길이의 비"
"260710_도형의 닮음(2).pdf",ad0807c8f63488abf7d6179287f1dc66213ff83418ede0a7f6f52160ca4640bf,044,11,75,"평행선 사이의 길이의 비"
"260710_도형의 닮음(2).pdf",ad0807c8f63488abf7d6179287f1dc66213ff83418ede0a7f6f52160ca4640bf,045,12,49,"사다리꼴에서 평행선 사이의 선분의 길이의 비"
"260710_도형의 닮음(2).pdf",ad0807c8f63488abf7d6179287f1dc66213ff83418ede0a7f6f52160ca4640bf,046,12,68,"사다리꼴에서 평행선 사이의 선분의 길이의 비"
"260710_도형의 닮음(2).pdf",ad0807c8f63488abf7d6179287f1dc66213ff83418ede0a7f6f52160ca4640bf,047,12,73,"사다리꼴에서 평행선과 한 대각선의 길이"
"260710_도형의 닮음(2).pdf",ad0807c8f63488abf7d6179287f1dc66213ff83418ede0a7f6f52160ca4640bf,048,12,80,"사다리꼴에서 평행선과 한 대각선의 길이"
"260710_도형의 닮음(2).pdf",ad0807c8f63488abf7d6179287f1dc66213ff83418ede0a7f6f52160ca4640bf,049,13,72,"사다리꼴에서 평행선과 두 대각선의 길이(1) 평행선이 대각선의 교점을 지나지 않을 때"
"260710_도형의 닮음(2).pdf",ad0807c8f63488abf7d6179287f1dc66213ff83418ede0a7f6f52160ca4640bf,050,13,75,"사다리꼴에서 평행선과 두 대각선의 길이(1) 평행선이 대각선의 교점을 지나지 않을 때"
"260710_도형의 닮음(2).pdf",ad0807c8f63488abf7d6179287f1dc66213ff83418ede0a7f6f52160ca4640bf,051,13,69,"사다리꼴에서 평행선과 두 대각선의 길이(2) 평행선이 대각선의 교점을 지날 때"
"260710_도형의 닮음(2).pdf",ad0807c8f63488abf7d6179287f1dc66213ff83418ede0a7f6f52160ca4640bf,052,13,78,"사다리꼴에서 평행선과 두 대각선의 길이(2) 평행선이 대각선의 교점을 지날 때"
"260710_도형의 닮음(2).pdf",ad0807c8f63488abf7d6179287f1dc66213ff83418ede0a7f6f52160ca4640bf,053,14,72,"평행선 사이의 길이의 비의 응용"
"260710_도형의 닮음(2).pdf",ad0807c8f63488abf7d6179287f1dc66213ff83418ede0a7f6f52160ca4640bf,054,14,70,"평행선 사이의 길이의 비의 응용"
"260710_도형의 닮음(2).pdf",ad0807c8f63488abf7d6179287f1dc66213ff83418ede0a7f6f52160ca4640bf,055,14,87,"삼각형의 두 변의 중점을 연결한 선분의 성질(1)"
"260710_도형의 닮음(2).pdf",ad0807c8f63488abf7d6179287f1dc66213ff83418ede0a7f6f52160ca4640bf,056,14,63,"삼각형의 두 변의 중점을 연결한 선분의 성질(1)"
"260710_도형의 닮음(2).pdf",ad0807c8f63488abf7d6179287f1dc66213ff83418ede0a7f6f52160ca4640bf,057,15,82,"삼각형의 두 변의 중점을 연결한 선분의 성질(2)"
"260710_도형의 닮음(2).pdf",ad0807c8f63488abf7d6179287f1dc66213ff83418ede0a7f6f52160ca4640bf,058,15,82,"삼각형의 두 변의 중점을 연결한 선분의 성질(2)"
"260710_도형의 닮음(2).pdf",ad0807c8f63488abf7d6179287f1dc66213ff83418ede0a7f6f52160ca4640bf,059,15,87,"삼각형의 중점을 연결한 선분 응용(1) 중점"
"260710_도형의 닮음(2).pdf",ad0807c8f63488abf7d6179287f1dc66213ff83418ede0a7f6f52160ca4640bf,060,15,66,"삼각형의 중점을 연결한 선분 응용(1) 중점"
"260710_도형의 닮음(2).pdf",ad0807c8f63488abf7d6179287f1dc66213ff83418ede0a7f6f52160ca4640bf,061,16,89,"삼각형의 중점을 연결한 선분 응용(2) 삼등분선"
"260710_도형의 닮음(2).pdf",ad0807c8f63488abf7d6179287f1dc66213ff83418ede0a7f6f52160ca4640bf,062,16,65,"삼각형의 중점을 연결한 선분 응용(2) 삼등분선"
"260710_도형의 닮음(2).pdf",ad0807c8f63488abf7d6179287f1dc66213ff83418ede0a7f6f52160ca4640bf,063,16,67,"삼각형의 세 변의 중점을 연결한 삼각형"
"260710_도형의 닮음(2).pdf",ad0807c8f63488abf7d6179287f1dc66213ff83418ede0a7f6f52160ca4640bf,064,16,71,"삼각형의 세 변의 중점을 연결한 삼각형"
"260710_도형의 닮음(2).pdf",ad0807c8f63488abf7d6179287f1dc66213ff83418ede0a7f6f52160ca4640bf,065,17,82,"사각형의 각 변의 중점을 연결하여 만든 사각형"
"260710_도형의 닮음(2).pdf",ad0807c8f63488abf7d6179287f1dc66213ff83418ede0a7f6f52160ca4640bf,066,17,80,"사각형의 각 변의 중점을 연결하여 만든 사각형"
"260710_도형의 닮음(2).pdf",ad0807c8f63488abf7d6179287f1dc66213ff83418ede0a7f6f52160ca4640bf,067,17,79,"사다리꼴의 두 변의 중점을 연결한 선분의 성질"
"260710_도형의 닮음(2).pdf",ad0807c8f63488abf7d6179287f1dc66213ff83418ede0a7f6f52160ca4640bf,068,17,87,"사다리꼴의 두 변의 중점을 연결한 선분의 성질"
"260710_도형의 닮음(2).pdf",ad0807c8f63488abf7d6179287f1dc66213ff83418ede0a7f6f52160ca4640bf,069,18,65,"삼각형의 중선의 성질"
"260710_도형의 닮음(2).pdf",ad0807c8f63488abf7d6179287f1dc66213ff83418ede0a7f6f52160ca4640bf,070,18,58,"삼각형의 중선의 성질"
"260710_도형의 닮음(2).pdf",ad0807c8f63488abf7d6179287f1dc66213ff83418ede0a7f6f52160ca4640bf,071,18,65,"삼각형의 무게중심(1) △ABC의 무게중심"
"260710_도형의 닮음(2).pdf",ad0807c8f63488abf7d6179287f1dc66213ff83418ede0a7f6f52160ca4640bf,072,18,65,"삼각형의 무게중심(1) △ABC의 무게중심"
"260710_도형의 닮음(2).pdf",ad0807c8f63488abf7d6179287f1dc66213ff83418ede0a7f6f52160ca4640bf,073,19,74,"삼각형의 무게중심(2) △ABC, △GBC의 무게중심"
"260710_도형의 닮음(2).pdf",ad0807c8f63488abf7d6179287f1dc66213ff83418ede0a7f6f52160ca4640bf,074,19,79,"삼각형의 무게중심(2) △ABC, △GBC의 무게중심"
"260710_도형의 닮음(2).pdf",ad0807c8f63488abf7d6179287f1dc66213ff83418ede0a7f6f52160ca4640bf,075,19,78,"삼각형의 무게중심의 응용(1)"
"260710_도형의 닮음(2).pdf",ad0807c8f63488abf7d6179287f1dc66213ff83418ede0a7f6f52160ca4640bf,076,19,74,"삼각형의 무게중심의 응용(1)"
"260710_도형의 닮음(2).pdf",ad0807c8f63488abf7d6179287f1dc66213ff83418ede0a7f6f52160ca4640bf,077,20,70,"삼각형의 무게중심의 응용(2)"
"260710_도형의 닮음(2).pdf",ad0807c8f63488abf7d6179287f1dc66213ff83418ede0a7f6f52160ca4640bf,078,20,81,"삼각형의 무게중심의 응용(2)"
"260710_도형의 닮음(2).pdf",ad0807c8f63488abf7d6179287f1dc66213ff83418ede0a7f6f52160ca4640bf,079,20,71,"삼각형의 무게중심의 응용(3)"
"260710_도형의 닮음(2).pdf",ad0807c8f63488abf7d6179287f1dc66213ff83418ede0a7f6f52160ca4640bf,080,20,72,"삼각형의 무게중심의 응용(3)"
"260710_도형의 닮음(2).pdf",ad0807c8f63488abf7d6179287f1dc66213ff83418ede0a7f6f52160ca4640bf,081,21,75,"삼각형의 무게중심과 넓이의 관계(1) △ABC의 무게중심"
"260710_도형의 닮음(2).pdf",ad0807c8f63488abf7d6179287f1dc66213ff83418ede0a7f6f52160ca4640bf,082,21,60,"삼각형의 무게중심과 넓이의 관계(1) △ABC의 무게중심"
"260710_도형의 닮음(2).pdf",ad0807c8f63488abf7d6179287f1dc66213ff83418ede0a7f6f52160ca4640bf,083,21,82,"삼각형의 무게중심과 넓이의 관계(2) △ABC, △GBC의 무게중심"
"260710_도형의 닮음(2).pdf",ad0807c8f63488abf7d6179287f1dc66213ff83418ede0a7f6f52160ca4640bf,084,21,73,"삼각형의 무게중심과 넓이의 관계(2) △ABC, △GBC의 무게중심"
"260710_도형의 닮음(2).pdf",ad0807c8f63488abf7d6179287f1dc66213ff83418ede0a7f6f52160ca4640bf,085,22,70,"평행사변형에서 삼각형의 무게중심의 응용(1) 길이"
"260710_도형의 닮음(2).pdf",ad0807c8f63488abf7d6179287f1dc66213ff83418ede0a7f6f52160ca4640bf,086,22,74,"평행사변형에서 삼각형의 무게중심의 응용(1) 길이"
"260710_도형의 닮음(2).pdf",ad0807c8f63488abf7d6179287f1dc66213ff83418ede0a7f6f52160ca4640bf,087,22,89,"평행사변형에서 삼각형의 무게중심의 응용(2) 넓이"
"260710_도형의 닮음(2).pdf",ad0807c8f63488abf7d6179287f1dc66213ff83418ede0a7f6f52160ca4640bf,088,22,71,"평행사변형에서 삼각형의 무게중심의 응용(2) 넓이"
"260710_도형의 닮음(2).pdf",ad0807c8f63488abf7d6179287f1dc66213ff83418ede0a7f6f52160ca4640bf,089,23,69,"닮은 두 평면도형의 넓이의 비"
"260710_도형의 닮음(2).pdf",ad0807c8f63488abf7d6179287f1dc66213ff83418ede0a7f6f52160ca4640bf,090,23,76,"닮은 두 평면도형의 넓이의 비"
"260710_도형의 닮음(2).pdf",ad0807c8f63488abf7d6179287f1dc66213ff83418ede0a7f6f52160ca4640bf,091,23,90,"닮은 두 평면도형의 넓이의 비의 활용"
"260710_도형의 닮음(2).pdf",ad0807c8f63488abf7d6179287f1dc66213ff83418ede0a7f6f52160ca4640bf,092,23,80,"닮은 두 평면도형의 넓이의 비의 활용"
"260710_도형의 닮음(2).pdf",ad0807c8f63488abf7d6179287f1dc66213ff83418ede0a7f6f52160ca4640bf,093,24,72,"닮은 두 입체도형의 겉넓이의 비"
"260710_도형의 닮음(2).pdf",ad0807c8f63488abf7d6179287f1dc66213ff83418ede0a7f6f52160ca4640bf,094,24,74,"닮은 두 입체도형의 겉넓이의 비"
"260710_도형의 닮음(2).pdf",ad0807c8f63488abf7d6179287f1dc66213ff83418ede0a7f6f52160ca4640bf,095,24,75,"닮은 두 입체도형의 겉넓이의 비의 활용"
"260710_도형의 닮음(2).pdf",ad0807c8f63488abf7d6179287f1dc66213ff83418ede0a7f6f52160ca4640bf,096,24,78,"닮은 두 입체도형의 겉넓이의 비의 활용"
"260710_도형의 닮음(2).pdf",ad0807c8f63488abf7d6179287f1dc66213ff83418ede0a7f6f52160ca4640bf,097,25,68,"닮은 두 입체도형의 부피의 비"
"260710_도형의 닮음(2).pdf",ad0807c8f63488abf7d6179287f1dc66213ff83418ede0a7f6f52160ca4640bf,098,25,78,"닮은 두 입체도형의 부피의 비"
"260710_도형의 닮음(2).pdf",ad0807c8f63488abf7d6179287f1dc66213ff83418ede0a7f6f52160ca4640bf,099,25,46,"닮은 두 입체도형의 부피의 비의 활용"
"260710_도형의 닮음(2).pdf",ad0807c8f63488abf7d6179287f1dc66213ff83418ede0a7f6f52160ca4640bf,100,25,80,"닮은 두 입체도형의 부피의 비의 활용"
"260710_도형의 닮음(2).pdf",ad0807c8f63488abf7d6179287f1dc66213ff83418ede0a7f6f52160ca4640bf,101,26,81,"닮음의 활용(1) 높이의 측정"
"260710_도형의 닮음(2).pdf",ad0807c8f63488abf7d6179287f1dc66213ff83418ede0a7f6f52160ca4640bf,102,26,70,"닮음의 활용(1) 높이의 측정"
"260710_도형의 닮음(2).pdf",ad0807c8f63488abf7d6179287f1dc66213ff83418ede0a7f6f52160ca4640bf,103,26,71,"닮음의 활용(2) 축도와 축척"
"260710_도형의 닮음(2).pdf",ad0807c8f63488abf7d6179287f1dc66213ff83418ede0a7f6f52160ca4640bf,104,26,57,"닮음의 활용(2) 축도와 축척"
"260710_도형의 닮음(2).pdf",ad0807c8f63488abf7d6179287f1dc66213ff83418ede0a7f6f52160ca4640bf,105,27,85,"삼각형의 변의 길이 구하기(1)"
"260710_도형의 닮음(2).pdf",ad0807c8f63488abf7d6179287f1dc66213ff83418ede0a7f6f52160ca4640bf,106,27,54,"삼각형의 변의 길이 구하기(1)"
"260710_도형의 닮음(2).pdf",ad0807c8f63488abf7d6179287f1dc66213ff83418ede0a7f6f52160ca4640bf,107,27,86,"삼각형의 변의 길이 구하기(2)"
"260710_도형의 닮음(2).pdf",ad0807c8f63488abf7d6179287f1dc66213ff83418ede0a7f6f52160ca4640bf,108,27,41,"삼각형의 변의 길이 구하기(2)"
"260710_도형의 닮음(2).pdf",ad0807c8f63488abf7d6179287f1dc66213ff83418ede0a7f6f52160ca4640bf,109,28,69,"삼각형의 변의 길이 구하기(3)"
"260710_도형의 닮음(2).pdf",ad0807c8f63488abf7d6179287f1dc66213ff83418ede0a7f6f52160ca4640bf,110,28,69,"삼각형의 변의 길이 구하기(3)"
"260710_도형의 닮음(2).pdf",ad0807c8f63488abf7d6179287f1dc66213ff83418ede0a7f6f52160ca4640bf,111,28,66,"직각삼각형의 닮음과 피타고라스 정리"
"260710_도형의 닮음(2).pdf",ad0807c8f63488abf7d6179287f1dc66213ff83418ede0a7f6f52160ca4640bf,112,28,58,"직각삼각형의 닮음과 피타고라스 정리"
"260710_도형의 닮음(2).pdf",ad0807c8f63488abf7d6179287f1dc66213ff83418ede0a7f6f52160ca4640bf,113,29,81,"사각형에서 피타고라스 정리의 이용(1) 대각선을 그어 푸는 경우"
"260710_도형의 닮음(2).pdf",ad0807c8f63488abf7d6179287f1dc66213ff83418ede0a7f6f52160ca4640bf,114,29,73,"사각형에서 피타고라스 정리의 이용(2) 수선을 그어 푸는 경우"
"260710_도형의 닮음(2).pdf",ad0807c8f63488abf7d6179287f1dc66213ff83418ede0a7f6f52160ca4640bf,115,29,58,"사각형에서 피타고라스 정리의 이용(2) 수선을 그어 푸는 경우"
"260710_도형의 닮음(2).pdf",ad0807c8f63488abf7d6179287f1dc66213ff83418ede0a7f6f52160ca4640bf,116,29,76,"직사각형의 대각선의 길이"
"260710_도형의 닮음(2).pdf",ad0807c8f63488abf7d6179287f1dc66213ff83418ede0a7f6f52160ca4640bf,117,30,61,"직사각형의 대각선의 길이"
"260710_도형의 닮음(2).pdf",ad0807c8f63488abf7d6179287f1dc66213ff83418ede0a7f6f52160ca4640bf,118,30,83,"이등변삼각형의 높이와 넓이"
"260710_도형의 닮음(2).pdf",ad0807c8f63488abf7d6179287f1dc66213ff83418ede0a7f6f52160ca4640bf,119,30,85,"이등변삼각형의 높이와 넓이"
"260710_도형의 닮음(2).pdf",ad0807c8f63488abf7d6179287f1dc66213ff83418ede0a7f6f52160ca4640bf,120,30,69,"피타고라스 정리의 설명(1) 유클리드의 방법"
"260710_도형의 닮음(2).pdf",ad0807c8f63488abf7d6179287f1dc66213ff83418ede0a7f6f52160ca4640bf,121,31,65,"피타고라스 정리의 설명(1) 유클리드의 방법"
"260710_도형의 닮음(2).pdf",ad0807c8f63488abf7d6179287f1dc66213ff83418ede0a7f6f52160ca4640bf,122,31,89,"피타고라스 정리의 설명(2) 피타고라스의 방법"
"260710_도형의 닮음(2).pdf",ad0807c8f63488abf7d6179287f1dc66213ff83418ede0a7f6f52160ca4640bf,123,31,76,"피타고라스 정리의 설명(2) 피타고라스의 방법"
"260710_도형의 닮음(2).pdf",ad0807c8f63488abf7d6179287f1dc66213ff83418ede0a7f6f52160ca4640bf,124,31,81,"피타고라스 정리의 설명(3) 가필드의 방법"
"260710_도형의 닮음(2).pdf",ad0807c8f63488abf7d6179287f1dc66213ff83418ede0a7f6f52160ca4640bf,125,32,77,"피타고라스 정리의 설명(3) 가필드의 방법"
"260710_도형의 닮음(2).pdf",ad0807c8f63488abf7d6179287f1dc66213ff83418ede0a7f6f52160ca4640bf,126,32,78,"피타고라스 정리의 설명(4) 바스카라의 방법"
"260710_도형의 닮음(2).pdf",ad0807c8f63488abf7d6179287f1dc66213ff83418ede0a7f6f52160ca4640bf,127,32,77,"피타고라스 정리의 설명(4) 바스카라의 방법"
"260710_도형의 닮음(2).pdf",ad0807c8f63488abf7d6179287f1dc66213ff83418ede0a7f6f52160ca4640bf,128,32,89,"직각삼각형이 되기 위한 조건"
"260710_도형의 닮음(2).pdf",ad0807c8f63488abf7d6179287f1dc66213ff83418ede0a7f6f52160ca4640bf,129,33,91,"직각삼각형이 되기 위한 조건"
"260710_도형의 닮음(2).pdf",ad0807c8f63488abf7d6179287f1dc66213ff83418ede0a7f6f52160ca4640bf,130,33,78,"변의 길이에 따른 삼각형의 종류"
"260710_도형의 닮음(2).pdf",ad0807c8f63488abf7d6179287f1dc66213ff83418ede0a7f6f52160ca4640bf,131,33,91,"변의 길이에 따른 삼각형의 종류"
"260710_도형의 닮음(2).pdf",ad0807c8f63488abf7d6179287f1dc66213ff83418ede0a7f6f52160ca4640bf,132,33,70,"각의 크기에 따른 삼각형의 변의 길이"
"260710_도형의 닮음(2).pdf",ad0807c8f63488abf7d6179287f1dc66213ff83418ede0a7f6f52160ca4640bf,133,34,65,"피타고라스 정리의 활용(1) 직각삼각형"
"260710_도형의 닮음(2).pdf",ad0807c8f63488abf7d6179287f1dc66213ff83418ede0a7f6f52160ca4640bf,134,34,65,"피타고라스 정리의 활용(1) 직각삼각형"
"260710_도형의 닮음(2).pdf",ad0807c8f63488abf7d6179287f1dc66213ff83418ede0a7f6f52160ca4640bf,135,34,52,"피타고라스 정리의 활용(2) 사각형"
"260710_도형의 닮음(2).pdf",ad0807c8f63488abf7d6179287f1dc66213ff83418ede0a7f6f52160ca4640bf,136,34,51,"피타고라스 정리의 활용(2) 사각형"
"260710_도형의 닮음(2).pdf",ad0807c8f63488abf7d6179287f1dc66213ff83418ede0a7f6f52160ca4640bf,137,35,54,"피타고라스 정리의 활용(3) 직사각형 내부의 점"
"260710_도형의 닮음(2).pdf",ad0807c8f63488abf7d6179287f1dc66213ff83418ede0a7f6f52160ca4640bf,138,35,55,"피타고라스 정리의 활용(3) 직사각형 내부의 점"
"260710_도형의 닮음(2).pdf",ad0807c8f63488abf7d6179287f1dc66213ff83418ede0a7f6f52160ca4640bf,139,35,91,"피타고라스 정리의 활용(4) 직각삼각형의 세 반원 사이의 관계"
"260710_도형의 닮음(2).pdf",ad0807c8f63488abf7d6179287f1dc66213ff83418ede0a7f6f52160ca4640bf,140,35,92,"피타고라스 정리의 활용(4) 직각삼각형의 세 반원 사이의 관계"
"260710_도형의 닮음(2).pdf",ad0807c8f63488abf7d6179287f1dc66213ff83418ede0a7f6f52160ca4640bf,141,36,85,"피타고라스 정리의 활용(5) 히포크라테스의 원의 넓이"
"260710_도형의 닮음(2).pdf",ad0807c8f63488abf7d6179287f1dc66213ff83418ede0a7f6f52160ca4640bf,142,36,83,"피타고라스 정리의 활용(5) 히포크라테스의 원의 넓이"
"260710_도형의 닮음(2).pdf",ad0807c8f63488abf7d6179287f1dc66213ff83418ede0a7f6f52160ca4640bf,143,36,32,"피타고라스 나무 문제"
"260710_도형의 닮음(2).pdf",ad0807c8f63488abf7d6179287f1dc66213ff83418ede0a7f6f52160ca4640bf,144,36,31,"피타고라스 나무 문제"
"260710_도형의 닮음(2).pdf",ad0807c8f63488abf7d6179287f1dc66213ff83418ede0a7f6f52160ca4640bf,145,37,62,"종이접기와 피타고라스 정리"
"260710_도형의 닮음(2).pdf",ad0807c8f63488abf7d6179287f1dc66213ff83418ede0a7f6f52160ca4640bf,146,37,66,"종이접기와 피타고라스 정리"
"260710_도형의 닮음(2).pdf",ad0807c8f63488abf7d6179287f1dc66213ff83418ede0a7f6f52160ca4640bf,147,37,55,"입체도형에서의 피타고라스 정리"
"260710_도형의 닮음(2).pdf",ad0807c8f63488abf7d6179287f1dc66213ff83418ede0a7f6f52160ca4640bf,148,37,68,"입체도형에서의 피타고라스 정리"
"260710_도형의 닮음(2).pdf",ad0807c8f63488abf7d6179287f1dc66213ff83418ede0a7f6f52160ca4640bf,149,38,60,"원기둥에서의 최단 거리"
"260710_도형의 닮음(2).pdf",ad0807c8f63488abf7d6179287f1dc66213ff83418ede0a7f6f52160ca4640bf,150,38,31,"원기둥에서의 최단 거리"
