"series","bulk_batch_id","question_no","worksheet_label","assigned_problem_type_id","assigned_slot","assigned_pos","expected_slot","target_problem_type_id","target_type_name"
"10->27","SCSTUDY-2026-08-18-m2-simpy-01","052","평행선 사이의 길이의 비의 응용","M2_SIMPY_PT029","10","1","27","M2_SIMPY_PT080","평행선 사이 길이비의 종합 응용 - 비례식·정리 적용"
"10->27","SCSTUDY-2026-08-18-m2-simpy-01","053","평행선 사이의 길이의 비의 응용","M2_SIMPY_PT028","10","0","27","M2_SIMPY_PT079","평행선 사이 길이비의 종합 응용 - 개념·조건 판별"
"10->27","SCSTUDY-2026-08-18-m2-simpy-02","053","평행선 사이의 길이의 비의 응용","M2_SIMPY_PT029","10","1","27","M2_SIMPY_PT080","평행선 사이 길이비의 종합 응용 - 비례식·정리 적용"
"11->14","SCSTUDY-2026-08-18-m2-simpy-02","026","삼각형에서 평행선 사이의 선분의 길이의 비(1) 한 각이 공통각인 두 삼각형","M2_SIMPY_PT033","11","2","14","M2_SIMPY_PT042","평행선과 선분비 - 공통각 구조 - 복합 계산·증명"
"12->30","SCSTUDY-2026-08-18-m2-simpy-06","062","삼각형의 중점을 연결한 선분 응용(2) 삼등분선","M2_SIMPY_PT036","12","2","30","M2_SIMPY_PT090","중점연결정리의 삼등분선 응용 - 복합 계산·증명"
"13->14","SCSTUDY-2026-08-18-m2-simpy-03","023","삼각형에서 평행선 사이의 선분의 길이의 비(1) 한 각이 공통각인 두 삼각형","M2_SIMPY_PT038","13","1","14","M2_SIMPY_PT041","평행선과 선분비 - 공통각 구조 - 비례식·정리 적용"
"13->14","SCSTUDY-2026-08-18-m2-simpy-03","024","삼각형에서 평행선 사이의 선분의 길이의 비(1) 한 각이 공통각인 두 삼각형","M2_SIMPY_PT038","13","1","14","M2_SIMPY_PT041","평행선과 선분비 - 공통각 구조 - 비례식·정리 적용"
"13->14","SCSTUDY-2026-08-18-m2-simpy-03","025","삼각형에서 평행선 사이의 선분의 길이의 비(1) 한 각이 공통각인 두 삼각형","M2_SIMPY_PT038","13","1","14","M2_SIMPY_PT041","평행선과 선분비 - 공통각 구조 - 비례식·정리 적용"
"13->14","SCSTUDY-2026-08-18-m2-simpy-04","026","삼각형에서 평행선 사이의 선분의 길이의 비(1) 한 각이 공통각인 두 삼각형","M2_SIMPY_PT038","13","1","14","M2_SIMPY_PT041","평행선과 선분비 - 공통각 구조 - 비례식·정리 적용"
"13->14","SCSTUDY-2026-08-18-m2-simpy-04","027","삼각형에서 평행선 사이의 선분의 길이의 비(1) 한 각이 공통각인 두 삼각형","M2_SIMPY_PT038","13","1","14","M2_SIMPY_PT041","평행선과 선분비 - 공통각 구조 - 비례식·정리 적용"
"13->14","SCSTUDY-2026-08-18-m2-simpy-05","021","삼각형에서 평행선 사이의 선분의 길이의 비(1) 한 각이 공통각인 두 삼각형","M2_SIMPY_PT038","13","1","14","M2_SIMPY_PT041","평행선과 선분비 - 공통각 구조 - 비례식·정리 적용"
"13->14","SCSTUDY-2026-08-18-m2-simpy-05","022","삼각형에서 평행선 사이의 선분의 길이의 비(1) 한 각이 공통각인 두 삼각형","M2_SIMPY_PT038","13","1","14","M2_SIMPY_PT041","평행선과 선분비 - 공통각 구조 - 비례식·정리 적용"
"13->14","SCSTUDY-2026-08-18-m2-simpy-05","023","삼각형에서 평행선 사이의 선분의 길이의 비(1) 한 각이 공통각인 두 삼각형","M2_SIMPY_PT038","13","1","14","M2_SIMPY_PT041","평행선과 선분비 - 공통각 구조 - 비례식·정리 적용"
"13->15","SCSTUDY-2026-08-18-m2-simpy-03","026","삼각형에서 평행선 사이의 선분의 길이의 비(2) 한 각이 맞꼭지각인 두 삼각형","M2_SIMPY_PT038","13","1","15","M2_SIMPY_PT044","평행선과 선분비 - 맞꼭지각 구조 - 비례식·정리 적용"
"13->15","SCSTUDY-2026-08-18-m2-simpy-04","028","삼각형에서 평행선 사이의 선분의 길이의 비(2) 한 각이 맞꼭지각인 두 삼각형","M2_SIMPY_PT038","13","1","15","M2_SIMPY_PT044","평행선과 선분비 - 맞꼭지각 구조 - 비례식·정리 적용"
"13->15","SCSTUDY-2026-08-18-m2-simpy-04","029","삼각형에서 평행선 사이의 선분의 길이의 비(2) 한 각이 맞꼭지각인 두 삼각형","M2_SIMPY_PT038","13","1","15","M2_SIMPY_PT044","평행선과 선분비 - 맞꼭지각 구조 - 비례식·정리 적용"
"13->15","SCSTUDY-2026-08-18-m2-simpy-05","024","삼각형에서 평행선 사이의 선분의 길이의 비(2) 한 각이 맞꼭지각인 두 삼각형","M2_SIMPY_PT038","13","1","15","M2_SIMPY_PT044","평행선과 선분비 - 맞꼭지각 구조 - 비례식·정리 적용"
"13->15","SCSTUDY-2026-08-18-m2-simpy-05","025","삼각형에서 평행선 사이의 선분의 길이의 비(2) 한 각이 맞꼭지각인 두 삼각형","M2_SIMPY_PT038","13","1","15","M2_SIMPY_PT044","평행선과 선분비 - 맞꼭지각 구조 - 비례식·정리 적용"
"13->16","SCSTUDY-2026-08-18-m2-simpy-04","030","삼각형에서 평행선 사이의 선분의 길이의 비의 응용","M2_SIMPY_PT038","13","1","16","M2_SIMPY_PT047","삼각형에서 평행선 선분비 응용 - 비례식·정리 적용"
"13->16","SCSTUDY-2026-08-18-m2-simpy-04","031","삼각형에서 평행선 사이의 선분의 길이의 비의 응용","M2_SIMPY_PT038","13","1","16","M2_SIMPY_PT047","삼각형에서 평행선 선분비 응용 - 비례식·정리 적용"
"13->27","SCSTUDY-2026-08-18-m2-simpy-03","050","평행선 사이의 길이의 비의 응용","M2_SIMPY_PT038","13","1","27","M2_SIMPY_PT080","평행선 사이 길이비의 종합 응용 - 비례식·정리 적용"
"15->9","SCSTUDY-2026-08-18-m2-simpy-08","009","평행선에서 삼각형의 닮음 조건의 응용","M2_SIMPY_PT044","15","1","9","M2_SIMPY_PT026","평행선에서 삼각형의 닮음 찾기 - 비례식·정리 적용"
"33->23","SCSTUDY-2026-08-18-m2-simpy-08","045","사다리꼴에서 평행선 사이의 선분의 길이의 비","M2_SIMPY_PT098","33","1","23","M2_SIMPY_PT068","사다리꼴에서 평행선 선분비 - 비례식·정리 적용"
"33->24","SCSTUDY-2026-08-18-m2-simpy-08","046","사다리꼴에서 평행선과 한 대각선의 길이","M2_SIMPY_PT098","33","1","24","M2_SIMPY_PT071","사다리꼴과 한 대각선의 길이비 - 비례식·정리 적용"
"37->51","SCSTUDY-2026-08-18-m2-simpy-07","112","삼각형의 변의 길이 구하기(1)","M2_SIMPY_PT110","37","1","51","M2_SIMPY_PT152","피타고라스 정리로 삼각형의 변 구하기 - 비례식·정리 적용"
"37->51","SCSTUDY-2026-08-18-m2-simpy-08","116","삼각형의 변의 길이 구하기(1)","M2_SIMPY_PT110","37","1","51","M2_SIMPY_PT152","피타고라스 정리로 삼각형의 변 구하기 - 비례식·정리 적용"
"41->44","SCSTUDY-2026-08-18-m2-simpy-01","089","닮은 두 평면도형의 넓이의 비","M2_SIMPY_PT122","41","1","44","M2_SIMPY_PT131","닮은 평면도형의 넓이비 - 비례식·정리 적용"
"41->44","SCSTUDY-2026-08-18-m2-simpy-08","097","닮은 두 평면도형의 넓이의 비","M2_SIMPY_PT122","41","1","44","M2_SIMPY_PT131","닮은 평면도형의 넓이비 - 비례식·정리 적용"
"43->44","SCSTUDY-2026-08-18-m2-simpy-02","088","닮은 두 평면도형의 넓이의 비","M2_SIMPY_PT128","43","1","44","M2_SIMPY_PT131","닮은 평면도형의 넓이비 - 비례식·정리 적용"
"43->44","SCSTUDY-2026-08-18-m2-simpy-03","086","닮은 두 평면도형의 넓이의 비","M2_SIMPY_PT128","43","1","44","M2_SIMPY_PT131","닮은 평면도형의 넓이비 - 비례식·정리 적용"
"43->44","SCSTUDY-2026-08-18-m2-simpy-04","091","닮은 두 평면도형의 넓이의 비","M2_SIMPY_PT128","43","1","44","M2_SIMPY_PT131","닮은 평면도형의 넓이비 - 비례식·정리 적용"
"43->44","SCSTUDY-2026-08-18-m2-simpy-05","089","닮은 두 평면도형의 넓이의 비","M2_SIMPY_PT128","43","1","44","M2_SIMPY_PT131","닮은 평면도형의 넓이비 - 비례식·정리 적용"
"44->46","SCSTUDY-2026-08-18-m2-simpy-02","092","닮은 두 입체도형의 겉넓이의 비","M2_SIMPY_PT131","44","1","46","M2_SIMPY_PT137","닮은 두 입체도형의 겉넓이의 비 - 비례식·정리 적용"
"45->47","SCSTUDY-2026-08-18-m2-simpy-03","091","닮은 두 입체도형의 겉넓이의 비의 활용","M2_SIMPY_PT133","45","0","47","M2_SIMPY_PT139","닮은 입체도형 겉넓이비의 활용 - 개념·조건 판별"
"45->47","SCSTUDY-2026-08-18-m2-simpy-03","092","닮은 두 입체도형의 겉넓이의 비의 활용","M2_SIMPY_PT133","45","0","47","M2_SIMPY_PT139","닮은 입체도형 겉넓이비의 활용 - 개념·조건 판별"
"45->47","SCSTUDY-2026-08-18-m2-simpy-04","094","닮은 두 입체도형의 겉넓이의 비의 활용","M2_SIMPY_PT133","45","0","47","M2_SIMPY_PT139","닮은 입체도형 겉넓이비의 활용 - 개념·조건 판별"
"45->47","SCSTUDY-2026-08-18-m2-simpy-04","095","닮은 두 입체도형의 겉넓이의 비의 활용","M2_SIMPY_PT133","45","0","47","M2_SIMPY_PT139","닮은 입체도형 겉넓이비의 활용 - 개념·조건 판별"
"45->47","SCSTUDY-2026-08-18-m2-simpy-05","091","닮은 두 입체도형의 겉넓이의 비의 활용","M2_SIMPY_PT133","45","0","47","M2_SIMPY_PT139","닮은 입체도형 겉넓이비의 활용 - 개념·조건 판별"
"45->47","SCSTUDY-2026-08-18-m2-simpy-05","092","닮은 두 입체도형의 겉넓이의 비의 활용","M2_SIMPY_PT133","45","0","47","M2_SIMPY_PT139","닮은 입체도형 겉넓이비의 활용 - 개념·조건 판별"
"45->47","SCSTUDY-2026-08-18-m2-simpy-06","097","닮은 두 입체도형의 겉넓이의 비의 활용","M2_SIMPY_PT135","45","2","47","M2_SIMPY_PT141","닮은 입체도형 겉넓이비의 활용 - 복합 계산·증명"
"45->47","SCSTUDY-2026-08-18-m2-simpy-06","098","닮은 두 입체도형의 겉넓이의 비의 활용","M2_SIMPY_PT135","45","2","47","M2_SIMPY_PT141","닮은 입체도형 겉넓이비의 활용 - 복합 계산·증명"
"45->50","SCSTUDY-2026-08-18-m2-simpy-01","103","닮음의 활용(2) 축도와 축척","M2_SIMPY_PT135","45","2","50","M2_SIMPY_PT150","닮음의 실생활 활용 - 높이·축척 - 복합 계산·증명"
"45->50","SCSTUDY-2026-08-18-m2-simpy-02","102","닮음의 활용(2) 축도와 축척","M2_SIMPY_PT135","45","2","50","M2_SIMPY_PT150","닮음의 실생활 활용 - 높이·축척 - 복합 계산·증명"
"47->48","SCSTUDY-2026-08-18-m2-simpy-03","093","닮은 두 입체도형의 부피의 비","M2_SIMPY_PT140","47","1","48","M2_SIMPY_PT143","닮은 입체도형의 부피비 - 비례식·정리 적용"
"47->48","SCSTUDY-2026-08-18-m2-simpy-03","094","닮은 두 입체도형의 부피의 비","M2_SIMPY_PT140","47","1","48","M2_SIMPY_PT143","닮은 입체도형의 부피비 - 비례식·정리 적용"
"47->48","SCSTUDY-2026-08-18-m2-simpy-03","095","닮은 두 입체도형의 부피의 비","M2_SIMPY_PT140","47","1","48","M2_SIMPY_PT143","닮은 입체도형의 부피비 - 비례식·정리 적용"
"47->48","SCSTUDY-2026-08-18-m2-simpy-04","096","닮은 두 입체도형의 부피의 비","M2_SIMPY_PT140","47","1","48","M2_SIMPY_PT143","닮은 입체도형의 부피비 - 비례식·정리 적용"
"47->48","SCSTUDY-2026-08-18-m2-simpy-04","097","닮은 두 입체도형의 부피의 비","M2_SIMPY_PT140","47","1","48","M2_SIMPY_PT143","닮은 입체도형의 부피비 - 비례식·정리 적용"
"47->48","SCSTUDY-2026-08-18-m2-simpy-04","098","닮은 두 입체도형의 부피의 비","M2_SIMPY_PT140","47","1","48","M2_SIMPY_PT143","닮은 입체도형의 부피비 - 비례식·정리 적용"
"47->48","SCSTUDY-2026-08-18-m2-simpy-05","093","닮은 두 입체도형의 부피의 비","M2_SIMPY_PT140","47","1","48","M2_SIMPY_PT143","닮은 입체도형의 부피비 - 비례식·정리 적용"
"47->48","SCSTUDY-2026-08-18-m2-simpy-05","094","닮은 두 입체도형의 부피의 비","M2_SIMPY_PT140","47","1","48","M2_SIMPY_PT143","닮은 입체도형의 부피비 - 비례식·정리 적용"
"47->48","SCSTUDY-2026-08-18-m2-simpy-05","095","닮은 두 입체도형의 부피의 비","M2_SIMPY_PT140","47","1","48","M2_SIMPY_PT143","닮은 입체도형의 부피비 - 비례식·정리 적용"
"49->50","SCSTUDY-2026-08-18-m2-simpy-03","099","닮음의 활용(1) 높이의 측정","M2_SIMPY_PT146","49","1","50","M2_SIMPY_PT149","닮음의 실생활 활용 - 높이·축척 - 비례식·정리 적용"
"49->50","SCSTUDY-2026-08-18-m2-simpy-03","100","닮음의 활용(1) 높이의 측정","M2_SIMPY_PT146","49","1","50","M2_SIMPY_PT149","닮음의 실생활 활용 - 높이·축척 - 비례식·정리 적용"
"49->50","SCSTUDY-2026-08-18-m2-simpy-04","101","닮음의 활용(1) 높이의 측정","M2_SIMPY_PT146","49","1","50","M2_SIMPY_PT149","닮음의 실생활 활용 - 높이·축척 - 비례식·정리 적용"
"49->50","SCSTUDY-2026-08-18-m2-simpy-04","102","닮음의 활용(1) 높이의 측정","M2_SIMPY_PT146","49","1","50","M2_SIMPY_PT149","닮음의 실생활 활용 - 높이·축척 - 비례식·정리 적용"
"49->50","SCSTUDY-2026-08-18-m2-simpy-05","098","닮음의 활용(1) 높이의 측정","M2_SIMPY_PT146","49","1","50","M2_SIMPY_PT149","닮음의 실생활 활용 - 높이·축척 - 비례식·정리 적용"
"49->50","SCSTUDY-2026-08-18-m2-simpy-05","099","닮음의 활용(1) 높이의 측정","M2_SIMPY_PT146","49","1","50","M2_SIMPY_PT149","닮음의 실생활 활용 - 높이·축척 - 비례식·정리 적용"
"51->57","SCSTUDY-2026-08-18-m2-simpy-06","137","피타고라스 정리의 활용(1) 직각삼각형","M2_SIMPY_PT153","51","2","57","M2_SIMPY_PT171","평면도형에서 피타고라스 정리의 활용 - 복합 계산·증명"
"51->57","SCSTUDY-2026-08-18-m2-simpy-06","138","피타고라스 정리의 활용(1) 직각삼각형","M2_SIMPY_PT153","51","2","57","M2_SIMPY_PT171","평면도형에서 피타고라스 정리의 활용 - 복합 계산·증명"
"51->57","SCSTUDY-2026-08-18-m2-simpy-07","138","피타고라스 정리의 활용(1) 직각삼각형","M2_SIMPY_PT153","51","2","57","M2_SIMPY_PT171","평면도형에서 피타고라스 정리의 활용 - 복합 계산·증명"
"51->57","SCSTUDY-2026-08-18-m2-simpy-07","139","피타고라스 정리의 활용(1) 직각삼각형","M2_SIMPY_PT153","51","2","57","M2_SIMPY_PT171","평면도형에서 피타고라스 정리의 활용 - 복합 계산·증명"
"51->57","SCSTUDY-2026-08-18-m2-simpy-08","142","피타고라스 정리의 활용(1) 직각삼각형","M2_SIMPY_PT153","51","2","57","M2_SIMPY_PT171","평면도형에서 피타고라스 정리의 활용 - 복합 계산·증명"
"51->57","SCSTUDY-2026-08-18-m2-simpy-08","143","피타고라스 정리의 활용(1) 직각삼각형","M2_SIMPY_PT153","51","2","57","M2_SIMPY_PT171","평면도형에서 피타고라스 정리의 활용 - 복합 계산·증명"
"51->57","SCSTUDY-2026-08-18-m2-simpy-08","144","피타고라스 정리의 활용(1) 직각삼각형","M2_SIMPY_PT153","51","2","57","M2_SIMPY_PT171","평면도형에서 피타고라스 정리의 활용 - 복합 계산·증명"
"52->57","SCSTUDY-2026-08-18-m2-simpy-02","134","피타고라스 정리의 활용(1) 직각삼각형","M2_SIMPY_PT156","52","2","57","M2_SIMPY_PT171","평면도형에서 피타고라스 정리의 활용 - 복합 계산·증명"
"52->57","SCSTUDY-2026-08-18-m2-simpy-07","137","피타고라스 정리의 활용(1) 직각삼각형","M2_SIMPY_PT156","52","2","57","M2_SIMPY_PT171","평면도형에서 피타고라스 정리의 활용 - 복합 계산·증명"
"52->58","SCSTUDY-2026-08-18-m2-simpy-01","145","종이접기와 피타고라스 정리","M2_SIMPY_PT156","52","2","58","M2_SIMPY_PT174","히포크라테스·피타고라스 나무·종이접기 - 복합 계산·증명"
"52->59","SCSTUDY-2026-08-18-m2-simpy-06","147","입체도형에서의 피타고라스 정리","M2_SIMPY_PT156","52","2","59","M2_SIMPY_PT177","입체도형과 원기둥 최단거리 - 복합 계산·증명"
"52->59","SCSTUDY-2026-08-18-m2-simpy-06","149","입체도형에서의 피타고라스 정리","M2_SIMPY_PT156","52","2","59","M2_SIMPY_PT177","입체도형과 원기둥 최단거리 - 복합 계산·증명"
"52->59","SCSTUDY-2026-08-18-m2-simpy-08","150","입체도형에서의 피타고라스 정리","M2_SIMPY_PT156","52","2","59","M2_SIMPY_PT177","입체도형과 원기둥 최단거리 - 복합 계산·증명"
"53->57","SCSTUDY-2026-08-18-m2-simpy-01","135","피타고라스 정리의 활용(2) 사각형","M2_SIMPY_PT159","53","2","57","M2_SIMPY_PT171","평면도형에서 피타고라스 정리의 활용 - 복합 계산·증명"
"53->57","SCSTUDY-2026-08-18-m2-simpy-01","136","피타고라스 정리의 활용(2) 사각형","M2_SIMPY_PT159","53","2","57","M2_SIMPY_PT171","평면도형에서 피타고라스 정리의 활용 - 복합 계산·증명"
"53->57","SCSTUDY-2026-08-18-m2-simpy-02","135","피타고라스 정리의 활용(2) 사각형","M2_SIMPY_PT159","53","2","57","M2_SIMPY_PT171","평면도형에서 피타고라스 정리의 활용 - 복합 계산·증명"
"53->57","SCSTUDY-2026-08-18-m2-simpy-02","136","피타고라스 정리의 활용(2) 사각형","M2_SIMPY_PT159","53","2","57","M2_SIMPY_PT171","평면도형에서 피타고라스 정리의 활용 - 복합 계산·증명"
"53->57","SCSTUDY-2026-08-18-m2-simpy-06","140","피타고라스 정리의 활용(2) 사각형","M2_SIMPY_PT159","53","2","57","M2_SIMPY_PT171","평면도형에서 피타고라스 정리의 활용 - 복합 계산·증명"
"53->57","SCSTUDY-2026-08-18-m2-simpy-06","141","피타고라스 정리의 활용(2) 사각형","M2_SIMPY_PT158","53","1","57","M2_SIMPY_PT170","평면도형에서 피타고라스 정리의 활용 - 비례식·정리 적용"
"53->57","SCSTUDY-2026-08-18-m2-simpy-07","140","피타고라스 정리의 활용(2) 사각형","M2_SIMPY_PT158","53","1","57","M2_SIMPY_PT170","평면도형에서 피타고라스 정리의 활용 - 비례식·정리 적용"
"53->57","SCSTUDY-2026-08-18-m2-simpy-07","141","피타고라스 정리의 활용(2) 사각형","M2_SIMPY_PT158","53","1","57","M2_SIMPY_PT170","평면도형에서 피타고라스 정리의 활용 - 비례식·정리 적용"
"53->57","SCSTUDY-2026-08-18-m2-simpy-07","142","피타고라스 정리의 활용(2) 사각형","M2_SIMPY_PT157","53","0","57","M2_SIMPY_PT169","평면도형에서 피타고라스 정리의 활용 - 개념·조건 판별"
"53->57","SCSTUDY-2026-08-18-m2-simpy-08","145","피타고라스 정리의 활용(2) 사각형","M2_SIMPY_PT158","53","1","57","M2_SIMPY_PT170","평면도형에서 피타고라스 정리의 활용 - 비례식·정리 적용"
"53->57","SCSTUDY-2026-08-18-m2-simpy-08","146","피타고라스 정리의 활용(2) 사각형","M2_SIMPY_PT158","53","1","57","M2_SIMPY_PT170","평면도형에서 피타고라스 정리의 활용 - 비례식·정리 적용"
"57->52","SCSTUDY-2026-08-18-m2-simpy-01","110","직각삼각형의 닮음과 피타고라스 정리","M2_SIMPY_PT170","57","1","52","M2_SIMPY_PT155","직각삼각형의 닮음과 피타고라스 정리 - 비례식·정리 적용"
"57->52","SCSTUDY-2026-08-18-m2-simpy-02","109","직각삼각형의 닮음과 피타고라스 정리","M2_SIMPY_PT170","57","1","52","M2_SIMPY_PT155","직각삼각형의 닮음과 피타고라스 정리 - 비례식·정리 적용"
"57->52","SCSTUDY-2026-08-18-m2-simpy-06","119","직각삼각형의 닮음과 피타고라스 정리","M2_SIMPY_PT170","57","1","52","M2_SIMPY_PT155","직각삼각형의 닮음과 피타고라스 정리 - 비례식·정리 적용"
"57->53","SCSTUDY-2026-08-18-m2-simpy-01","114","사각형에서 피타고라스 정리의 이용(2) 수선을 그어 푸는 경우","M2_SIMPY_PT170","57","1","53","M2_SIMPY_PT158","사각형·직사각형에서 피타고라스 정리 - 비례식·정리 적용"
"57->53","SCSTUDY-2026-08-18-m2-simpy-06","120","사각형에서 피타고라스 정리의 이용(2) 수선을 그어 푸는 경우","M2_SIMPY_PT171","57","2","53","M2_SIMPY_PT159","사각형·직사각형에서 피타고라스 정리 - 복합 계산·증명"
"57->53","SCSTUDY-2026-08-18-m2-simpy-06","121","사각형에서 피타고라스 정리의 이용(2) 수선을 그어 푸는 경우","M2_SIMPY_PT170","57","1","53","M2_SIMPY_PT158","사각형·직사각형에서 피타고라스 정리 - 비례식·정리 적용"
"57->53","SCSTUDY-2026-08-18-m2-simpy-07","120","사각형에서 피타고라스 정리의 이용(2) 수선을 그어 푸는 경우","M2_SIMPY_PT171","57","2","53","M2_SIMPY_PT159","사각형·직사각형에서 피타고라스 정리 - 복합 계산·증명"
"57->53","SCSTUDY-2026-08-18-m2-simpy-07","121","사각형에서 피타고라스 정리의 이용(2) 수선을 그어 푸는 경우","M2_SIMPY_PT170","57","1","53","M2_SIMPY_PT158","사각형·직사각형에서 피타고라스 정리 - 비례식·정리 적용"
"57->53","SCSTUDY-2026-08-18-m2-simpy-07","122","사각형에서 피타고라스 정리의 이용(2) 수선을 그어 푸는 경우","M2_SIMPY_PT171","57","2","53","M2_SIMPY_PT159","사각형·직사각형에서 피타고라스 정리 - 복합 계산·증명"
"57->53","SCSTUDY-2026-08-18-m2-simpy-07","123","직사각형의 대각선의 길이","M2_SIMPY_PT171","57","2","53","M2_SIMPY_PT159","사각형·직사각형에서 피타고라스 정리 - 복합 계산·증명"
"57->53","SCSTUDY-2026-08-18-m2-simpy-08","124","사각형에서 피타고라스 정리의 이용(2) 수선을 그어 푸는 경우","M2_SIMPY_PT170","57","1","53","M2_SIMPY_PT158","사각형·직사각형에서 피타고라스 정리 - 비례식·정리 적용"
"57->53","SCSTUDY-2026-08-18-m2-simpy-08","125","사각형에서 피타고라스 정리의 이용(2) 수선을 그어 푸는 경우","M2_SIMPY_PT171","57","2","53","M2_SIMPY_PT159","사각형·직사각형에서 피타고라스 정리 - 복합 계산·증명"
"57->53","SCSTUDY-2026-08-18-m2-simpy-08","126","직사각형의 대각선의 길이","M2_SIMPY_PT170","57","1","53","M2_SIMPY_PT158","사각형·직사각형에서 피타고라스 정리 - 비례식·정리 적용"
"57->53","SCSTUDY-2026-08-18-m2-simpy-08","127","직사각형의 대각선의 길이","M2_SIMPY_PT170","57","1","53","M2_SIMPY_PT158","사각형·직사각형에서 피타고라스 정리 - 비례식·정리 적용"
"57->54","SCSTUDY-2026-08-18-m2-simpy-07","127","이등변삼각형의 높이와 넓이","M2_SIMPY_PT171","57","2","54","M2_SIMPY_PT162","이등변삼각형의 높이와 넓이 - 복합 계산·증명"
"57->54","SCSTUDY-2026-08-18-m2-simpy-08","129","이등변삼각형의 높이와 넓이","M2_SIMPY_PT170","57","1","54","M2_SIMPY_PT161","이등변삼각형의 높이와 넓이 - 비례식·정리 적용"
"57->55","SCSTUDY-2026-08-18-m2-simpy-01","122","피타고라스 정리의 설명(2) 피타고라스의 방법","M2_SIMPY_PT170","57","1","55","M2_SIMPY_PT164","피타고라스 정리의 여러 증명 - 비례식·정리 적용"
"58->55","SCSTUDY-2026-08-18-m2-simpy-02","125","피타고라스 정리의 설명(4) 바스카라의 방법","M2_SIMPY_PT174","58","2","55","M2_SIMPY_PT165","피타고라스 정리의 여러 증명 - 복합 계산·증명"
"58->55","SCSTUDY-2026-08-18-m2-simpy-02","126","피타고라스 정리의 설명(4) 바스카라의 방법","M2_SIMPY_PT174","58","2","55","M2_SIMPY_PT165","피타고라스 정리의 여러 증명 - 복합 계산·증명"
"8->2","SCSTUDY-2026-08-18-m2-simpy-06","001","평면도형에서 닮음비의 응용","M2_SIMPY_PT023","8","1","2","M2_SIMPY_PT005","평면도형의 닮음비 계산과 활용 - 비례식·정리 적용"
"8->2","SCSTUDY-2026-08-18-m2-simpy-08","003","평면도형에서 닮음비의 응용","M2_SIMPY_PT023","8","1","2","M2_SIMPY_PT005","평면도형의 닮음비 계산과 활용 - 비례식·정리 적용"
"9->14","SCSTUDY-2026-08-18-m2-simpy-07","022","삼각형에서 평행선 사이의 선분의 길이의 비(1) 한 각이 공통각인 두 삼각형","M2_SIMPY_PT026","9","1","14","M2_SIMPY_PT041","평행선과 선분비 - 공통각 구조 - 비례식·정리 적용"
