"batch","question_no","accuracy_percent","difficulty","question_text","answer","source_note","explanation"
"SCSTUDY-2026-08-21-m2-simpy-0710-02","005","67","advanced","다음과 같이 닮은 삼각기둥에서 AB와 GH, BC와 HI, AC와 GI가 서로 대응한다고 할 때, 다음 중 옳은 것의 기호를 써라.
㉠ △ABC와 △GHI의 닮음비는 5 : 3이다.
㉡ △DEF ≡ △JKL
㉢ ∠ABC ≠ ∠GHI
㉣ HI/BC = GH/AB = GI/AC
㉤ GH/AB = HI/BC = JK/BE
그림 정보: 큰 삼각기둥의 BC=16, 작은 삼각기둥의 HI=8이다.","㉤","유형후보: 닮은 삼각기둥의 닮음비·대응각·대응변 비 관계 판별하기 (BC=16, HI=8) | 메모: PDF 유형명 '입체도형에서 닮음의 성질', 정답률 67%","㉠ 2 : 1이다.
㉡ △DEF∽△JKL
㉢ ∠ABC=∠GHI
㉣ GH/AB = HI/BC = JK/DE"
"SCSTUDY-2026-08-21-m2-simpy-0710-03","005","88","basic","다음 그림에서 두 삼각뿔 V-ABC와 V'-A'B'C'이 닮은꼴일 때, 보기에서 맞는 것을 고르면?
그림 정보: VA=6cm, BC=3cm, V'A'=8cm, A'B'=4cm로 표시되어 있다.
보기
㉠ AB의 대응변은 A'B'이다.
㉡ 면 VBC에 대응하는 면은 면 V'A'B'이다.
㉢ 닮음비는 2:1이다.
㉣ 닮음비는 3:4이다.
㉤ 면 VAB에 대응하는 면은 면 V'A'B'이다.
① ㉠, ㉡, ㉢  ② ㉠, ㉡, ㉣  ③ ㉡, ㉢, ㉤  ④ ㉠, ㉣, ㉤  ⑤ ㉢, ㉣, ㉤","④","유형후보: 닮은 삼각뿔의 대응 모서리·대응 면과 닮음비 판단하기 (6cm:8cm=3:4) | 메모: PDF 유형명 '입체도형에서 닮음의 성질', 정답률 88%","㉡ 면 VBC에 대응하는 면은 면 V'B'C'이다.
㉢ 닮음비는 3:4이다."
"SCSTUDY-2026-08-21-m2-simpy-0710-01","007","68","advanced","다음 그림의 삼각뿔 O-ABC에서 △A'B'C'을 포함하는 평면과 △ABC를 포함하는 평면이 서로 평행할 때, O-ABC와 O-A'B'C'의 닮음비는?
그림 정보: A'은 OA 위, B'은 OB 위, C'은 OC 위의 점이고 OA'=3, A'A=5, OC'=2, A'B'=2이다.
① 3:5 ② 5:2 ③ 8:3 ④ 5:3 ⑤ 3:8","③","유형후보: 평행 단면으로 생긴 두 삼각뿔의 닮음비 구하기 (OA'=3, A'A=5) | 메모: PDF 유형명 '입체도형에서 닮음의 성질', 정답률 68%, PDF 해설 오타로 보임(OA'→OP)","두 입체도형 O-ABC와 O-A'B'C'이 닮음이므로 닮음비는 OA:OP=8:3이다."
"SCSTUDY-2026-08-21-m2-simpy-0710-01","008","69","advanced","다음 그림의 사각뿔 O-ABCD에서 □A'B'C'D'을 포함하는 평면과 □ABCD를 포함하는 평면이 서로 평행할 때, O-ABCD와 O-A'B'C'D'의 닮음비는?
그림 정보: A', B', C', D'은 각각 OA, OB, OC, OD 위의 점이고 OC'=3, C'C=4이다.
① 3:4 ② 4:3 ③ 3:7 ④ 7:3 ⑤ 3:5","④","유형후보: 평행 단면으로 생긴 두 사각뿔의 닮음비 구하기 (OC'=3, C'C=4) | 메모: PDF 유형명 '입체도형에서 닮음의 성질', 정답률 69%","두 입체도형 O-ABCD와 O-A'B'C'D'이 닮음이므로 닮음비는 OC:OC'=7:3이다."
