verdict,bulk_batch_id,set_declared,question_no,assigned_slot,expected_slot,family,worksheet_label,assigned_base,expected_base
BASE,SCSTUDY-2026-08-18-m2-simpy-01,set01,052,10,27,DIFF-family,"평행선 사이의 길이의 비의 응용","직각삼각형의 닮음 - 공통각 구조","평행선 사이 길이비의 종합 응용"
BASE,SCSTUDY-2026-08-18-m2-simpy-01,set01,053,10,27,DIFF-family,"평행선 사이의 길이의 비의 응용","직각삼각형의 닮음 - 공통각 구조","평행선 사이 길이비의 종합 응용"
BASE,SCSTUDY-2026-08-18-m2-simpy-01,set01,089,41,44,DIFF-family,"닮은 두 평면도형의 넓이의 비","두 무게중심과 넓이 관계","닮은 평면도형의 넓이비"
BASE,SCSTUDY-2026-08-18-m2-simpy-01,set01,103,45,50,DIFF-family,"닮음의 활용(2) 축도와 축척","닮은 평면도형 넓이비의 활용","닮음의 실생활 활용 - 높이·축척"
BASE,SCSTUDY-2026-08-18-m2-simpy-01,set01,110,57,52,DIFF-family,"직각삼각형의 닮음과 피타고라스 정리","평면도형에서 피타고라스 정리의 활용","직각삼각형의 닮음과 피타고라스 정리"
BASE,SCSTUDY-2026-08-18-m2-simpy-01,set01,114,57,53,DIFF-family,"사각형에서 피타고라스 정리의 이용(2) 수선을 그어 푸는 경우","평면도형에서 피타고라스 정리의 활용","사각형·직사각형에서 피타고라스 정리"
BASE,SCSTUDY-2026-08-18-m2-simpy-01,set01,122,57,55,DIFF-family,"피타고라스 정리의 설명(2) 피타고라스의 방법","평면도형에서 피타고라스 정리의 활용","피타고라스 정리의 여러 증명"
BASE,SCSTUDY-2026-08-18-m2-simpy-01,set01,135,53,57,DIFF-family,"피타고라스 정리의 활용(2) 사각형","사각형·직사각형에서 피타고라스 정리","평면도형에서 피타고라스 정리의 활용"
BASE,SCSTUDY-2026-08-18-m2-simpy-01,set01,136,53,57,DIFF-family,"피타고라스 정리의 활용(2) 사각형","사각형·직사각형에서 피타고라스 정리","평면도형에서 피타고라스 정리의 활용"
BASE,SCSTUDY-2026-08-18-m2-simpy-01,set01,145,52,58,DIFF-family,"종이접기와 피타고라스 정리","직각삼각형의 닮음과 피타고라스 정리","히포크라테스·피타고라스 나무·종이접기"
BASE,SCSTUDY-2026-08-18-m2-simpy-02,set02,026,11,14,DIFF-family,"삼각형에서 평행선 사이의 선분의 길이의 비(1) 한 각이 공통각인 두 삼각형","직각삼각형의 닮음 - 같은 예각 구조","평행선과 선분비 - 공통각 구조"
BASE,SCSTUDY-2026-08-18-m2-simpy-02,set02,053,10,27,DIFF-family,"평행선 사이의 길이의 비의 응용","직각삼각형의 닮음 - 공통각 구조","평행선 사이 길이비의 종합 응용"
BASE,SCSTUDY-2026-08-18-m2-simpy-02,set02,088,43,44,DIFF-family,"닮은 두 평면도형의 넓이의 비","평행사변형에서 무게중심과 넓이","닮은 평면도형의 넓이비"
BASE,SCSTUDY-2026-08-18-m2-simpy-02,set02,092,44,46,DIFF-family,"닮은 두 입체도형의 겉넓이의 비","닮은 평면도형의 넓이비","닮은 두 입체도형의 겉넓이의 비"
BASE,SCSTUDY-2026-08-18-m2-simpy-02,set02,102,45,50,DIFF-family,"닮음의 활용(2) 축도와 축척","닮은 평면도형 넓이비의 활용","닮음의 실생활 활용 - 높이·축척"
BASE,SCSTUDY-2026-08-18-m2-simpy-02,set02,109,57,52,DIFF-family,"직각삼각형의 닮음과 피타고라스 정리","평면도형에서 피타고라스 정리의 활용","직각삼각형의 닮음과 피타고라스 정리"
BASE,SCSTUDY-2026-08-18-m2-simpy-02,set02,125,58,55,DIFF-family,"피타고라스 정리의 설명(4) 바스카라의 방법","히포크라테스·피타고라스 나무·종이접기","피타고라스 정리의 여러 증명"
BASE,SCSTUDY-2026-08-18-m2-simpy-02,set02,126,58,55,DIFF-family,"피타고라스 정리의 설명(4) 바스카라의 방법","히포크라테스·피타고라스 나무·종이접기","피타고라스 정리의 여러 증명"
BASE,SCSTUDY-2026-08-18-m2-simpy-02,set02,134,52,57,DIFF-family,"피타고라스 정리의 활용(1) 직각삼각형","직각삼각형의 닮음과 피타고라스 정리","평면도형에서 피타고라스 정리의 활용"
BASE,SCSTUDY-2026-08-18-m2-simpy-02,set02,135,53,57,DIFF-family,"피타고라스 정리의 활용(2) 사각형","사각형·직사각형에서 피타고라스 정리","평면도형에서 피타고라스 정리의 활용"
BASE,SCSTUDY-2026-08-18-m2-simpy-02,set02,136,53,57,DIFF-family,"피타고라스 정리의 활용(2) 사각형","사각형·직사각형에서 피타고라스 정리","평면도형에서 피타고라스 정리의 활용"
BASE,SCSTUDY-2026-08-18-m2-simpy-03,set03,023,13,14,DIFF-family,"삼각형에서 평행선 사이의 선분의 길이의 비(1) 한 각이 공통각인 두 삼각형","종이접기에서 닮은 삼각형 찾기","평행선과 선분비 - 공통각 구조"
BASE,SCSTUDY-2026-08-18-m2-simpy-03,set03,024,13,14,DIFF-family,"삼각형에서 평행선 사이의 선분의 길이의 비(1) 한 각이 공통각인 두 삼각형","종이접기에서 닮은 삼각형 찾기","평행선과 선분비 - 공통각 구조"
BASE,SCSTUDY-2026-08-18-m2-simpy-03,set03,025,13,14,DIFF-family,"삼각형에서 평행선 사이의 선분의 길이의 비(1) 한 각이 공통각인 두 삼각형","종이접기에서 닮은 삼각형 찾기","평행선과 선분비 - 공통각 구조"
BASE,SCSTUDY-2026-08-18-m2-simpy-03,set03,026,13,15,DIFF-family,"삼각형에서 평행선 사이의 선분의 길이의 비(2) 한 각이 맞꼭지각인 두 삼각형","종이접기에서 닮은 삼각형 찾기","평행선과 선분비 - 맞꼭지각 구조"
BASE,SCSTUDY-2026-08-18-m2-simpy-03,set03,050,13,27,DIFF-family,"평행선 사이의 길이의 비의 응용","종이접기에서 닮은 삼각형 찾기","평행선 사이 길이비의 종합 응용"
BASE,SCSTUDY-2026-08-18-m2-simpy-03,set03,086,43,44,DIFF-family,"닮은 두 평면도형의 넓이의 비","평행사변형에서 무게중심과 넓이","닮은 평면도형의 넓이비"
BASE,SCSTUDY-2026-08-18-m2-simpy-03,set03,091,45,47,DIFF-family,"닮은 두 입체도형의 겉넓이의 비의 활용","닮은 평면도형 넓이비의 활용","닮은 입체도형 겉넓이비의 활용"
BASE,SCSTUDY-2026-08-18-m2-simpy-03,set03,092,45,47,DIFF-family,"닮은 두 입체도형의 겉넓이의 비의 활용","닮은 평면도형 넓이비의 활용","닮은 입체도형 겉넓이비의 활용"
BASE,SCSTUDY-2026-08-18-m2-simpy-03,set03,093,47,48,DIFF-family,"닮은 두 입체도형의 부피의 비","닮은 입체도형 겉넓이비의 활용","닮은 입체도형의 부피비"
BASE,SCSTUDY-2026-08-18-m2-simpy-03,set03,094,47,48,DIFF-family,"닮은 두 입체도형의 부피의 비","닮은 입체도형 겉넓이비의 활용","닮은 입체도형의 부피비"
BASE,SCSTUDY-2026-08-18-m2-simpy-03,set03,095,47,48,DIFF-family,"닮은 두 입체도형의 부피의 비","닮은 입체도형 겉넓이비의 활용","닮은 입체도형의 부피비"
BASE,SCSTUDY-2026-08-18-m2-simpy-03,set03,099,49,50,DIFF-family,"닮음의 활용(1) 높이의 측정","닮은 입체도형 부피비의 활용","닮음의 실생활 활용 - 높이·축척"
BASE,SCSTUDY-2026-08-18-m2-simpy-03,set03,100,49,50,DIFF-family,"닮음의 활용(1) 높이의 측정","닮은 입체도형 부피비의 활용","닮음의 실생활 활용 - 높이·축척"
BASE,SCSTUDY-2026-08-18-m2-simpy-04,set04,026,13,14,DIFF-family,"삼각형에서 평행선 사이의 선분의 길이의 비(1) 한 각이 공통각인 두 삼각형","종이접기에서 닮은 삼각형 찾기","평행선과 선분비 - 공통각 구조"
BASE,SCSTUDY-2026-08-18-m2-simpy-04,set04,027,13,14,DIFF-family,"삼각형에서 평행선 사이의 선분의 길이의 비(1) 한 각이 공통각인 두 삼각형","종이접기에서 닮은 삼각형 찾기","평행선과 선분비 - 공통각 구조"
BASE,SCSTUDY-2026-08-18-m2-simpy-04,set04,028,13,15,DIFF-family,"삼각형에서 평행선 사이의 선분의 길이의 비(2) 한 각이 맞꼭지각인 두 삼각형","종이접기에서 닮은 삼각형 찾기","평행선과 선분비 - 맞꼭지각 구조"
BASE,SCSTUDY-2026-08-18-m2-simpy-04,set04,029,13,15,DIFF-family,"삼각형에서 평행선 사이의 선분의 길이의 비(2) 한 각이 맞꼭지각인 두 삼각형","종이접기에서 닮은 삼각형 찾기","평행선과 선분비 - 맞꼭지각 구조"
BASE,SCSTUDY-2026-08-18-m2-simpy-04,set04,030,13,16,DIFF-family,"삼각형에서 평행선 사이의 선분의 길이의 비의 응용","종이접기에서 닮은 삼각형 찾기","삼각형에서 평행선 선분비 응용"
BASE,SCSTUDY-2026-08-18-m2-simpy-04,set04,031,13,16,DIFF-family,"삼각형에서 평행선 사이의 선분의 길이의 비의 응용","종이접기에서 닮은 삼각형 찾기","삼각형에서 평행선 선분비 응용"
BASE,SCSTUDY-2026-08-18-m2-simpy-04,set04,091,43,44,DIFF-family,"닮은 두 평면도형의 넓이의 비","평행사변형에서 무게중심과 넓이","닮은 평면도형의 넓이비"
BASE,SCSTUDY-2026-08-18-m2-simpy-04,set04,094,45,47,DIFF-family,"닮은 두 입체도형의 겉넓이의 비의 활용","닮은 평면도형 넓이비의 활용","닮은 입체도형 겉넓이비의 활용"
BASE,SCSTUDY-2026-08-18-m2-simpy-04,set04,095,45,47,DIFF-family,"닮은 두 입체도형의 겉넓이의 비의 활용","닮은 평면도형 넓이비의 활용","닮은 입체도형 겉넓이비의 활용"
BASE,SCSTUDY-2026-08-18-m2-simpy-04,set04,096,47,48,DIFF-family,"닮은 두 입체도형의 부피의 비","닮은 입체도형 겉넓이비의 활용","닮은 입체도형의 부피비"
BASE,SCSTUDY-2026-08-18-m2-simpy-04,set04,097,47,48,DIFF-family,"닮은 두 입체도형의 부피의 비","닮은 입체도형 겉넓이비의 활용","닮은 입체도형의 부피비"
BASE,SCSTUDY-2026-08-18-m2-simpy-04,set04,098,47,48,DIFF-family,"닮은 두 입체도형의 부피의 비","닮은 입체도형 겉넓이비의 활용","닮은 입체도형의 부피비"
BASE,SCSTUDY-2026-08-18-m2-simpy-04,set04,101,49,50,DIFF-family,"닮음의 활용(1) 높이의 측정","닮은 입체도형 부피비의 활용","닮음의 실생활 활용 - 높이·축척"
BASE,SCSTUDY-2026-08-18-m2-simpy-04,set04,102,49,50,DIFF-family,"닮음의 활용(1) 높이의 측정","닮은 입체도형 부피비의 활용","닮음의 실생활 활용 - 높이·축척"
BASE,SCSTUDY-2026-08-18-m2-simpy-05,set05,021,13,14,DIFF-family,"삼각형에서 평행선 사이의 선분의 길이의 비(1) 한 각이 공통각인 두 삼각형","종이접기에서 닮은 삼각형 찾기","평행선과 선분비 - 공통각 구조"
BASE,SCSTUDY-2026-08-18-m2-simpy-05,set05,022,13,14,DIFF-family,"삼각형에서 평행선 사이의 선분의 길이의 비(1) 한 각이 공통각인 두 삼각형","종이접기에서 닮은 삼각형 찾기","평행선과 선분비 - 공통각 구조"
BASE,SCSTUDY-2026-08-18-m2-simpy-05,set05,023,13,14,DIFF-family,"삼각형에서 평행선 사이의 선분의 길이의 비(1) 한 각이 공통각인 두 삼각형","종이접기에서 닮은 삼각형 찾기","평행선과 선분비 - 공통각 구조"
BASE,SCSTUDY-2026-08-18-m2-simpy-05,set05,024,13,15,DIFF-family,"삼각형에서 평행선 사이의 선분의 길이의 비(2) 한 각이 맞꼭지각인 두 삼각형","종이접기에서 닮은 삼각형 찾기","평행선과 선분비 - 맞꼭지각 구조"
BASE,SCSTUDY-2026-08-18-m2-simpy-05,set05,025,13,15,DIFF-family,"삼각형에서 평행선 사이의 선분의 길이의 비(2) 한 각이 맞꼭지각인 두 삼각형","종이접기에서 닮은 삼각형 찾기","평행선과 선분비 - 맞꼭지각 구조"
BASE,SCSTUDY-2026-08-18-m2-simpy-05,set05,089,43,44,DIFF-family,"닮은 두 평면도형의 넓이의 비","평행사변형에서 무게중심과 넓이","닮은 평면도형의 넓이비"
BASE,SCSTUDY-2026-08-18-m2-simpy-05,set05,091,45,47,DIFF-family,"닮은 두 입체도형의 겉넓이의 비의 활용","닮은 평면도형 넓이비의 활용","닮은 입체도형 겉넓이비의 활용"
BASE,SCSTUDY-2026-08-18-m2-simpy-05,set05,092,45,47,DIFF-family,"닮은 두 입체도형의 겉넓이의 비의 활용","닮은 평면도형 넓이비의 활용","닮은 입체도형 겉넓이비의 활용"
BASE,SCSTUDY-2026-08-18-m2-simpy-05,set05,093,47,48,DIFF-family,"닮은 두 입체도형의 부피의 비","닮은 입체도형 겉넓이비의 활용","닮은 입체도형의 부피비"
BASE,SCSTUDY-2026-08-18-m2-simpy-05,set05,094,47,48,DIFF-family,"닮은 두 입체도형의 부피의 비","닮은 입체도형 겉넓이비의 활용","닮은 입체도형의 부피비"
BASE,SCSTUDY-2026-08-18-m2-simpy-05,set05,095,47,48,DIFF-family,"닮은 두 입체도형의 부피의 비","닮은 입체도형 겉넓이비의 활용","닮은 입체도형의 부피비"
BASE,SCSTUDY-2026-08-18-m2-simpy-05,set05,098,49,50,DIFF-family,"닮음의 활용(1) 높이의 측정","닮은 입체도형 부피비의 활용","닮음의 실생활 활용 - 높이·축척"
BASE,SCSTUDY-2026-08-18-m2-simpy-05,set05,099,49,50,DIFF-family,"닮음의 활용(1) 높이의 측정","닮은 입체도형 부피비의 활용","닮음의 실생활 활용 - 높이·축척"
BASE,SCSTUDY-2026-08-18-m2-simpy-06,set06,001,8,2,DIFF-family,"평면도형에서 닮음비의 응용","AA 닮음의 조건 적용","평면도형의 닮음비 계산과 활용"
BASE,SCSTUDY-2026-08-18-m2-simpy-06,set06,062,12,30,DIFF-family,"삼각형의 중점을 연결한 선분 응용(2) 삼등분선","직각삼각형 닮음의 길이·넓이 응용","중점연결정리의 삼등분선 응용"
BASE,SCSTUDY-2026-08-18-m2-simpy-06,set06,097,45,47,DIFF-family,"닮은 두 입체도형의 겉넓이의 비의 활용","닮은 평면도형 넓이비의 활용","닮은 입체도형 겉넓이비의 활용"
BASE,SCSTUDY-2026-08-18-m2-simpy-06,set06,098,45,47,DIFF-family,"닮은 두 입체도형의 겉넓이의 비의 활용","닮은 평면도형 넓이비의 활용","닮은 입체도형 겉넓이비의 활용"
BASE,SCSTUDY-2026-08-18-m2-simpy-06,set06,119,57,52,DIFF-family,"직각삼각형의 닮음과 피타고라스 정리","평면도형에서 피타고라스 정리의 활용","직각삼각형의 닮음과 피타고라스 정리"
BASE,SCSTUDY-2026-08-18-m2-simpy-06,set06,120,57,53,DIFF-family,"사각형에서 피타고라스 정리의 이용(2) 수선을 그어 푸는 경우","평면도형에서 피타고라스 정리의 활용","사각형·직사각형에서 피타고라스 정리"
BASE,SCSTUDY-2026-08-18-m2-simpy-06,set06,121,57,53,DIFF-family,"사각형에서 피타고라스 정리의 이용(2) 수선을 그어 푸는 경우","평면도형에서 피타고라스 정리의 활용","사각형·직사각형에서 피타고라스 정리"
BASE,SCSTUDY-2026-08-18-m2-simpy-06,set06,137,51,57,DIFF-family,"피타고라스 정리의 활용(1) 직각삼각형","피타고라스 정리로 삼각형의 변 구하기","평면도형에서 피타고라스 정리의 활용"
BASE,SCSTUDY-2026-08-18-m2-simpy-06,set06,138,51,57,DIFF-family,"피타고라스 정리의 활용(1) 직각삼각형","피타고라스 정리로 삼각형의 변 구하기","평면도형에서 피타고라스 정리의 활용"
BASE,SCSTUDY-2026-08-18-m2-simpy-06,set06,140,53,57,DIFF-family,"피타고라스 정리의 활용(2) 사각형","사각형·직사각형에서 피타고라스 정리","평면도형에서 피타고라스 정리의 활용"
BASE,SCSTUDY-2026-08-18-m2-simpy-06,set06,141,53,57,DIFF-family,"피타고라스 정리의 활용(2) 사각형","사각형·직사각형에서 피타고라스 정리","평면도형에서 피타고라스 정리의 활용"
BASE,SCSTUDY-2026-08-18-m2-simpy-06,set06,147,52,59,DIFF-family,"입체도형에서의 피타고라스 정리","직각삼각형의 닮음과 피타고라스 정리","입체도형과 원기둥 최단거리"
BASE,SCSTUDY-2026-08-18-m2-simpy-06,set06,149,52,59,DIFF-family,"입체도형에서의 피타고라스 정리","직각삼각형의 닮음과 피타고라스 정리","입체도형과 원기둥 최단거리"
BASE,SCSTUDY-2026-08-18-m2-simpy-07,set07,022,9,14,DIFF-family,"삼각형에서 평행선 사이의 선분의 길이의 비(1) 한 각이 공통각인 두 삼각형","평행선에서 삼각형의 닮음 찾기","평행선과 선분비 - 공통각 구조"
BASE,SCSTUDY-2026-08-18-m2-simpy-07,set07,112,37,51,DIFF-family,"삼각형의 변의 길이 구하기(1)","무게중심 응용 - 선분 길이","피타고라스 정리로 삼각형의 변 구하기"
BASE,SCSTUDY-2026-08-18-m2-simpy-07,set07,120,57,53,DIFF-family,"사각형에서 피타고라스 정리의 이용(2) 수선을 그어 푸는 경우","평면도형에서 피타고라스 정리의 활용","사각형·직사각형에서 피타고라스 정리"
BASE,SCSTUDY-2026-08-18-m2-simpy-07,set07,121,57,53,DIFF-family,"사각형에서 피타고라스 정리의 이용(2) 수선을 그어 푸는 경우","평면도형에서 피타고라스 정리의 활용","사각형·직사각형에서 피타고라스 정리"
BASE,SCSTUDY-2026-08-18-m2-simpy-07,set07,122,57,53,DIFF-family,"사각형에서 피타고라스 정리의 이용(2) 수선을 그어 푸는 경우","평면도형에서 피타고라스 정리의 활용","사각형·직사각형에서 피타고라스 정리"
BASE,SCSTUDY-2026-08-18-m2-simpy-07,set07,123,57,53,DIFF-family,"직사각형의 대각선의 길이","평면도형에서 피타고라스 정리의 활용","사각형·직사각형에서 피타고라스 정리"
BASE,SCSTUDY-2026-08-18-m2-simpy-07,set07,127,57,54,DIFF-family,"이등변삼각형의 높이와 넓이","평면도형에서 피타고라스 정리의 활용","이등변삼각형의 높이와 넓이"
BASE,SCSTUDY-2026-08-18-m2-simpy-07,set07,137,52,57,DIFF-family,"피타고라스 정리의 활용(1) 직각삼각형","직각삼각형의 닮음과 피타고라스 정리","평면도형에서 피타고라스 정리의 활용"
BASE,SCSTUDY-2026-08-18-m2-simpy-07,set07,138,51,57,DIFF-family,"피타고라스 정리의 활용(1) 직각삼각형","피타고라스 정리로 삼각형의 변 구하기","평면도형에서 피타고라스 정리의 활용"
BASE,SCSTUDY-2026-08-18-m2-simpy-07,set07,139,51,57,DIFF-family,"피타고라스 정리의 활용(1) 직각삼각형","피타고라스 정리로 삼각형의 변 구하기","평면도형에서 피타고라스 정리의 활용"
BASE,SCSTUDY-2026-08-18-m2-simpy-07,set07,140,53,57,DIFF-family,"피타고라스 정리의 활용(2) 사각형","사각형·직사각형에서 피타고라스 정리","평면도형에서 피타고라스 정리의 활용"
BASE,SCSTUDY-2026-08-18-m2-simpy-07,set07,141,53,57,DIFF-family,"피타고라스 정리의 활용(2) 사각형","사각형·직사각형에서 피타고라스 정리","평면도형에서 피타고라스 정리의 활용"
BASE,SCSTUDY-2026-08-18-m2-simpy-07,set07,142,53,57,DIFF-family,"피타고라스 정리의 활용(2) 사각형","사각형·직사각형에서 피타고라스 정리","평면도형에서 피타고라스 정리의 활용"
BASE,SCSTUDY-2026-08-18-m2-simpy-08,set08,003,8,2,DIFF-family,"평면도형에서 닮음비의 응용","AA 닮음의 조건 적용","평면도형의 닮음비 계산과 활용"
BASE,SCSTUDY-2026-08-18-m2-simpy-08,set08,009,15,9,DIFF-family,"평행선에서 삼각형의 닮음 조건의 응용","평행선과 선분비 - 맞꼭지각 구조","평행선에서 삼각형의 닮음 찾기"
BASE,SCSTUDY-2026-08-18-m2-simpy-08,set08,045,33,23,DIFF-family,"사다리꼴에서 평행선 사이의 선분의 길이의 비","사다리꼴의 중점연결정리","사다리꼴에서 평행선 선분비"
BASE,SCSTUDY-2026-08-18-m2-simpy-08,set08,046,33,24,DIFF-family,"사다리꼴에서 평행선과 한 대각선의 길이","사다리꼴의 중점연결정리","사다리꼴과 한 대각선의 길이비"
BASE,SCSTUDY-2026-08-18-m2-simpy-08,set08,097,41,44,DIFF-family,"닮은 두 평면도형의 넓이의 비","두 무게중심과 넓이 관계","닮은 평면도형의 넓이비"
BASE,SCSTUDY-2026-08-18-m2-simpy-08,set08,116,37,51,DIFF-family,"삼각형의 변의 길이 구하기(1)","무게중심 응용 - 선분 길이","피타고라스 정리로 삼각형의 변 구하기"
BASE,SCSTUDY-2026-08-18-m2-simpy-08,set08,124,57,53,DIFF-family,"사각형에서 피타고라스 정리의 이용(2) 수선을 그어 푸는 경우","평면도형에서 피타고라스 정리의 활용","사각형·직사각형에서 피타고라스 정리"
BASE,SCSTUDY-2026-08-18-m2-simpy-08,set08,125,57,53,DIFF-family,"사각형에서 피타고라스 정리의 이용(2) 수선을 그어 푸는 경우","평면도형에서 피타고라스 정리의 활용","사각형·직사각형에서 피타고라스 정리"
BASE,SCSTUDY-2026-08-18-m2-simpy-08,set08,126,57,53,DIFF-family,"직사각형의 대각선의 길이","평면도형에서 피타고라스 정리의 활용","사각형·직사각형에서 피타고라스 정리"
BASE,SCSTUDY-2026-08-18-m2-simpy-08,set08,127,57,53,DIFF-family,"직사각형의 대각선의 길이","평면도형에서 피타고라스 정리의 활용","사각형·직사각형에서 피타고라스 정리"
BASE,SCSTUDY-2026-08-18-m2-simpy-08,set08,129,57,54,DIFF-family,"이등변삼각형의 높이와 넓이","평면도형에서 피타고라스 정리의 활용","이등변삼각형의 높이와 넓이"
BASE,SCSTUDY-2026-08-18-m2-simpy-08,set08,142,51,57,DIFF-family,"피타고라스 정리의 활용(1) 직각삼각형","피타고라스 정리로 삼각형의 변 구하기","평면도형에서 피타고라스 정리의 활용"
BASE,SCSTUDY-2026-08-18-m2-simpy-08,set08,143,51,57,DIFF-family,"피타고라스 정리의 활용(1) 직각삼각형","피타고라스 정리로 삼각형의 변 구하기","평면도형에서 피타고라스 정리의 활용"
BASE,SCSTUDY-2026-08-18-m2-simpy-08,set08,144,51,57,DIFF-family,"피타고라스 정리의 활용(1) 직각삼각형","피타고라스 정리로 삼각형의 변 구하기","평면도형에서 피타고라스 정리의 활용"
BASE,SCSTUDY-2026-08-18-m2-simpy-08,set08,145,53,57,DIFF-family,"피타고라스 정리의 활용(2) 사각형","사각형·직사각형에서 피타고라스 정리","평면도형에서 피타고라스 정리의 활용"
BASE,SCSTUDY-2026-08-18-m2-simpy-08,set08,146,53,57,DIFF-family,"피타고라스 정리의 활용(2) 사각형","사각형·직사각형에서 피타고라스 정리","평면도형에서 피타고라스 정리의 활용"
BASE,SCSTUDY-2026-08-18-m2-simpy-08,set08,150,52,59,DIFF-family,"입체도형에서의 피타고라스 정리","직각삼각형의 닮음과 피타고라스 정리","입체도형과 원기둥 최단거리"
CELL,SCSTUDY-2026-08-18-m2-simpy-01,set01,011,5,6,same-family,"두 삼각형이 닮음이기 위하여 필요한 조건","삼각형의 닮음 조건 판별","두 삼각형이 닮음이기 위하여 필요한 조건"
CELL,SCSTUDY-2026-08-18-m2-simpy-01,set01,012,7,6,same-family,"두 삼각형이 닮음이기 위하여 필요한 조건","SAS 닮음의 조건 적용","두 삼각형이 닮음이기 위하여 필요한 조건"
CELL,SCSTUDY-2026-08-18-m2-simpy-01,set01,014,9,7,same-family,"삼각형의 닮음 조건의 응용(1) SAS 닮음","평행선에서 삼각형의 닮음 찾기","SAS 닮음의 조건 적용"
CELL,SCSTUDY-2026-08-18-m2-simpy-01,set01,017,8,9,same-family,"평행선에서 삼각형의 닮음 조건의 응용","AA 닮음의 조건 적용","평행선에서 삼각형의 닮음 찾기"
CELL,SCSTUDY-2026-08-18-m2-simpy-01,set01,021,10,11,same-family,"직각삼각형의 닮음(2) 한 예각의 크기가 같은 경우","직각삼각형의 닮음 - 공통각 구조","직각삼각형의 닮음 - 같은 예각 구조"
CELL,SCSTUDY-2026-08-18-m2-simpy-01,set01,022,12,11,same-family,"직각삼각형의 닮음(2) 한 예각의 크기가 같은 경우","직각삼각형 닮음의 길이·넓이 응용","직각삼각형의 닮음 - 같은 예각 구조"
CELL,SCSTUDY-2026-08-18-m2-simpy-01,set01,030,16,15,same-family,"삼각형에서 평행선 사이의 선분의 길이의 비(2) 한 각이 맞꼭지각인 두 삼각형","삼각형에서 평행선 선분비 응용","평행선과 선분비 - 맞꼭지각 구조"
CELL,SCSTUDY-2026-08-18-m2-simpy-01,set01,031,14,16,same-family,"삼각형에서 평행선 사이의 선분의 길이의 비의 응용","평행선과 선분비 - 공통각 구조","삼각형에서 평행선 선분비 응용"
CELL,SCSTUDY-2026-08-18-m2-simpy-01,set01,032,14,16,same-family,"삼각형에서 평행선 사이의 선분의 길이의 비의 응용","평행선과 선분비 - 공통각 구조","삼각형에서 평행선 선분비 응용"
CELL,SCSTUDY-2026-08-18-m2-simpy-01,set01,034,17,18,same-family,"삼각형의 내각의 이등분선과 변의 길이","역으로 평행선 판정하기","삼각형 내각의 이등분선과 변의 비"
CELL,SCSTUDY-2026-08-18-m2-simpy-01,set01,044,22,23,same-family,"사다리꼴에서 평행선 사이의 선분의 길이의 비","여러 평행선 사이의 길이비","사다리꼴에서 평행선 선분비"
CELL,SCSTUDY-2026-08-18-m2-simpy-01,set01,046,23,24,same-family,"사다리꼴에서 평행선과 한 대각선의 길이","사다리꼴에서 평행선 선분비","사다리꼴과 한 대각선의 길이비"
CELL,SCSTUDY-2026-08-18-m2-simpy-01,set01,047,23,24,same-family,"사다리꼴에서 평행선과 한 대각선의 길이","사다리꼴에서 평행선 선분비","사다리꼴과 한 대각선의 길이비"
CELL,SCSTUDY-2026-08-18-m2-simpy-01,set01,049,26,25,same-family,"사다리꼴에서 평행선과 두 대각선의 길이(1) 평행선이 대각선의 교점을 지나지 않을 때","사다리꼴과 두 대각선 - 교점 통과","사다리꼴과 두 대각선 - 교점 비통과"
CELL,SCSTUDY-2026-08-18-m2-simpy-01,set01,051,27,26,same-family,"사다리꼴에서 평행선과 두 대각선의 길이(2) 평행선이 대각선의 교점을 지날 때","평행선 사이 길이비의 종합 응용","사다리꼴과 두 대각선 - 교점 통과"
CELL,SCSTUDY-2026-08-18-m2-simpy-01,set01,055,33,28,same-family,"삼각형의 두 변의 중점을 연결한 선분의 성질(1)","사다리꼴의 중점연결정리","삼각형의 중점연결정리"
CELL,SCSTUDY-2026-08-18-m2-simpy-01,set01,056,33,28,same-family,"삼각형의 두 변의 중점을 연결한 선분의 성질(2)","사다리꼴의 중점연결정리","삼각형의 중점연결정리"
CELL,SCSTUDY-2026-08-18-m2-simpy-01,set01,057,32,28,same-family,"삼각형의 두 변의 중점을 연결한 선분의 성질(2)","사각형 각 변의 중점을 이은 사각형","삼각형의 중점연결정리"
CELL,SCSTUDY-2026-08-18-m2-simpy-01,set01,062,28,31,same-family,"삼각형의 세 변의 중점을 연결한 삼각형","삼각형의 중점연결정리","삼각형의 세 변의 중점을 연결한 삼각형"
CELL,SCSTUDY-2026-08-18-m2-simpy-01,set01,063,28,31,same-family,"삼각형의 세 변의 중점을 연결한 삼각형","삼각형의 중점연결정리","삼각형의 세 변의 중점을 연결한 삼각형"
CELL,SCSTUDY-2026-08-18-m2-simpy-01,set01,070,39,35,same-family,"삼각형의 무게중심(1) △ABC의 무게중심","무게중심 응용 - 복합도형","삼각형의 무게중심 기본 성질"
CELL,SCSTUDY-2026-08-18-m2-simpy-01,set01,071,39,35,same-family,"삼각형의 무게중심(1) △ABC의 무게중심","무게중심 응용 - 복합도형","삼각형의 무게중심 기본 성질"
CELL,SCSTUDY-2026-08-18-m2-simpy-01,set01,072,37,36,same-family,"삼각형의 무게중심(2) △ABC, △GBC의 무게중심","무게중심 응용 - 선분 길이","삼각형의 무게중심(2) △ABC, △GBC의 무게중심"
CELL,SCSTUDY-2026-08-18-m2-simpy-01,set01,073,37,36,same-family,"삼각형의 무게중심(2) △ABC, △GBC의 무게중심","무게중심 응용 - 선분 길이","삼각형의 무게중심(2) △ABC, △GBC의 무게중심"
CELL,SCSTUDY-2026-08-18-m2-simpy-01,set01,074,38,37,same-family,"삼각형의 무게중심의 응용(1)","무게중심 응용 - 비례식","무게중심 응용 - 선분 길이"
CELL,SCSTUDY-2026-08-18-m2-simpy-01,set01,075,38,37,same-family,"삼각형의 무게중심의 응용(1)","무게중심 응용 - 비례식","무게중심 응용 - 선분 길이"
CELL,SCSTUDY-2026-08-18-m2-simpy-01,set01,076,35,38,same-family,"삼각형의 무게중심의 응용(2)","삼각형의 무게중심 기본 성질","무게중심 응용 - 비례식"
CELL,SCSTUDY-2026-08-18-m2-simpy-01,set01,077,37,38,same-family,"삼각형의 무게중심의 응용(2)","무게중심 응용 - 선분 길이","무게중심 응용 - 비례식"
CELL,SCSTUDY-2026-08-18-m2-simpy-01,set01,078,37,39,same-family,"삼각형의 무게중심의 응용(3)","무게중심 응용 - 선분 길이","무게중심 응용 - 복합도형"
CELL,SCSTUDY-2026-08-18-m2-simpy-01,set01,079,37,39,same-family,"삼각형의 무게중심의 응용(3)","무게중심 응용 - 선분 길이","무게중심 응용 - 복합도형"
CELL,SCSTUDY-2026-08-18-m2-simpy-01,set01,083,38,41,same-family,"삼각형의 무게중심과 넓이의 관계(2) △ABC, △GBC의 무게중심","무게중심 응용 - 비례식","두 무게중심과 넓이 관계"
CELL,SCSTUDY-2026-08-18-m2-simpy-01,set01,088,45,44,same-family,"닮은 두 평면도형의 넓이의 비","닮은 평면도형 넓이비의 활용","닮은 평면도형의 넓이비"
CELL,SCSTUDY-2026-08-18-m2-simpy-01,set01,090,44,45,same-family,"닮은 두 평면도형의 넓이의 비의 활용","닮은 평면도형의 넓이비","닮은 평면도형 넓이비의 활용"
CELL,SCSTUDY-2026-08-18-m2-simpy-01,set01,091,44,45,same-family,"닮은 두 평면도형의 넓이의 비의 활용","닮은 평면도형의 넓이비","닮은 평면도형 넓이비의 활용"
CELL,SCSTUDY-2026-08-18-m2-simpy-01,set01,092,47,46,same-family,"닮은 두 입체도형의 겉넓이의 비","닮은 입체도형 겉넓이비의 활용","닮은 두 입체도형의 겉넓이의 비"
CELL,SCSTUDY-2026-08-18-m2-simpy-01,set01,093,47,46,same-family,"닮은 두 입체도형의 겉넓이의 비","닮은 입체도형 겉넓이비의 활용","닮은 두 입체도형의 겉넓이의 비"
CELL,SCSTUDY-2026-08-18-m2-simpy-01,set01,104,52,51,same-family,"삼각형의 변의 길이 구하기(1)","직각삼각형의 닮음과 피타고라스 정리","피타고라스 정리로 삼각형의 변 구하기"
CELL,SCSTUDY-2026-08-18-m2-simpy-01,set01,107,52,51,same-family,"삼각형의 변의 길이 구하기(2)","직각삼각형의 닮음과 피타고라스 정리","피타고라스 정리로 삼각형의 변 구하기"
CELL,SCSTUDY-2026-08-18-m2-simpy-01,set01,127,51,56,same-family,"직각삼각형이 되기 위한 조건","피타고라스 정리로 삼각형의 변 구하기","피타고라스 정리의 역과 삼각형 분류"
CELL,SCSTUDY-2026-08-18-m2-simpy-01,set01,139,58,57,same-family,"피타고라스 정리의 활용(4) 직각삼각형의 세 반원 사이의 관계","히포크라테스·피타고라스 나무·종이접기","평면도형에서 피타고라스 정리의 활용"
CELL,SCSTUDY-2026-08-18-m2-simpy-02,set02,010,7,6,same-family,"두 삼각형이 닮음이기 위하여 필요한 조건","SAS 닮음의 조건 적용","두 삼각형이 닮음이기 위하여 필요한 조건"
CELL,SCSTUDY-2026-08-18-m2-simpy-02,set02,011,5,6,same-family,"두 삼각형이 닮음이기 위하여 필요한 조건","삼각형의 닮음 조건 판별","두 삼각형이 닮음이기 위하여 필요한 조건"
CELL,SCSTUDY-2026-08-18-m2-simpy-02,set02,016,8,9,same-family,"평행선에서 삼각형의 닮음 조건의 응용","AA 닮음의 조건 적용","평행선에서 삼각형의 닮음 찾기"
CELL,SCSTUDY-2026-08-18-m2-simpy-02,set02,020,10,11,same-family,"직각삼각형의 닮음(2) 한 예각의 크기가 같은 경우","직각삼각형의 닮음 - 공통각 구조","직각삼각형의 닮음 - 같은 예각 구조"
CELL,SCSTUDY-2026-08-18-m2-simpy-02,set02,021,12,11,same-family,"직각삼각형의 닮음(2) 한 예각의 크기가 같은 경우","직각삼각형 닮음의 길이·넓이 응용","직각삼각형의 닮음 - 같은 예각 구조"
CELL,SCSTUDY-2026-08-18-m2-simpy-02,set02,028,14,15,same-family,"삼각형에서 평행선 사이의 선분의 길이의 비(2) 한 각이 맞꼭지각인 두 삼각형","평행선과 선분비 - 공통각 구조","평행선과 선분비 - 맞꼭지각 구조"
CELL,SCSTUDY-2026-08-18-m2-simpy-02,set02,029,14,15,same-family,"삼각형에서 평행선 사이의 선분의 길이의 비(2) 한 각이 맞꼭지각인 두 삼각형","평행선과 선분비 - 공통각 구조","평행선과 선분비 - 맞꼭지각 구조"
CELL,SCSTUDY-2026-08-18-m2-simpy-02,set02,030,14,16,same-family,"삼각형에서 평행선 사이의 선분의 길이의 비의 응용","평행선과 선분비 - 공통각 구조","삼각형에서 평행선 선분비 응용"
CELL,SCSTUDY-2026-08-18-m2-simpy-02,set02,031,14,16,same-family,"삼각형에서 평행선 사이의 선분의 길이의 비의 응용","평행선과 선분비 - 공통각 구조","삼각형에서 평행선 선분비 응용"
CELL,SCSTUDY-2026-08-18-m2-simpy-02,set02,045,22,23,same-family,"사다리꼴에서 평행선 사이의 선분의 길이의 비","여러 평행선 사이의 길이비","사다리꼴에서 평행선 선분비"
CELL,SCSTUDY-2026-08-18-m2-simpy-02,set02,046,23,24,same-family,"사다리꼴에서 평행선과 한 대각선의 길이","사다리꼴에서 평행선 선분비","사다리꼴과 한 대각선의 길이비"
CELL,SCSTUDY-2026-08-18-m2-simpy-02,set02,047,23,24,same-family,"사다리꼴에서 평행선과 한 대각선의 길이","사다리꼴에서 평행선 선분비","사다리꼴과 한 대각선의 길이비"
CELL,SCSTUDY-2026-08-18-m2-simpy-02,set02,049,26,25,same-family,"사다리꼴에서 평행선과 두 대각선의 길이(1) 평행선이 대각선의 교점을 지나지 않을 때","사다리꼴과 두 대각선 - 교점 통과","사다리꼴과 두 대각선 - 교점 비통과"
CELL,SCSTUDY-2026-08-18-m2-simpy-02,set02,051,24,26,same-family,"사다리꼴에서 평행선과 두 대각선의 길이(2) 평행선이 대각선의 교점을 지날 때","사다리꼴과 한 대각선의 길이비","사다리꼴과 두 대각선 - 교점 통과"
CELL,SCSTUDY-2026-08-18-m2-simpy-02,set02,055,32,28,same-family,"삼각형의 두 변의 중점을 연결한 선분의 성질(1)","사각형 각 변의 중점을 이은 사각형","삼각형의 중점연결정리"
CELL,SCSTUDY-2026-08-18-m2-simpy-02,set02,056,32,28,same-family,"삼각형의 두 변의 중점을 연결한 선분의 성질(2)","사각형 각 변의 중점을 이은 사각형","삼각형의 중점연결정리"
CELL,SCSTUDY-2026-08-18-m2-simpy-02,set02,057,32,28,same-family,"삼각형의 두 변의 중점을 연결한 선분의 성질(2)","사각형 각 변의 중점을 이은 사각형","삼각형의 중점연결정리"
CELL,SCSTUDY-2026-08-18-m2-simpy-02,set02,069,38,35,same-family,"삼각형의 무게중심(1) △ABC의 무게중심","무게중심 응용 - 비례식","삼각형의 무게중심 기본 성질"
CELL,SCSTUDY-2026-08-18-m2-simpy-02,set02,071,37,36,same-family,"삼각형의 무게중심(2) △ABC, △GBC의 무게중심","무게중심 응용 - 선분 길이","삼각형의 무게중심(2) △ABC, △GBC의 무게중심"
CELL,SCSTUDY-2026-08-18-m2-simpy-02,set02,072,37,36,same-family,"삼각형의 무게중심(2) △ABC, △GBC의 무게중심","무게중심 응용 - 선분 길이","삼각형의 무게중심(2) △ABC, △GBC의 무게중심"
CELL,SCSTUDY-2026-08-18-m2-simpy-02,set02,073,38,37,same-family,"삼각형의 무게중심의 응용(1)","무게중심 응용 - 비례식","무게중심 응용 - 선분 길이"
CELL,SCSTUDY-2026-08-18-m2-simpy-02,set02,074,38,37,same-family,"삼각형의 무게중심의 응용(1)","무게중심 응용 - 비례식","무게중심 응용 - 선분 길이"
CELL,SCSTUDY-2026-08-18-m2-simpy-02,set02,076,39,38,same-family,"삼각형의 무게중심의 응용(2)","무게중심 응용 - 복합도형","무게중심 응용 - 비례식"
CELL,SCSTUDY-2026-08-18-m2-simpy-02,set02,077,37,39,same-family,"삼각형의 무게중심의 응용(3)","무게중심 응용 - 선분 길이","무게중심 응용 - 복합도형"
CELL,SCSTUDY-2026-08-18-m2-simpy-02,set02,078,37,39,same-family,"삼각형의 무게중심의 응용(3)","무게중심 응용 - 선분 길이","무게중심 응용 - 복합도형"
CELL,SCSTUDY-2026-08-18-m2-simpy-02,set02,083,39,42,same-family,"평행사변형에서 삼각형의 무게중심의 응용(1) 길이","무게중심 응용 - 복합도형","평행사변형에서 무게중심과 길이"
CELL,SCSTUDY-2026-08-18-m2-simpy-02,set02,089,45,44,same-family,"닮은 두 평면도형의 넓이의 비","닮은 평면도형 넓이비의 활용","닮은 평면도형의 넓이비"
CELL,SCSTUDY-2026-08-18-m2-simpy-02,set02,090,44,45,same-family,"닮은 두 평면도형의 넓이의 비의 활용","닮은 평면도형의 넓이비","닮은 평면도형 넓이비의 활용"
CELL,SCSTUDY-2026-08-18-m2-simpy-02,set02,091,44,45,same-family,"닮은 두 평면도형의 넓이의 비의 활용","닮은 평면도형의 넓이비","닮은 평면도형 넓이비의 활용"
CELL,SCSTUDY-2026-08-18-m2-simpy-02,set02,104,52,51,same-family,"삼각형의 변의 길이 구하기(1)","직각삼각형의 닮음과 피타고라스 정리","피타고라스 정리로 삼각형의 변 구하기"
CELL,SCSTUDY-2026-08-18-m2-simpy-02,set02,127,51,56,same-family,"직각삼각형이 되기 위한 조건","피타고라스 정리로 삼각형의 변 구하기","피타고라스 정리의 역과 삼각형 분류"
CELL,SCSTUDY-2026-08-18-m2-simpy-02,set02,128,51,56,same-family,"직각삼각형이 되기 위한 조건","피타고라스 정리로 삼각형의 변 구하기","피타고라스 정리의 역과 삼각형 분류"
CELL,SCSTUDY-2026-08-18-m2-simpy-03,set03,007,7,6,same-family,"두 삼각형이 닮음이기 위하여 필요한 조건","SAS 닮음의 조건 적용","두 삼각형이 닮음이기 위하여 필요한 조건"
CELL,SCSTUDY-2026-08-18-m2-simpy-03,set03,010,8,7,same-family,"삼각형의 닮음 조건의 응용(1) SAS 닮음","AA 닮음의 조건 적용","SAS 닮음의 조건 적용"
CELL,SCSTUDY-2026-08-18-m2-simpy-03,set03,011,9,8,same-family,"삼각형의 닮음 조건의 응용(2) AA 닮음","평행선에서 삼각형의 닮음 찾기","AA 닮음의 조건 적용"
CELL,SCSTUDY-2026-08-18-m2-simpy-03,set03,012,9,8,same-family,"삼각형의 닮음 조건의 응용(2) AA 닮음","평행선에서 삼각형의 닮음 찾기","AA 닮음의 조건 적용"
CELL,SCSTUDY-2026-08-18-m2-simpy-03,set03,018,10,11,same-family,"직각삼각형의 닮음(2) 한 예각의 크기가 같은 경우","직각삼각형의 닮음 - 공통각 구조","직각삼각형의 닮음 - 같은 예각 구조"
CELL,SCSTUDY-2026-08-18-m2-simpy-03,set03,019,10,11,same-family,"직각삼각형의 닮음(2) 한 예각의 크기가 같은 경우","직각삼각형의 닮음 - 공통각 구조","직각삼각형의 닮음 - 같은 예각 구조"
CELL,SCSTUDY-2026-08-18-m2-simpy-03,set03,020,10,12,same-family,"직각삼각형의 닮음의 응용","직각삼각형의 닮음 - 공통각 구조","직각삼각형 닮음의 길이·넓이 응용"
CELL,SCSTUDY-2026-08-18-m2-simpy-03,set03,021,10,12,same-family,"직각삼각형의 닮음의 응용","직각삼각형의 닮음 - 공통각 구조","직각삼각형 닮음의 길이·넓이 응용"
CELL,SCSTUDY-2026-08-18-m2-simpy-03,set03,022,11,13,same-family,"종이접기와 삼각형의 닮음","직각삼각형의 닮음 - 같은 예각 구조","종이접기에서 닮은 삼각형 찾기"
CELL,SCSTUDY-2026-08-18-m2-simpy-03,set03,027,14,16,same-family,"삼각형에서 평행선 사이의 선분의 길이의 비의 응용","평행선과 선분비 - 공통각 구조","삼각형에서 평행선 선분비 응용"
CELL,SCSTUDY-2026-08-18-m2-simpy-03,set03,028,14,16,same-family,"삼각형에서 평행선 사이의 선분의 길이의 비의 응용","평행선과 선분비 - 공통각 구조","삼각형에서 평행선 선분비 응용"
CELL,SCSTUDY-2026-08-18-m2-simpy-03,set03,029,14,17,same-family,"평행선 찾기","평행선과 선분비 - 공통각 구조","역으로 평행선 판정하기"
CELL,SCSTUDY-2026-08-18-m2-simpy-03,set03,030,14,17,same-family,"평행선 찾기","평행선과 선분비 - 공통각 구조","역으로 평행선 판정하기"
CELL,SCSTUDY-2026-08-18-m2-simpy-03,set03,031,19,18,same-family,"삼각형의 내각의 이등분선과 변의 길이","삼각형 내각의 이등분선과 넓이비","삼각형 내각의 이등분선과 변의 비"
CELL,SCSTUDY-2026-08-18-m2-simpy-03,set03,036,21,20,same-family,"삼각형의 외각의 이등분선과 변의 길이","삼각형 외각의 이등분선과 넓이비","삼각형 외각의 이등분선과 변의 비"
CELL,SCSTUDY-2026-08-18-m2-simpy-03,set03,043,25,24,same-family,"사다리꼴에서 평행선과 한 대각선의 길이","사다리꼴과 두 대각선 - 교점 비통과","사다리꼴과 한 대각선의 길이비"
CELL,SCSTUDY-2026-08-18-m2-simpy-03,set03,044,25,24,same-family,"사다리꼴에서 평행선과 한 대각선의 길이","사다리꼴과 두 대각선 - 교점 비통과","사다리꼴과 한 대각선의 길이비"
CELL,SCSTUDY-2026-08-18-m2-simpy-03,set03,045,26,25,same-family,"사다리꼴에서 평행선과 두 대각선의 길이(1) 평행선이 대각선의 교점을 지나지 않을 때","사다리꼴과 두 대각선 - 교점 통과","사다리꼴과 두 대각선 - 교점 비통과"
CELL,SCSTUDY-2026-08-18-m2-simpy-03,set03,046,26,25,same-family,"사다리꼴에서 평행선과 두 대각선의 길이(1) 평행선이 대각선의 교점을 지나지 않을 때","사다리꼴과 두 대각선 - 교점 통과","사다리꼴과 두 대각선 - 교점 비통과"
CELL,SCSTUDY-2026-08-18-m2-simpy-03,set03,047,27,26,same-family,"사다리꼴에서 평행선과 두 대각선의 길이(2) 평행선이 대각선의 교점을 지날 때","평행선 사이 길이비의 종합 응용","사다리꼴과 두 대각선 - 교점 통과"
CELL,SCSTUDY-2026-08-18-m2-simpy-03,set03,048,27,26,same-family,"사다리꼴에서 평행선과 두 대각선의 길이(2) 평행선이 대각선의 교점을 지날 때","평행선 사이 길이비의 종합 응용","사다리꼴과 두 대각선 - 교점 통과"
CELL,SCSTUDY-2026-08-18-m2-simpy-03,set03,049,25,27,same-family,"평행선 사이의 길이의 비의 응용","사다리꼴과 두 대각선 - 교점 비통과","평행선 사이 길이비의 종합 응용"
CELL,SCSTUDY-2026-08-18-m2-simpy-03,set03,051,29,28,same-family,"삼각형의 두 변의 중점을 연결한 선분의 성질(1)","중점연결정리의 중점 응용","삼각형의 중점연결정리"
CELL,SCSTUDY-2026-08-18-m2-simpy-03,set03,052,30,28,same-family,"삼각형의 두 변의 중점을 연결한 선분의 성질(1)","중점연결정리의 삼등분선 응용","삼각형의 중점연결정리"
CELL,SCSTUDY-2026-08-18-m2-simpy-03,set03,053,29,28,same-family,"삼각형의 두 변의 중점을 연결한 선분의 성질(2)","중점연결정리의 중점 응용","삼각형의 중점연결정리"
CELL,SCSTUDY-2026-08-18-m2-simpy-03,set03,054,29,28,same-family,"삼각형의 두 변의 중점을 연결한 선분의 성질(2)","중점연결정리의 중점 응용","삼각형의 중점연결정리"
CELL,SCSTUDY-2026-08-18-m2-simpy-03,set03,055,30,28,same-family,"삼각형의 두 변의 중점을 연결한 선분의 성질(2)","중점연결정리의 삼등분선 응용","삼각형의 중점연결정리"
CELL,SCSTUDY-2026-08-18-m2-simpy-03,set03,056,30,29,same-family,"삼각형의 중점을 연결한 선분 응용(1) 중점","중점연결정리의 삼등분선 응용","중점연결정리의 중점 응용"
CELL,SCSTUDY-2026-08-18-m2-simpy-03,set03,057,30,29,same-family,"삼각형의 중점을 연결한 선분 응용(1) 중점","중점연결정리의 삼등분선 응용","중점연결정리의 중점 응용"
CELL,SCSTUDY-2026-08-18-m2-simpy-03,set03,063,33,32,same-family,"사각형의 각 변의 중점을 연결하여 만든 사각형","사다리꼴의 중점연결정리","사각형 각 변의 중점을 이은 사각형"
CELL,SCSTUDY-2026-08-18-m2-simpy-03,set03,064,34,33,same-family,"사다리꼴의 두 변의 중점을 연결한 선분의 성질","삼각형의 중선과 넓이","사다리꼴의 중점연결정리"
CELL,SCSTUDY-2026-08-18-m2-simpy-03,set03,065,34,33,same-family,"사다리꼴의 두 변의 중점을 연결한 선분의 성질","삼각형의 중선과 넓이","사다리꼴의 중점연결정리"
CELL,SCSTUDY-2026-08-18-m2-simpy-03,set03,066,35,34,same-family,"삼각형의 중선의 성질","삼각형의 무게중심 기본 성질","삼각형의 중선과 넓이"
CELL,SCSTUDY-2026-08-18-m2-simpy-03,set03,067,35,34,same-family,"삼각형의 중선의 성질","삼각형의 무게중심 기본 성질","삼각형의 중선과 넓이"
CELL,SCSTUDY-2026-08-18-m2-simpy-03,set03,068,38,34,same-family,"삼각형의 중선의 성질","무게중심 응용 - 비례식","삼각형의 중선과 넓이"
CELL,SCSTUDY-2026-08-18-m2-simpy-03,set03,069,38,35,same-family,"삼각형의 무게중심(1) △ABC의 무게중심","무게중심 응용 - 비례식","삼각형의 무게중심 기본 성질"
CELL,SCSTUDY-2026-08-18-m2-simpy-03,set03,070,38,35,same-family,"삼각형의 무게중심(1) △ABC의 무게중심","무게중심 응용 - 비례식","삼각형의 무게중심 기본 성질"
CELL,SCSTUDY-2026-08-18-m2-simpy-03,set03,071,38,35,same-family,"삼각형의 무게중심(1) △ABC의 무게중심","무게중심 응용 - 비례식","삼각형의 무게중심 기본 성질"
CELL,SCSTUDY-2026-08-18-m2-simpy-03,set03,072,38,37,same-family,"삼각형의 무게중심의 응용(1)","무게중심 응용 - 비례식","무게중심 응용 - 선분 길이"
CELL,SCSTUDY-2026-08-18-m2-simpy-03,set03,073,38,37,same-family,"삼각형의 무게중심의 응용(1)","무게중심 응용 - 비례식","무게중심 응용 - 선분 길이"
CELL,SCSTUDY-2026-08-18-m2-simpy-03,set03,076,42,39,same-family,"삼각형의 무게중심의 응용(3)","평행사변형에서 무게중심과 길이","무게중심 응용 - 복합도형"
CELL,SCSTUDY-2026-08-18-m2-simpy-03,set03,077,42,39,same-family,"삼각형의 무게중심의 응용(3)","평행사변형에서 무게중심과 길이","무게중심 응용 - 복합도형"
CELL,SCSTUDY-2026-08-18-m2-simpy-03,set03,078,39,40,same-family,"삼각형의 무게중심과 넓이의 관계(1) △ABC의 무게중심","무게중심 응용 - 복합도형","무게중심과 삼각형 넓이비"
CELL,SCSTUDY-2026-08-18-m2-simpy-03,set03,079,39,40,same-family,"삼각형의 무게중심과 넓이의 관계(1) △ABC의 무게중심","무게중심 응용 - 복합도형","무게중심과 삼각형 넓이비"
CELL,SCSTUDY-2026-08-18-m2-simpy-03,set03,080,40,41,same-family,"삼각형의 무게중심과 넓이의 관계(2) △ABC, △GBC의 무게중심","무게중심과 삼각형 넓이비","두 무게중심과 넓이 관계"
CELL,SCSTUDY-2026-08-18-m2-simpy-03,set03,081,40,41,same-family,"삼각형의 무게중심과 넓이의 관계(2) △ABC, △GBC의 무게중심","무게중심과 삼각형 넓이비","두 무게중심과 넓이 관계"
CELL,SCSTUDY-2026-08-18-m2-simpy-03,set03,082,41,42,same-family,"평행사변형에서 삼각형의 무게중심의 응용(1) 길이","두 무게중심과 넓이 관계","평행사변형에서 무게중심과 길이"
CELL,SCSTUDY-2026-08-18-m2-simpy-03,set03,084,42,43,same-family,"평행사변형에서 삼각형의 무게중심의 응용(2) 넓이","평행사변형에서 무게중심과 길이","평행사변형에서 무게중심과 넓이"
CELL,SCSTUDY-2026-08-18-m2-simpy-03,set03,085,42,43,same-family,"평행사변형에서 삼각형의 무게중심의 응용(2) 넓이","평행사변형에서 무게중심과 길이","평행사변형에서 무게중심과 넓이"
CELL,SCSTUDY-2026-08-18-m2-simpy-03,set03,096,48,49,same-family,"닮은 두 입체도형의 부피의 비의 활용","닮은 입체도형의 부피비","닮은 입체도형 부피비의 활용"
CELL,SCSTUDY-2026-08-18-m2-simpy-03,set03,097,48,49,same-family,"닮은 두 입체도형의 부피의 비의 활용","닮은 입체도형의 부피비","닮은 입체도형 부피비의 활용"
CELL,SCSTUDY-2026-08-18-m2-simpy-03,set03,098,48,49,same-family,"닮은 두 입체도형의 부피의 비의 활용","닮은 입체도형의 부피비","닮은 입체도형 부피비의 활용"
CELL,SCSTUDY-2026-08-18-m2-simpy-03,set03,107,52,51,same-family,"삼각형의 변의 길이 구하기(2)","직각삼각형의 닮음과 피타고라스 정리","피타고라스 정리로 삼각형의 변 구하기"
CELL,SCSTUDY-2026-08-18-m2-simpy-03,set03,119,54,55,same-family,"피타고라스 정리의 설명(1) 유클리드의 방법","이등변삼각형의 높이와 넓이","피타고라스 정리의 여러 증명"
CELL,SCSTUDY-2026-08-18-m2-simpy-03,set03,120,54,55,same-family,"피타고라스 정리의 설명(1) 유클리드의 방법","이등변삼각형의 높이와 넓이","피타고라스 정리의 여러 증명"
CELL,SCSTUDY-2026-08-18-m2-simpy-04,set04,008,9,7,same-family,"삼각형의 닮음 조건의 응용(1) SAS 닮음","평행선에서 삼각형의 닮음 찾기","SAS 닮음의 조건 적용"
CELL,SCSTUDY-2026-08-18-m2-simpy-04,set04,019,10,11,same-family,"직각삼각형의 닮음(2) 한 예각의 크기가 같은 경우","직각삼각형의 닮음 - 공통각 구조","직각삼각형의 닮음 - 같은 예각 구조"
CELL,SCSTUDY-2026-08-18-m2-simpy-04,set04,020,10,11,same-family,"직각삼각형의 닮음(2) 한 예각의 크기가 같은 경우","직각삼각형의 닮음 - 공통각 구조","직각삼각형의 닮음 - 같은 예각 구조"
CELL,SCSTUDY-2026-08-18-m2-simpy-04,set04,021,11,12,same-family,"직각삼각형의 닮음의 응용","직각삼각형의 닮음 - 같은 예각 구조","직각삼각형 닮음의 길이·넓이 응용"
CELL,SCSTUDY-2026-08-18-m2-simpy-04,set04,022,11,12,same-family,"직각삼각형의 닮음의 응용","직각삼각형의 닮음 - 같은 예각 구조","직각삼각형 닮음의 길이·넓이 응용"
CELL,SCSTUDY-2026-08-18-m2-simpy-04,set04,023,11,12,same-family,"직각삼각형의 닮음의 응용","직각삼각형의 닮음 - 같은 예각 구조","직각삼각형 닮음의 길이·넓이 응용"
CELL,SCSTUDY-2026-08-18-m2-simpy-04,set04,024,12,13,same-family,"종이접기와 삼각형의 닮음","직각삼각형 닮음의 길이·넓이 응용","종이접기에서 닮은 삼각형 찾기"
CELL,SCSTUDY-2026-08-18-m2-simpy-04,set04,025,12,13,same-family,"종이접기와 삼각형의 닮음","직각삼각형 닮음의 길이·넓이 응용","종이접기에서 닮은 삼각형 찾기"
CELL,SCSTUDY-2026-08-18-m2-simpy-04,set04,032,14,17,same-family,"평행선 찾기","평행선과 선분비 - 공통각 구조","역으로 평행선 판정하기"
CELL,SCSTUDY-2026-08-18-m2-simpy-04,set04,033,14,17,same-family,"평행선 찾기","평행선과 선분비 - 공통각 구조","역으로 평행선 판정하기"
CELL,SCSTUDY-2026-08-18-m2-simpy-04,set04,034,14,18,same-family,"삼각형의 내각의 이등분선과 변의 길이","평행선과 선분비 - 공통각 구조","삼각형 내각의 이등분선과 변의 비"
CELL,SCSTUDY-2026-08-18-m2-simpy-04,set04,035,14,18,same-family,"삼각형의 내각의 이등분선과 변의 길이","평행선과 선분비 - 공통각 구조","삼각형 내각의 이등분선과 변의 비"
CELL,SCSTUDY-2026-08-18-m2-simpy-04,set04,036,14,18,same-family,"삼각형의 내각의 이등분선과 변의 길이","평행선과 선분비 - 공통각 구조","삼각형 내각의 이등분선과 변의 비"
CELL,SCSTUDY-2026-08-18-m2-simpy-04,set04,039,21,20,same-family,"삼각형의 외각의 이등분선과 변의 길이","삼각형 외각의 이등분선과 넓이비","삼각형 외각의 이등분선과 변의 비"
CELL,SCSTUDY-2026-08-18-m2-simpy-04,set04,040,21,20,same-family,"삼각형의 외각의 이등분선과 변의 길이","삼각형 외각의 이등분선과 넓이비","삼각형 외각의 이등분선과 변의 비"
CELL,SCSTUDY-2026-08-18-m2-simpy-04,set04,041,20,21,same-family,"삼각형의 외각의 이등분선과 삼각형의 넓이","삼각형 외각의 이등분선과 변의 비","삼각형 외각의 이등분선과 넓이비"
CELL,SCSTUDY-2026-08-18-m2-simpy-04,set04,046,23,24,same-family,"사다리꼴에서 평행선과 한 대각선의 길이","사다리꼴에서 평행선 선분비","사다리꼴과 한 대각선의 길이비"
CELL,SCSTUDY-2026-08-18-m2-simpy-04,set04,047,25,24,same-family,"사다리꼴에서 평행선과 한 대각선의 길이","사다리꼴과 두 대각선 - 교점 비통과","사다리꼴과 한 대각선의 길이비"
CELL,SCSTUDY-2026-08-18-m2-simpy-04,set04,049,26,25,same-family,"사다리꼴에서 평행선과 두 대각선의 길이(1) 평행선이 대각선의 교점을 지나지 않을 때","사다리꼴과 두 대각선 - 교점 통과","사다리꼴과 두 대각선 - 교점 비통과"
CELL,SCSTUDY-2026-08-18-m2-simpy-04,set04,050,26,25,same-family,"사다리꼴에서 평행선과 두 대각선의 길이(1) 평행선이 대각선의 교점을 지나지 않을 때","사다리꼴과 두 대각선 - 교점 통과","사다리꼴과 두 대각선 - 교점 비통과"
CELL,SCSTUDY-2026-08-18-m2-simpy-04,set04,055,29,28,same-family,"삼각형의 두 변의 중점을 연결한 선분의 성질(1)","중점연결정리의 중점 응용","삼각형의 중점연결정리"
CELL,SCSTUDY-2026-08-18-m2-simpy-04,set04,056,29,28,same-family,"삼각형의 두 변의 중점을 연결한 선분의 성질(1)","중점연결정리의 중점 응용","삼각형의 중점연결정리"
CELL,SCSTUDY-2026-08-18-m2-simpy-04,set04,057,29,28,same-family,"삼각형의 두 변의 중점을 연결한 선분의 성질(2)","중점연결정리의 중점 응용","삼각형의 중점연결정리"
CELL,SCSTUDY-2026-08-18-m2-simpy-04,set04,058,30,29,same-family,"삼각형의 중점을 연결한 선분 응용(1) 중점","중점연결정리의 삼등분선 응용","중점연결정리의 중점 응용"
CELL,SCSTUDY-2026-08-18-m2-simpy-04,set04,059,30,29,same-family,"삼각형의 중점을 연결한 선분 응용(1) 중점","중점연결정리의 삼등분선 응용","중점연결정리의 중점 응용"
CELL,SCSTUDY-2026-08-18-m2-simpy-04,set04,064,33,32,same-family,"사각형의 각 변의 중점을 연결하여 만든 사각형","사다리꼴의 중점연결정리","사각형 각 변의 중점을 이은 사각형"
CELL,SCSTUDY-2026-08-18-m2-simpy-04,set04,065,33,32,same-family,"사각형의 각 변의 중점을 연결하여 만든 사각형","사다리꼴의 중점연결정리","사각형 각 변의 중점을 이은 사각형"
CELL,SCSTUDY-2026-08-18-m2-simpy-04,set04,066,34,33,same-family,"사다리꼴의 두 변의 중점을 연결한 선분의 성질","삼각형의 중선과 넓이","사다리꼴의 중점연결정리"
CELL,SCSTUDY-2026-08-18-m2-simpy-04,set04,067,35,34,same-family,"삼각형의 중선의 성질","삼각형의 무게중심 기본 성질","삼각형의 중선과 넓이"
CELL,SCSTUDY-2026-08-18-m2-simpy-04,set04,068,38,34,same-family,"삼각형의 중선의 성질","무게중심 응용 - 비례식","삼각형의 중선과 넓이"
CELL,SCSTUDY-2026-08-18-m2-simpy-04,set04,069,38,34,same-family,"삼각형의 중선의 성질","무게중심 응용 - 비례식","삼각형의 중선과 넓이"
CELL,SCSTUDY-2026-08-18-m2-simpy-04,set04,070,38,35,same-family,"삼각형의 무게중심(1) △ABC의 무게중심","무게중심 응용 - 비례식","삼각형의 무게중심 기본 성질"
CELL,SCSTUDY-2026-08-18-m2-simpy-04,set04,071,38,35,same-family,"삼각형의 무게중심(1) △ABC의 무게중심","무게중심 응용 - 비례식","삼각형의 무게중심 기본 성질"
CELL,SCSTUDY-2026-08-18-m2-simpy-04,set04,072,38,37,same-family,"삼각형의 무게중심의 응용(1)","무게중심 응용 - 비례식","무게중심 응용 - 선분 길이"
CELL,SCSTUDY-2026-08-18-m2-simpy-04,set04,073,38,37,same-family,"삼각형의 무게중심의 응용(1)","무게중심 응용 - 비례식","무게중심 응용 - 선분 길이"
CELL,SCSTUDY-2026-08-18-m2-simpy-04,set04,074,38,37,same-family,"삼각형의 무게중심의 응용(1)","무게중심 응용 - 비례식","무게중심 응용 - 선분 길이"
CELL,SCSTUDY-2026-08-18-m2-simpy-04,set04,076,39,38,same-family,"삼각형의 무게중심의 응용(2)","무게중심 응용 - 복합도형","무게중심 응용 - 비례식"
CELL,SCSTUDY-2026-08-18-m2-simpy-04,set04,077,39,38,same-family,"삼각형의 무게중심의 응용(2)","무게중심 응용 - 복합도형","무게중심 응용 - 비례식"
CELL,SCSTUDY-2026-08-18-m2-simpy-04,set04,078,42,39,same-family,"삼각형의 무게중심의 응용(3)","평행사변형에서 무게중심과 길이","무게중심 응용 - 복합도형"
CELL,SCSTUDY-2026-08-18-m2-simpy-04,set04,079,42,39,same-family,"삼각형의 무게중심의 응용(3)","평행사변형에서 무게중심과 길이","무게중심 응용 - 복합도형"
CELL,SCSTUDY-2026-08-18-m2-simpy-04,set04,080,42,40,same-family,"삼각형의 무게중심과 넓이의 관계(1) △ABC의 무게중심","평행사변형에서 무게중심과 길이","무게중심과 삼각형 넓이비"
CELL,SCSTUDY-2026-08-18-m2-simpy-04,set04,081,42,40,same-family,"삼각형의 무게중심과 넓이의 관계(1) △ABC의 무게중심","평행사변형에서 무게중심과 길이","무게중심과 삼각형 넓이비"
CELL,SCSTUDY-2026-08-18-m2-simpy-04,set04,082,42,40,same-family,"삼각형의 무게중심과 넓이의 관계(1) △ABC의 무게중심","평행사변형에서 무게중심과 길이","무게중심과 삼각형 넓이비"
CELL,SCSTUDY-2026-08-18-m2-simpy-04,set04,083,40,41,same-family,"삼각형의 무게중심과 넓이의 관계(2) △ABC, △GBC의 무게중심","무게중심과 삼각형 넓이비","두 무게중심과 넓이 관계"
CELL,SCSTUDY-2026-08-18-m2-simpy-04,set04,084,40,41,same-family,"삼각형의 무게중심과 넓이의 관계(2) △ABC, △GBC의 무게중심","무게중심과 삼각형 넓이비","두 무게중심과 넓이 관계"
CELL,SCSTUDY-2026-08-18-m2-simpy-04,set04,086,43,42,same-family,"평행사변형에서 삼각형의 무게중심의 응용(1) 길이","평행사변형에서 무게중심과 넓이","평행사변형에서 무게중심과 길이"
CELL,SCSTUDY-2026-08-18-m2-simpy-04,set04,099,48,49,same-family,"닮은 두 입체도형의 부피의 비의 활용","닮은 입체도형의 부피비","닮은 입체도형 부피비의 활용"
CELL,SCSTUDY-2026-08-18-m2-simpy-04,set04,100,48,49,same-family,"닮은 두 입체도형의 부피의 비의 활용","닮은 입체도형의 부피비","닮은 입체도형 부피비의 활용"
CELL,SCSTUDY-2026-08-18-m2-simpy-04,set04,124,54,55,same-family,"피타고라스 정리의 설명(1) 유클리드의 방법","이등변삼각형의 높이와 넓이","피타고라스 정리의 여러 증명"
CELL,SCSTUDY-2026-08-18-m2-simpy-05,set05,009,9,8,same-family,"삼각형의 닮음 조건의 응용(2) AA 닮음","평행선에서 삼각형의 닮음 찾기","AA 닮음의 조건 적용"
CELL,SCSTUDY-2026-08-18-m2-simpy-05,set05,015,10,11,same-family,"직각삼각형의 닮음(2) 한 예각의 크기가 같은 경우","직각삼각형의 닮음 - 공통각 구조","직각삼각형의 닮음 - 같은 예각 구조"
CELL,SCSTUDY-2026-08-18-m2-simpy-05,set05,016,10,11,same-family,"직각삼각형의 닮음(2) 한 예각의 크기가 같은 경우","직각삼각형의 닮음 - 공통각 구조","직각삼각형의 닮음 - 같은 예각 구조"
CELL,SCSTUDY-2026-08-18-m2-simpy-05,set05,017,10,11,same-family,"직각삼각형의 닮음(2) 한 예각의 크기가 같은 경우","직각삼각형의 닮음 - 공통각 구조","직각삼각형의 닮음 - 같은 예각 구조"
CELL,SCSTUDY-2026-08-18-m2-simpy-05,set05,018,10,12,same-family,"직각삼각형의 닮음의 응용","직각삼각형의 닮음 - 공통각 구조","직각삼각형 닮음의 길이·넓이 응용"
CELL,SCSTUDY-2026-08-18-m2-simpy-05,set05,019,12,13,same-family,"종이접기와 삼각형의 닮음","직각삼각형 닮음의 길이·넓이 응용","종이접기에서 닮은 삼각형 찾기"
CELL,SCSTUDY-2026-08-18-m2-simpy-05,set05,020,12,13,same-family,"종이접기와 삼각형의 닮음","직각삼각형 닮음의 길이·넓이 응용","종이접기에서 닮은 삼각형 찾기"
CELL,SCSTUDY-2026-08-18-m2-simpy-05,set05,026,14,16,same-family,"삼각형에서 평행선 사이의 선분의 길이의 비의 응용","평행선과 선분비 - 공통각 구조","삼각형에서 평행선 선분비 응용"
CELL,SCSTUDY-2026-08-18-m2-simpy-05,set05,027,14,16,same-family,"삼각형에서 평행선 사이의 선분의 길이의 비의 응용","평행선과 선분비 - 공통각 구조","삼각형에서 평행선 선분비 응용"
CELL,SCSTUDY-2026-08-18-m2-simpy-05,set05,028,14,18,same-family,"삼각형의 내각의 이등분선과 변의 길이","평행선과 선분비 - 공통각 구조","삼각형 내각의 이등분선과 변의 비"
CELL,SCSTUDY-2026-08-18-m2-simpy-05,set05,029,14,18,same-family,"삼각형의 내각의 이등분선과 변의 길이","평행선과 선분비 - 공통각 구조","삼각형 내각의 이등분선과 변의 비"
CELL,SCSTUDY-2026-08-18-m2-simpy-05,set05,030,14,18,same-family,"삼각형의 내각의 이등분선과 변의 길이","평행선과 선분비 - 공통각 구조","삼각형 내각의 이등분선과 변의 비"
CELL,SCSTUDY-2026-08-18-m2-simpy-05,set05,034,21,20,same-family,"삼각형의 외각의 이등분선과 변의 길이","삼각형 외각의 이등분선과 넓이비","삼각형 외각의 이등분선과 변의 비"
CELL,SCSTUDY-2026-08-18-m2-simpy-05,set05,035,21,20,same-family,"삼각형의 외각의 이등분선과 변의 길이","삼각형 외각의 이등분선과 넓이비","삼각형 외각의 이등분선과 변의 비"
CELL,SCSTUDY-2026-08-18-m2-simpy-05,set05,036,20,21,same-family,"삼각형의 외각의 이등분선과 삼각형의 넓이","삼각형 외각의 이등분선과 변의 비","삼각형 외각의 이등분선과 넓이비"
CELL,SCSTUDY-2026-08-18-m2-simpy-05,set05,042,25,24,same-family,"사다리꼴에서 평행선과 한 대각선의 길이","사다리꼴과 두 대각선 - 교점 비통과","사다리꼴과 한 대각선의 길이비"
CELL,SCSTUDY-2026-08-18-m2-simpy-05,set05,043,25,24,same-family,"사다리꼴에서 평행선과 한 대각선의 길이","사다리꼴과 두 대각선 - 교점 비통과","사다리꼴과 한 대각선의 길이비"
CELL,SCSTUDY-2026-08-18-m2-simpy-05,set05,044,26,25,same-family,"사다리꼴에서 평행선과 두 대각선의 길이(1) 평행선이 대각선의 교점을 지나지 않을 때","사다리꼴과 두 대각선 - 교점 통과","사다리꼴과 두 대각선 - 교점 비통과"
CELL,SCSTUDY-2026-08-18-m2-simpy-05,set05,045,26,25,same-family,"사다리꼴에서 평행선과 두 대각선의 길이(1) 평행선이 대각선의 교점을 지나지 않을 때","사다리꼴과 두 대각선 - 교점 통과","사다리꼴과 두 대각선 - 교점 비통과"
CELL,SCSTUDY-2026-08-18-m2-simpy-05,set05,046,26,25,same-family,"사다리꼴에서 평행선과 두 대각선의 길이(1) 평행선이 대각선의 교점을 지나지 않을 때","사다리꼴과 두 대각선 - 교점 통과","사다리꼴과 두 대각선 - 교점 비통과"
CELL,SCSTUDY-2026-08-18-m2-simpy-05,set05,047,25,26,same-family,"사다리꼴에서 평행선과 두 대각선의 길이(2) 평행선이 대각선의 교점을 지날 때","사다리꼴과 두 대각선 - 교점 비통과","사다리꼴과 두 대각선 - 교점 통과"
CELL,SCSTUDY-2026-08-18-m2-simpy-05,set05,049,27,26,same-family,"사다리꼴에서 평행선과 두 대각선의 길이(2) 평행선이 대각선의 교점을 지날 때","평행선 사이 길이비의 종합 응용","사다리꼴과 두 대각선 - 교점 통과"
CELL,SCSTUDY-2026-08-18-m2-simpy-05,set05,052,29,28,same-family,"삼각형의 두 변의 중점을 연결한 선분의 성질(1)","중점연결정리의 중점 응용","삼각형의 중점연결정리"
CELL,SCSTUDY-2026-08-18-m2-simpy-05,set05,053,29,28,same-family,"삼각형의 두 변의 중점을 연결한 선분의 성질(1)","중점연결정리의 중점 응용","삼각형의 중점연결정리"
CELL,SCSTUDY-2026-08-18-m2-simpy-05,set05,054,29,28,same-family,"삼각형의 두 변의 중점을 연결한 선분의 성질(2)","중점연결정리의 중점 응용","삼각형의 중점연결정리"
CELL,SCSTUDY-2026-08-18-m2-simpy-05,set05,055,30,28,same-family,"삼각형의 두 변의 중점을 연결한 선분의 성질(2)","중점연결정리의 삼등분선 응용","삼각형의 중점연결정리"
CELL,SCSTUDY-2026-08-18-m2-simpy-05,set05,056,30,28,same-family,"삼각형의 두 변의 중점을 연결한 선분의 성질(2)","중점연결정리의 삼등분선 응용","삼각형의 중점연결정리"
CELL,SCSTUDY-2026-08-18-m2-simpy-05,set05,057,30,29,same-family,"삼각형의 중점을 연결한 선분 응용(1) 중점","중점연결정리의 삼등분선 응용","중점연결정리의 중점 응용"
CELL,SCSTUDY-2026-08-18-m2-simpy-05,set05,058,30,29,same-family,"삼각형의 중점을 연결한 선분 응용(1) 중점","중점연결정리의 삼등분선 응용","중점연결정리의 중점 응용"
CELL,SCSTUDY-2026-08-18-m2-simpy-05,set05,059,30,29,same-family,"삼각형의 중점을 연결한 선분 응용(1) 중점","중점연결정리의 삼등분선 응용","중점연결정리의 중점 응용"
CELL,SCSTUDY-2026-08-18-m2-simpy-05,set05,060,32,30,same-family,"삼각형의 중점을 연결한 선분 응용(2) 삼등분선","사각형 각 변의 중점을 이은 사각형","중점연결정리의 삼등분선 응용"
CELL,SCSTUDY-2026-08-18-m2-simpy-05,set05,062,32,30,same-family,"삼각형의 중점을 연결한 선분 응용(2) 삼등분선","사각형 각 변의 중점을 이은 사각형","중점연결정리의 삼등분선 응용"
CELL,SCSTUDY-2026-08-18-m2-simpy-05,set05,063,33,32,same-family,"사각형의 각 변의 중점을 연결하여 만든 사각형","사다리꼴의 중점연결정리","사각형 각 변의 중점을 이은 사각형"
CELL,SCSTUDY-2026-08-18-m2-simpy-05,set05,065,33,32,same-family,"사각형의 각 변의 중점을 연결하여 만든 사각형","사다리꼴의 중점연결정리","사각형 각 변의 중점을 이은 사각형"
CELL,SCSTUDY-2026-08-18-m2-simpy-05,set05,066,34,33,same-family,"사다리꼴의 두 변의 중점을 연결한 선분의 성질","삼각형의 중선과 넓이","사다리꼴의 중점연결정리"
CELL,SCSTUDY-2026-08-18-m2-simpy-05,set05,067,34,33,same-family,"사다리꼴의 두 변의 중점을 연결한 선분의 성질","삼각형의 중선과 넓이","사다리꼴의 중점연결정리"
CELL,SCSTUDY-2026-08-18-m2-simpy-05,set05,068,35,34,same-family,"삼각형의 중선의 성질","삼각형의 무게중심 기본 성질","삼각형의 중선과 넓이"
CELL,SCSTUDY-2026-08-18-m2-simpy-05,set05,069,35,34,same-family,"삼각형의 중선의 성질","삼각형의 무게중심 기본 성질","삼각형의 중선과 넓이"
CELL,SCSTUDY-2026-08-18-m2-simpy-05,set05,070,38,35,same-family,"삼각형의 무게중심(1) △ABC의 무게중심","무게중심 응용 - 비례식","삼각형의 무게중심 기본 성질"
CELL,SCSTUDY-2026-08-18-m2-simpy-05,set05,071,38,35,same-family,"삼각형의 무게중심(1) △ABC의 무게중심","무게중심 응용 - 비례식","삼각형의 무게중심 기본 성질"
CELL,SCSTUDY-2026-08-18-m2-simpy-05,set05,072,38,37,same-family,"삼각형의 무게중심의 응용(1)","무게중심 응용 - 비례식","무게중심 응용 - 선분 길이"
CELL,SCSTUDY-2026-08-18-m2-simpy-05,set05,073,38,37,same-family,"삼각형의 무게중심의 응용(1)","무게중심 응용 - 비례식","무게중심 응용 - 선분 길이"
CELL,SCSTUDY-2026-08-18-m2-simpy-05,set05,075,42,38,same-family,"삼각형의 무게중심의 응용(2)","평행사변형에서 무게중심과 길이","무게중심 응용 - 비례식"
CELL,SCSTUDY-2026-08-18-m2-simpy-05,set05,077,42,39,same-family,"삼각형의 무게중심의 응용(3)","평행사변형에서 무게중심과 길이","무게중심 응용 - 복합도형"
CELL,SCSTUDY-2026-08-18-m2-simpy-05,set05,080,39,41,same-family,"삼각형의 무게중심과 넓이의 관계(2) △ABC, △GBC의 무게중심","무게중심 응용 - 복합도형","두 무게중심과 넓이 관계"
CELL,SCSTUDY-2026-08-18-m2-simpy-05,set05,081,40,41,same-family,"삼각형의 무게중심과 넓이의 관계(2) △ABC, △GBC의 무게중심","무게중심과 삼각형 넓이비","두 무게중심과 넓이 관계"
CELL,SCSTUDY-2026-08-18-m2-simpy-05,set05,084,42,43,same-family,"평행사변형에서 삼각형의 무게중심의 응용(2) 넓이","평행사변형에서 무게중심과 길이","평행사변형에서 무게중심과 넓이"
CELL,SCSTUDY-2026-08-18-m2-simpy-05,set05,085,42,43,same-family,"평행사변형에서 삼각형의 무게중심의 응용(2) 넓이","평행사변형에서 무게중심과 길이","평행사변형에서 무게중심과 넓이"
CELL,SCSTUDY-2026-08-18-m2-simpy-05,set05,086,42,43,same-family,"평행사변형에서 삼각형의 무게중심의 응용(2) 넓이","평행사변형에서 무게중심과 길이","평행사변형에서 무게중심과 넓이"
CELL,SCSTUDY-2026-08-18-m2-simpy-05,set05,096,48,49,same-family,"닮은 두 입체도형의 부피의 비의 활용","닮은 입체도형의 부피비","닮은 입체도형 부피비의 활용"
CELL,SCSTUDY-2026-08-18-m2-simpy-05,set05,097,48,49,same-family,"닮은 두 입체도형의 부피의 비의 활용","닮은 입체도형의 부피비","닮은 입체도형 부피비의 활용"
CELL,SCSTUDY-2026-08-18-m2-simpy-05,set05,104,52,51,same-family,"삼각형의 변의 길이 구하기(1)","직각삼각형의 닮음과 피타고라스 정리","피타고라스 정리로 삼각형의 변 구하기"
CELL,SCSTUDY-2026-08-18-m2-simpy-05,set05,119,52,53,same-family,"직사각형의 대각선의 길이","직각삼각형의 닮음과 피타고라스 정리","사각형·직사각형에서 피타고라스 정리"
CELL,SCSTUDY-2026-08-18-m2-simpy-05,set05,123,54,55,same-family,"피타고라스 정리의 설명(1) 유클리드의 방법","이등변삼각형의 높이와 넓이","피타고라스 정리의 여러 증명"
CELL,SCSTUDY-2026-08-18-m2-simpy-05,set05,124,54,55,same-family,"피타고라스 정리의 설명(1) 유클리드의 방법","이등변삼각형의 높이와 넓이","피타고라스 정리의 여러 증명"
CELL,SCSTUDY-2026-08-18-m2-simpy-06,set06,002,10,5,same-family,"삼각형의 닮음 조건","직각삼각형의 닮음 - 공통각 구조","삼각형의 닮음 조건 판별"
CELL,SCSTUDY-2026-08-18-m2-simpy-06,set06,003,10,5,same-family,"삼각형의 닮음 조건","직각삼각형의 닮음 - 공통각 구조","삼각형의 닮음 조건 판별"
CELL,SCSTUDY-2026-08-18-m2-simpy-06,set06,004,5,7,same-family,"삼각형의 닮음 조건의 응용(1) SAS 닮음","삼각형의 닮음 조건 판별","SAS 닮음의 조건 적용"
CELL,SCSTUDY-2026-08-18-m2-simpy-06,set06,014,10,11,same-family,"직각삼각형의 닮음(2) 한 예각의 크기가 같은 경우","직각삼각형의 닮음 - 공통각 구조","직각삼각형의 닮음 - 같은 예각 구조"
CELL,SCSTUDY-2026-08-18-m2-simpy-06,set06,015,10,11,same-family,"직각삼각형의 닮음(2) 한 예각의 크기가 같은 경우","직각삼각형의 닮음 - 공통각 구조","직각삼각형의 닮음 - 같은 예각 구조"
CELL,SCSTUDY-2026-08-18-m2-simpy-06,set06,016,9,11,same-family,"직각삼각형의 닮음(2) 한 예각의 크기가 같은 경우","평행선에서 삼각형의 닮음 찾기","직각삼각형의 닮음 - 같은 예각 구조"
CELL,SCSTUDY-2026-08-18-m2-simpy-06,set06,021,22,14,same-family,"삼각형에서 평행선 사이의 선분의 길이의 비(1) 한 각이 공통각인 두 삼각형","여러 평행선 사이의 길이비","평행선과 선분비 - 공통각 구조"
CELL,SCSTUDY-2026-08-18-m2-simpy-06,set06,022,16,14,same-family,"삼각형에서 평행선 사이의 선분의 길이의 비(1) 한 각이 공통각인 두 삼각형","삼각형에서 평행선 선분비 응용","평행선과 선분비 - 공통각 구조"
CELL,SCSTUDY-2026-08-18-m2-simpy-06,set06,023,17,14,same-family,"삼각형에서 평행선 사이의 선분의 길이의 비(1) 한 각이 공통각인 두 삼각형","역으로 평행선 판정하기","평행선과 선분비 - 공통각 구조"
CELL,SCSTUDY-2026-08-18-m2-simpy-06,set06,039,22,23,same-family,"사다리꼴에서 평행선 사이의 선분의 길이의 비","여러 평행선 사이의 길이비","사다리꼴에서 평행선 선분비"
CELL,SCSTUDY-2026-08-18-m2-simpy-06,set06,040,22,23,same-family,"사다리꼴에서 평행선 사이의 선분의 길이의 비","여러 평행선 사이의 길이비","사다리꼴에서 평행선 선분비"
CELL,SCSTUDY-2026-08-18-m2-simpy-06,set06,041,27,23,same-family,"사다리꼴에서 평행선 사이의 선분의 길이의 비","평행선 사이 길이비의 종합 응용","사다리꼴에서 평행선 선분비"
CELL,SCSTUDY-2026-08-18-m2-simpy-06,set06,043,26,24,same-family,"사다리꼴에서 평행선과 한 대각선의 길이","사다리꼴과 두 대각선 - 교점 통과","사다리꼴과 한 대각선의 길이비"
CELL,SCSTUDY-2026-08-18-m2-simpy-06,set06,055,29,28,same-family,"삼각형의 두 변의 중점을 연결한 선분의 성질(2)","중점연결정리의 중점 응용","삼각형의 중점연결정리"
CELL,SCSTUDY-2026-08-18-m2-simpy-06,set06,056,33,28,same-family,"삼각형의 두 변의 중점을 연결한 선분의 성질(2)","사다리꼴의 중점연결정리","삼각형의 중점연결정리"
CELL,SCSTUDY-2026-08-18-m2-simpy-06,set06,057,30,29,same-family,"삼각형의 중점을 연결한 선분 응용(1) 중점","중점연결정리의 삼등분선 응용","중점연결정리의 중점 응용"
CELL,SCSTUDY-2026-08-18-m2-simpy-06,set06,058,30,29,same-family,"삼각형의 중점을 연결한 선분 응용(1) 중점","중점연결정리의 삼등분선 응용","중점연결정리의 중점 응용"
CELL,SCSTUDY-2026-08-18-m2-simpy-06,set06,059,30,29,same-family,"삼각형의 중점을 연결한 선분 응용(1) 중점","중점연결정리의 삼등분선 응용","중점연결정리의 중점 응용"
CELL,SCSTUDY-2026-08-18-m2-simpy-06,set06,067,29,33,same-family,"사다리꼴의 두 변의 중점을 연결한 선분의 성질","중점연결정리의 중점 응용","사다리꼴의 중점연결정리"
CELL,SCSTUDY-2026-08-18-m2-simpy-06,set06,068,40,34,same-family,"삼각형의 중선의 성질","무게중심과 삼각형 넓이비","삼각형의 중선과 넓이"
CELL,SCSTUDY-2026-08-18-m2-simpy-06,set06,070,30,34,same-family,"삼각형의 중선의 성질","중점연결정리의 삼등분선 응용","삼각형의 중선과 넓이"
CELL,SCSTUDY-2026-08-18-m2-simpy-06,set06,075,38,37,same-family,"삼각형의 무게중심의 응용(1)","무게중심 응용 - 비례식","무게중심 응용 - 선분 길이"
CELL,SCSTUDY-2026-08-18-m2-simpy-06,set06,077,37,38,same-family,"삼각형의 무게중심의 응용(2)","무게중심 응용 - 선분 길이","무게중심 응용 - 비례식"
CELL,SCSTUDY-2026-08-18-m2-simpy-06,set06,078,37,38,same-family,"삼각형의 무게중심의 응용(2)","무게중심 응용 - 선분 길이","무게중심 응용 - 비례식"
CELL,SCSTUDY-2026-08-18-m2-simpy-06,set06,089,39,42,same-family,"평행사변형에서 삼각형의 무게중심의 응용(1) 길이","무게중심 응용 - 복합도형","평행사변형에서 무게중심과 길이"
CELL,SCSTUDY-2026-08-18-m2-simpy-06,set06,093,45,44,same-family,"닮은 두 평면도형의 넓이의 비","닮은 평면도형 넓이비의 활용","닮은 평면도형의 넓이비"
CELL,SCSTUDY-2026-08-18-m2-simpy-06,set06,094,45,44,same-family,"닮은 두 평면도형의 넓이의 비","닮은 평면도형 넓이비의 활용","닮은 평면도형의 넓이비"
CELL,SCSTUDY-2026-08-18-m2-simpy-06,set06,095,44,45,same-family,"닮은 두 평면도형의 넓이의 비의 활용","닮은 평면도형의 넓이비","닮은 평면도형 넓이비의 활용"
CELL,SCSTUDY-2026-08-18-m2-simpy-06,set06,096,44,45,same-family,"닮은 두 평면도형의 넓이의 비의 활용","닮은 평면도형의 넓이비","닮은 평면도형 넓이비의 활용"
CELL,SCSTUDY-2026-08-18-m2-simpy-06,set06,102,49,48,same-family,"닮은 두 입체도형의 부피의 비","닮은 입체도형 부피비의 활용","닮은 입체도형의 부피비"
CELL,SCSTUDY-2026-08-18-m2-simpy-06,set06,104,48,49,same-family,"닮은 두 입체도형의 부피의 비의 활용","닮은 입체도형의 부피비","닮은 입체도형 부피비의 활용"
CELL,SCSTUDY-2026-08-18-m2-simpy-06,set06,113,52,51,same-family,"삼각형의 변의 길이 구하기(2)","직각삼각형의 닮음과 피타고라스 정리","피타고라스 정리로 삼각형의 변 구하기"
CELL,SCSTUDY-2026-08-18-m2-simpy-06,set06,114,52,51,same-family,"삼각형의 변의 길이 구하기(2)","직각삼각형의 닮음과 피타고라스 정리","피타고라스 정리로 삼각형의 변 구하기"
CELL,SCSTUDY-2026-08-18-m2-simpy-06,set06,115,52,51,same-family,"삼각형의 변의 길이 구하기(2)","직각삼각형의 닮음과 피타고라스 정리","피타고라스 정리로 삼각형의 변 구하기"
CELL,SCSTUDY-2026-08-18-m2-simpy-06,set06,116,53,51,same-family,"삼각형의 변의 길이 구하기(3)","사각형·직사각형에서 피타고라스 정리","피타고라스 정리로 삼각형의 변 구하기"
CELL,SCSTUDY-2026-08-18-m2-simpy-06,set06,117,53,51,same-family,"삼각형의 변의 길이 구하기(3)","사각형·직사각형에서 피타고라스 정리","피타고라스 정리로 삼각형의 변 구하기"
CELL,SCSTUDY-2026-08-18-m2-simpy-06,set06,118,51,52,same-family,"직각삼각형의 닮음과 피타고라스 정리","피타고라스 정리로 삼각형의 변 구하기","직각삼각형의 닮음과 피타고라스 정리"
CELL,SCSTUDY-2026-08-18-m2-simpy-06,set06,142,58,57,same-family,"피타고라스 정리의 활용(4) 직각삼각형의 세 반원 사이의 관계","히포크라테스·피타고라스 나무·종이접기","평면도형에서 피타고라스 정리의 활용"
CELL,SCSTUDY-2026-08-18-m2-simpy-06,set06,143,58,57,same-family,"피타고라스 정리의 활용(4) 직각삼각형의 세 반원 사이의 관계","히포크라테스·피타고라스 나무·종이접기","평면도형에서 피타고라스 정리의 활용"
CELL,SCSTUDY-2026-08-18-m2-simpy-07,set07,007,11,9,same-family,"평행선에서 삼각형의 닮음 조건의 응용","직각삼각형의 닮음 - 같은 예각 구조","평행선에서 삼각형의 닮음 찾기"
CELL,SCSTUDY-2026-08-18-m2-simpy-07,set07,009,11,9,same-family,"평행선에서 삼각형의 닮음 조건의 응용","직각삼각형의 닮음 - 같은 예각 구조","평행선에서 삼각형의 닮음 찾기"
CELL,SCSTUDY-2026-08-18-m2-simpy-07,set07,011,12,10,same-family,"직각삼각형의 닮음(1) 공통인 각이 있는 경우","직각삼각형 닮음의 길이·넓이 응용","직각삼각형의 닮음 - 공통각 구조"
CELL,SCSTUDY-2026-08-18-m2-simpy-07,set07,012,12,10,same-family,"직각삼각형의 닮음(1) 공통인 각이 있는 경우","직각삼각형 닮음의 길이·넓이 응용","직각삼각형의 닮음 - 공통각 구조"
CELL,SCSTUDY-2026-08-18-m2-simpy-07,set07,013,12,11,same-family,"직각삼각형의 닮음(2) 한 예각의 크기가 같은 경우","직각삼각형 닮음의 길이·넓이 응용","직각삼각형의 닮음 - 같은 예각 구조"
CELL,SCSTUDY-2026-08-18-m2-simpy-07,set07,014,9,11,same-family,"직각삼각형의 닮음(2) 한 예각의 크기가 같은 경우","평행선에서 삼각형의 닮음 찾기","직각삼각형의 닮음 - 같은 예각 구조"
CELL,SCSTUDY-2026-08-18-m2-simpy-07,set07,015,9,11,same-family,"직각삼각형의 닮음(2) 한 예각의 크기가 같은 경우","평행선에서 삼각형의 닮음 찾기","직각삼각형의 닮음 - 같은 예각 구조"
CELL,SCSTUDY-2026-08-18-m2-simpy-07,set07,021,16,14,same-family,"삼각형에서 평행선 사이의 선분의 길이의 비(1) 한 각이 공통각인 두 삼각형","삼각형에서 평행선 선분비 응용","평행선과 선분비 - 공통각 구조"
CELL,SCSTUDY-2026-08-18-m2-simpy-07,set07,023,16,14,same-family,"삼각형에서 평행선 사이의 선분의 길이의 비(1) 한 각이 공통각인 두 삼각형","삼각형에서 평행선 선분비 응용","평행선과 선분비 - 공통각 구조"
CELL,SCSTUDY-2026-08-18-m2-simpy-07,set07,024,16,15,same-family,"삼각형에서 평행선 사이의 선분의 길이의 비(2) 한 각이 맞꼭지각인 두 삼각형","삼각형에서 평행선 선분비 응용","평행선과 선분비 - 맞꼭지각 구조"
CELL,SCSTUDY-2026-08-18-m2-simpy-07,set07,025,16,15,same-family,"삼각형에서 평행선 사이의 선분의 길이의 비(2) 한 각이 맞꼭지각인 두 삼각형","삼각형에서 평행선 선분비 응용","평행선과 선분비 - 맞꼭지각 구조"
CELL,SCSTUDY-2026-08-18-m2-simpy-07,set07,043,22,23,same-family,"사다리꼴에서 평행선 사이의 선분의 길이의 비","여러 평행선 사이의 길이비","사다리꼴에서 평행선 선분비"
CELL,SCSTUDY-2026-08-18-m2-simpy-07,set07,044,22,23,same-family,"사다리꼴에서 평행선 사이의 선분의 길이의 비","여러 평행선 사이의 길이비","사다리꼴에서 평행선 선분비"
CELL,SCSTUDY-2026-08-18-m2-simpy-07,set07,045,27,23,same-family,"사다리꼴에서 평행선 사이의 선분의 길이의 비","평행선 사이 길이비의 종합 응용","사다리꼴에서 평행선 선분비"
CELL,SCSTUDY-2026-08-18-m2-simpy-07,set07,057,29,28,same-family,"삼각형의 두 변의 중점을 연결한 선분의 성질(2)","중점연결정리의 중점 응용","삼각형의 중점연결정리"
CELL,SCSTUDY-2026-08-18-m2-simpy-07,set07,058,29,28,same-family,"삼각형의 두 변의 중점을 연결한 선분의 성질(2)","중점연결정리의 중점 응용","삼각형의 중점연결정리"
CELL,SCSTUDY-2026-08-18-m2-simpy-07,set07,059,29,28,same-family,"삼각형의 두 변의 중점을 연결한 선분의 성질(2)","중점연결정리의 중점 응용","삼각형의 중점연결정리"
CELL,SCSTUDY-2026-08-18-m2-simpy-07,set07,060,30,29,same-family,"삼각형의 중점을 연결한 선분 응용(1) 중점","중점연결정리의 삼등분선 응용","중점연결정리의 중점 응용"
CELL,SCSTUDY-2026-08-18-m2-simpy-07,set07,061,30,29,same-family,"삼각형의 중점을 연결한 선분 응용(1) 중점","중점연결정리의 삼등분선 응용","중점연결정리의 중점 응용"
CELL,SCSTUDY-2026-08-18-m2-simpy-07,set07,062,30,29,same-family,"삼각형의 중점을 연결한 선분 응용(1) 중점","중점연결정리의 삼등분선 응용","중점연결정리의 중점 응용"
CELL,SCSTUDY-2026-08-18-m2-simpy-07,set07,065,38,30,same-family,"삼각형의 중점을 연결한 선분 응용(2) 삼등분선","무게중심 응용 - 비례식","중점연결정리의 삼등분선 응용"
CELL,SCSTUDY-2026-08-18-m2-simpy-07,set07,071,29,33,same-family,"사다리꼴의 두 변의 중점을 연결한 선분의 성질","중점연결정리의 중점 응용","사다리꼴의 중점연결정리"
CELL,SCSTUDY-2026-08-18-m2-simpy-07,set07,073,30,34,same-family,"삼각형의 중선의 성질","중점연결정리의 삼등분선 응용","삼각형의 중선과 넓이"
CELL,SCSTUDY-2026-08-18-m2-simpy-07,set07,074,30,34,same-family,"삼각형의 중선의 성질","중점연결정리의 삼등분선 응용","삼각형의 중선과 넓이"
CELL,SCSTUDY-2026-08-18-m2-simpy-07,set07,075,37,35,same-family,"삼각형의 무게중심(1) △ABC의 무게중심","무게중심 응용 - 선분 길이","삼각형의 무게중심 기본 성질"
CELL,SCSTUDY-2026-08-18-m2-simpy-07,set07,081,37,38,same-family,"삼각형의 무게중심의 응용(2)","무게중심 응용 - 선분 길이","무게중심 응용 - 비례식"
CELL,SCSTUDY-2026-08-18-m2-simpy-07,set07,082,39,38,same-family,"삼각형의 무게중심의 응용(2)","무게중심 응용 - 복합도형","무게중심 응용 - 비례식"
CELL,SCSTUDY-2026-08-18-m2-simpy-07,set07,084,37,39,same-family,"삼각형의 무게중심의 응용(3)","무게중심 응용 - 선분 길이","무게중심 응용 - 복합도형"
CELL,SCSTUDY-2026-08-18-m2-simpy-07,set07,087,39,40,same-family,"삼각형의 무게중심과 넓이의 관계(1) △ABC의 무게중심","무게중심 응용 - 복합도형","무게중심과 삼각형 넓이비"
CELL,SCSTUDY-2026-08-18-m2-simpy-07,set07,093,42,43,same-family,"평행사변형에서 삼각형의 무게중심의 응용(2) 넓이","평행사변형에서 무게중심과 길이","평행사변형에서 무게중심과 넓이"
CELL,SCSTUDY-2026-08-18-m2-simpy-07,set07,095,45,44,same-family,"닮은 두 평면도형의 넓이의 비","닮은 평면도형 넓이비의 활용","닮은 평면도형의 넓이비"
CELL,SCSTUDY-2026-08-18-m2-simpy-07,set07,096,45,44,same-family,"닮은 두 평면도형의 넓이의 비","닮은 평면도형 넓이비의 활용","닮은 평면도형의 넓이비"
CELL,SCSTUDY-2026-08-18-m2-simpy-07,set07,097,44,45,same-family,"닮은 두 평면도형의 넓이의 비의 활용","닮은 평면도형의 넓이비","닮은 평면도형 넓이비의 활용"
CELL,SCSTUDY-2026-08-18-m2-simpy-07,set07,098,44,45,same-family,"닮은 두 평면도형의 넓이의 비의 활용","닮은 평면도형의 넓이비","닮은 평면도형 넓이비의 활용"
CELL,SCSTUDY-2026-08-18-m2-simpy-07,set07,103,49,48,same-family,"닮은 두 입체도형의 부피의 비","닮은 입체도형 부피비의 활용","닮은 입체도형의 부피비"
CELL,SCSTUDY-2026-08-18-m2-simpy-07,set07,104,49,48,same-family,"닮은 두 입체도형의 부피의 비","닮은 입체도형 부피비의 활용","닮은 입체도형의 부피비"
CELL,SCSTUDY-2026-08-18-m2-simpy-07,set07,113,53,51,same-family,"삼각형의 변의 길이 구하기(1)","사각형·직사각형에서 피타고라스 정리","피타고라스 정리로 삼각형의 변 구하기"
CELL,SCSTUDY-2026-08-18-m2-simpy-07,set07,115,52,51,same-family,"삼각형의 변의 길이 구하기(2)","직각삼각형의 닮음과 피타고라스 정리","피타고라스 정리로 삼각형의 변 구하기"
CELL,SCSTUDY-2026-08-18-m2-simpy-07,set07,117,52,51,same-family,"삼각형의 변의 길이 구하기(2)","직각삼각형의 닮음과 피타고라스 정리","피타고라스 정리로 삼각형의 변 구하기"
CELL,SCSTUDY-2026-08-18-m2-simpy-07,set07,143,58,57,same-family,"피타고라스 정리의 활용(4) 직각삼각형의 세 반원 사이의 관계","히포크라테스·피타고라스 나무·종이접기","평면도형에서 피타고라스 정리의 활용"
CELL,SCSTUDY-2026-08-18-m2-simpy-07,set07,144,58,57,same-family,"피타고라스 정리의 활용(4) 직각삼각형의 세 반원 사이의 관계","히포크라테스·피타고라스 나무·종이접기","평면도형에서 피타고라스 정리의 활용"
CELL,SCSTUDY-2026-08-18-m2-simpy-08,set08,004,9,8,same-family,"삼각형의 닮음 조건의 응용(2) AA 닮음","평행선에서 삼각형의 닮음 찾기","AA 닮음의 조건 적용"
CELL,SCSTUDY-2026-08-18-m2-simpy-08,set08,007,11,9,same-family,"평행선에서 삼각형의 닮음 조건의 응용","직각삼각형의 닮음 - 같은 예각 구조","평행선에서 삼각형의 닮음 찾기"
CELL,SCSTUDY-2026-08-18-m2-simpy-08,set08,008,11,9,same-family,"평행선에서 삼각형의 닮음 조건의 응용","직각삼각형의 닮음 - 같은 예각 구조","평행선에서 삼각형의 닮음 찾기"
CELL,SCSTUDY-2026-08-18-m2-simpy-08,set08,013,9,11,same-family,"직각삼각형의 닮음(2) 한 예각의 크기가 같은 경우","평행선에서 삼각형의 닮음 찾기","직각삼각형의 닮음 - 같은 예각 구조"
CELL,SCSTUDY-2026-08-18-m2-simpy-08,set08,014,10,11,same-family,"직각삼각형의 닮음(2) 한 예각의 크기가 같은 경우","직각삼각형의 닮음 - 공통각 구조","직각삼각형의 닮음 - 같은 예각 구조"
CELL,SCSTUDY-2026-08-18-m2-simpy-08,set08,015,10,11,same-family,"직각삼각형의 닮음(2) 한 예각의 크기가 같은 경우","직각삼각형의 닮음 - 공통각 구조","직각삼각형의 닮음 - 같은 예각 구조"
CELL,SCSTUDY-2026-08-18-m2-simpy-08,set08,022,16,14,same-family,"삼각형에서 평행선 사이의 선분의 길이의 비(1) 한 각이 공통각인 두 삼각형","삼각형에서 평행선 선분비 응용","평행선과 선분비 - 공통각 구조"
CELL,SCSTUDY-2026-08-18-m2-simpy-08,set08,023,16,14,same-family,"삼각형에서 평행선 사이의 선분의 길이의 비(1) 한 각이 공통각인 두 삼각형","삼각형에서 평행선 선분비 응용","평행선과 선분비 - 공통각 구조"
CELL,SCSTUDY-2026-08-18-m2-simpy-08,set08,024,16,14,same-family,"삼각형에서 평행선 사이의 선분의 길이의 비(1) 한 각이 공통각인 두 삼각형","삼각형에서 평행선 선분비 응용","평행선과 선분비 - 공통각 구조"
CELL,SCSTUDY-2026-08-18-m2-simpy-08,set08,025,16,15,same-family,"삼각형에서 평행선 사이의 선분의 길이의 비(2) 한 각이 맞꼭지각인 두 삼각형","삼각형에서 평행선 선분비 응용","평행선과 선분비 - 맞꼭지각 구조"
CELL,SCSTUDY-2026-08-18-m2-simpy-08,set08,026,16,15,same-family,"삼각형에서 평행선 사이의 선분의 길이의 비(2) 한 각이 맞꼭지각인 두 삼각형","삼각형에서 평행선 선분비 응용","평행선과 선분비 - 맞꼭지각 구조"
CELL,SCSTUDY-2026-08-18-m2-simpy-08,set08,027,24,15,same-family,"삼각형에서 평행선 사이의 선분의 길이의 비(2) 한 각이 맞꼭지각인 두 삼각형","사다리꼴과 한 대각선의 길이비","평행선과 선분비 - 맞꼭지각 구조"
CELL,SCSTUDY-2026-08-18-m2-simpy-08,set08,041,27,22,same-family,"평행선 사이의 길이의 비","평행선 사이 길이비의 종합 응용","여러 평행선 사이의 길이비"
CELL,SCSTUDY-2026-08-18-m2-simpy-08,set08,043,22,23,same-family,"사다리꼴에서 평행선 사이의 선분의 길이의 비","여러 평행선 사이의 길이비","사다리꼴에서 평행선 선분비"
CELL,SCSTUDY-2026-08-18-m2-simpy-08,set08,044,22,23,same-family,"사다리꼴에서 평행선 사이의 선분의 길이의 비","여러 평행선 사이의 길이비","사다리꼴에서 평행선 선분비"
CELL,SCSTUDY-2026-08-18-m2-simpy-08,set08,047,27,24,same-family,"사다리꼴에서 평행선과 한 대각선의 길이","평행선 사이 길이비의 종합 응용","사다리꼴과 한 대각선의 길이비"
CELL,SCSTUDY-2026-08-18-m2-simpy-08,set08,059,29,28,same-family,"삼각형의 두 변의 중점을 연결한 선분의 성질(1)","중점연결정리의 중점 응용","삼각형의 중점연결정리"
CELL,SCSTUDY-2026-08-18-m2-simpy-08,set08,060,29,28,same-family,"삼각형의 두 변의 중점을 연결한 선분의 성질(2)","중점연결정리의 중점 응용","삼각형의 중점연결정리"
CELL,SCSTUDY-2026-08-18-m2-simpy-08,set08,062,29,28,same-family,"삼각형의 두 변의 중점을 연결한 선분의 성질(2)","중점연결정리의 중점 응용","삼각형의 중점연결정리"
CELL,SCSTUDY-2026-08-18-m2-simpy-08,set08,064,30,29,same-family,"삼각형의 중점을 연결한 선분 응용(1) 중점","중점연결정리의 삼등분선 응용","중점연결정리의 중점 응용"
CELL,SCSTUDY-2026-08-18-m2-simpy-08,set08,065,30,29,same-family,"삼각형의 중점을 연결한 선분 응용(1) 중점","중점연결정리의 삼등분선 응용","중점연결정리의 중점 응용"
CELL,SCSTUDY-2026-08-18-m2-simpy-08,set08,077,37,35,same-family,"삼각형의 무게중심(1) △ABC의 무게중심","무게중심 응용 - 선분 길이","삼각형의 무게중심 기본 성질"
CELL,SCSTUDY-2026-08-18-m2-simpy-08,set08,081,37,38,same-family,"삼각형의 무게중심의 응용(2)","무게중심 응용 - 선분 길이","무게중심 응용 - 비례식"
CELL,SCSTUDY-2026-08-18-m2-simpy-08,set08,082,37,38,same-family,"삼각형의 무게중심의 응용(2)","무게중심 응용 - 선분 길이","무게중심 응용 - 비례식"
CELL,SCSTUDY-2026-08-18-m2-simpy-08,set08,083,39,38,same-family,"삼각형의 무게중심의 응용(2)","무게중심 응용 - 복합도형","무게중심 응용 - 비례식"
CELL,SCSTUDY-2026-08-18-m2-simpy-08,set08,085,37,39,same-family,"삼각형의 무게중심의 응용(3)","무게중심 응용 - 선분 길이","무게중심 응용 - 복합도형"
CELL,SCSTUDY-2026-08-18-m2-simpy-08,set08,095,45,44,same-family,"닮은 두 평면도형의 넓이의 비","닮은 평면도형 넓이비의 활용","닮은 평면도형의 넓이비"
CELL,SCSTUDY-2026-08-18-m2-simpy-08,set08,096,45,44,same-family,"닮은 두 평면도형의 넓이의 비","닮은 평면도형 넓이비의 활용","닮은 평면도형의 넓이비"
CELL,SCSTUDY-2026-08-18-m2-simpy-08,set08,098,44,45,same-family,"닮은 두 평면도형의 넓이의 비의 활용","닮은 평면도형의 넓이비","닮은 평면도형 넓이비의 활용"
CELL,SCSTUDY-2026-08-18-m2-simpy-08,set08,099,44,45,same-family,"닮은 두 평면도형의 넓이의 비의 활용","닮은 평면도형의 넓이비","닮은 평면도형 넓이비의 활용"
CELL,SCSTUDY-2026-08-18-m2-simpy-08,set08,100,44,45,same-family,"닮은 두 평면도형의 넓이의 비의 활용","닮은 평면도형의 넓이비","닮은 평면도형 넓이비의 활용"
CELL,SCSTUDY-2026-08-18-m2-simpy-08,set08,103,49,48,same-family,"닮은 두 입체도형의 부피의 비","닮은 입체도형 부피비의 활용","닮은 입체도형의 부피비"
CELL,SCSTUDY-2026-08-18-m2-simpy-08,set08,105,49,48,same-family,"닮은 두 입체도형의 부피의 비","닮은 입체도형 부피비의 활용","닮은 입체도형의 부피비"
CELL,SCSTUDY-2026-08-18-m2-simpy-08,set08,117,53,51,same-family,"삼각형의 변의 길이 구하기(1)","사각형·직사각형에서 피타고라스 정리","피타고라스 정리로 삼각형의 변 구하기"
CELL,SCSTUDY-2026-08-18-m2-simpy-08,set08,118,55,51,same-family,"삼각형의 변의 길이 구하기(2)","피타고라스 정리의 여러 증명","피타고라스 정리로 삼각형의 변 구하기"
NEWLABEL,SCSTUDY-2026-08-18-m2-simpy-01,set01,001,2,0,,"평면도형에서 닮음의 성질","평면도형의 닮음비 계산과 활용",""
NEWLABEL,SCSTUDY-2026-08-18-m2-simpy-01,set01,002,2,0,,"평면도형에서 닮음의 성질","평면도형의 닮음비 계산과 활용",""
NEWLABEL,SCSTUDY-2026-08-18-m2-simpy-01,set01,005,4,0,,"다면체에서 닮음비의 응용","회전체의 닮음비와 대응 길이",""
NEWLABEL,SCSTUDY-2026-08-18-m2-simpy-01,set01,006,4,0,,"다면체에서 닮음비의 응용","회전체의 닮음비와 대응 길이",""
NEWLABEL,SCSTUDY-2026-08-18-m2-simpy-01,set01,129,56,0,,"변의 길이에 따른 삼각형의 종류","피타고라스 정리의 역과 삼각형 분류",""
NEWLABEL,SCSTUDY-2026-08-18-m2-simpy-01,set01,130,56,0,,"변의 길이에 따른 삼각형의 종류","피타고라스 정리의 역과 삼각형 분류",""
NEWLABEL,SCSTUDY-2026-08-18-m2-simpy-01,set01,137,53,0,,"피타고라스 정리의 활용(3) 직사각형 내부의 점","사각형·직사각형에서 피타고라스 정리",""
NEWLABEL,SCSTUDY-2026-08-18-m2-simpy-01,set01,138,53,0,,"피타고라스 정리의 활용(3) 직사각형 내부의 점","사각형·직사각형에서 피타고라스 정리",""
NEWLABEL,SCSTUDY-2026-08-18-m2-simpy-01,set01,143,58,0,,"피타고라스 나무 문제","히포크라테스·피타고라스 나무·종이접기",""
NEWLABEL,SCSTUDY-2026-08-18-m2-simpy-01,set01,144,58,0,,"피타고라스 나무 문제","히포크라테스·피타고라스 나무·종이접기",""
NEWLABEL,SCSTUDY-2026-08-18-m2-simpy-02,set02,001,2,0,,"평면도형에서 닮음의 성질","평면도형의 닮음비 계산과 활용",""
NEWLABEL,SCSTUDY-2026-08-18-m2-simpy-02,set02,005,44,0,,"다면체에서 닮음비의 응용","닮은 평면도형의 넓이비",""
NEWLABEL,SCSTUDY-2026-08-18-m2-simpy-02,set02,129,56,0,,"변의 길이에 따른 삼각형의 종류","피타고라스 정리의 역과 삼각형 분류",""
NEWLABEL,SCSTUDY-2026-08-18-m2-simpy-02,set02,130,56,0,,"변의 길이에 따른 삼각형의 종류","피타고라스 정리의 역과 삼각형 분류",""
NEWLABEL,SCSTUDY-2026-08-18-m2-simpy-02,set02,137,53,0,,"피타고라스 정리의 활용(3) 직사각형 내부의 점","사각형·직사각형에서 피타고라스 정리",""
NEWLABEL,SCSTUDY-2026-08-18-m2-simpy-02,set02,138,53,0,,"피타고라스 정리의 활용(3) 직사각형 내부의 점","사각형·직사각형에서 피타고라스 정리",""
NEWLABEL,SCSTUDY-2026-08-18-m2-simpy-02,set02,143,58,0,,"피타고라스 나무 문제","히포크라테스·피타고라스 나무·종이접기",""
NEWLABEL,SCSTUDY-2026-08-18-m2-simpy-02,set02,144,58,0,,"피타고라스 나무 문제","히포크라테스·피타고라스 나무·종이접기",""
NEWLABEL,SCSTUDY-2026-08-18-m2-simpy-03,set03,129,56,0,,"변의 길이에 따른 삼각형의 종류","피타고라스 정리의 역과 삼각형 분류",""
NEWLABEL,SCSTUDY-2026-08-18-m2-simpy-03,set03,141,57,0,,"피타고라스 나무 문제","평면도형에서 피타고라스 정리의 활용",""
NEWLABEL,SCSTUDY-2026-08-18-m2-simpy-03,set03,142,57,0,,"피타고라스 나무 문제","평면도형에서 피타고라스 정리의 활용",""
NOID,SCSTUDY-2026-08-18-m2-simpy-06,set06,025,0,0,,"삼각형에서 평행선 사이의 선분의 길이의 비(2) 한 각이 맞꼭지각인 두 삼각형","",""
NOID,SCSTUDY-2026-08-18-m2-simpy-06,set06,092,0,0,,"닮은 두 평면도형의 넓이의 비","",""
NOID,SCSTUDY-2026-08-18-m2-simpy-06,set06,126,0,0,,"이등변삼각형의 높이와 넓이","",""
NOID,SCSTUDY-2026-08-18-m2-simpy-06,set06,148,0,0,,"입체도형에서의 피타고라스 정리","",""
NOID,SCSTUDY-2026-08-18-m2-simpy-07,set07,072,0,0,,"삼각형의 중선의 성질","",""
NOID,SCSTUDY-2026-08-18-m2-simpy-07,set07,094,0,0,,"닮은 두 평면도형의 넓이의 비","",""
NOID,SCSTUDY-2026-08-18-m2-simpy-07,set07,126,0,0,,"이등변삼각형의 높이와 넓이","",""
NOID,SCSTUDY-2026-08-18-m2-simpy-07,set07,148,0,0,,"입체도형에서의 피타고라스 정리","",""
NOID,SCSTUDY-2026-08-18-m2-simpy-07,set07,149,0,0,,"입체도형에서의 피타고라스 정리","",""
NOID,SCSTUDY-2026-08-18-m2-simpy-07,set07,150,0,0,,"입체도형에서의 피타고라스 정리","",""
NOID,SCSTUDY-2026-08-18-m2-simpy-08,set08,075,0,0,,"삼각형의 중선의 성질","",""
