task_id,subject,subject_raw,level,source,evidence_class,evidence_scope,fallback_derived,fallback_sources,guide,matched_terms,subject_concepts,concept_name,concept_display_name,correct,reviewer_note
assessment_task_0691f94cb1,공통수학1,공통수학1,I_or_other,textbook_concept_dictionary,clean,both,False,,수학적 문해력으로 읽는 다항식 공통수학 수행평가 영역: 수학적 문해력으로 읽는 다항식. 단계 단계별 평가 활동 단계별 평가 방법 1단계 주어진 지문에서 다항식 개념 확인하기 활동지 서술 내용 관찰 및 평가 2단계 문장 선택하고 자신의 생각 표현하기 활동지 서술 내용 관찰 및 평가 3단계 주어진 지문에서 항등식과 방정식 개념 정리하기 활동지 서술 내용 관찰 및 평가 4단계 개념을 활용하여 주어진 문제를 다양한 방법으로 풀어보기 활동지 서술 내용 관찰 및 평가 @@PAGE 22@@ - 20 -,다항식 | 항등식,항등식 | 나머지정리와 인수분해,나머지정리와 인수분해,나머지정리와 인수분해,,
assessment_task_3a2aff6c85,공통수학1,공통수학1,I_or_other,textbook_plus_legacy,clean,both,False,,실생활 연계 수학 유용성 탐구 프로젝트 공통수학 수행평가 과제: 실생활 연계 수학 유용성 탐구 프로젝트. 평가내용: 다항식을 실생활과 연결하여 수학의 유용성을 알아보기 이차방정식과 이차함수의 관계 및 여러 가지 방정식과 부등식의 개념을 실생활에 적용해 보기 경우의 수를 이용하여 실생활 문제를 해결해 보기 실생활 상황을 행렬로 표현하여 행렬의 유용성을 알아보기,여러 가지 방정식과 부등식 | 이차방정식과 이차함수 | 이차방정식 | 경우의 수 | 이차함수 | 다항식 | 부등식 | 행렬,함수 | 행렬 | 경우의 수 | 여러 가지 방정식과 부등식,여러 가지 방정식과 부등식,여러 가지 방정식과 부등식,,
assessment_task_4e5b126a2f,공통수학1,공통수학1,I_or_other,textbook_plus_legacy,clean,both,False,,경우의 수와 행렬과 관련된 자료를 조사하여 실생활 패턴과 응용 분야 탐구하기 경우의 수와 행렬 관련된 자료를 조사하여 실생활 패턴과 응용 분야 탐구,경우의 수 | 행렬,행렬 | 경우의 수,"경우의 수, 순열, 조합",경우의 수,,
assessment_task_9d0cf0e49c,공통수학1,공통수학1,I_or_other,textbook_concept_dictionary,clean,both,False,,다항식과 방정식 단원의 원리와 문제 해결 과정 논술하기 ∙ 개념 및 원리를 설명하는 글 서술하기 ∙ 문제 해결 과정 서술하기,다항식,다항식의 연산,다항식의 연산,다항식의 연산,,
assessment_task_b2f2d06b77,공통수학1,공통수학1,I_or_other,textbook_concept_dictionary,clean,both,False,,모둠 프로젝트 : 방정식과 부등식 모둠 주제 탐구 활동 공통수학 수행평가 과제: 모둠 프로젝트 : 방정식과 부등식 모둠 주제 탐구 활동. 평가내용: 공통수학 1 의 교과 내용을 이해하고 있는가? 서술∙논술 구술∙발표 토의∙토론 조사∙관찰보고서 실험∙실습 실기∙시연,부등식,여러 가지 방정식과 부등식,여러 가지 방정식과 부등식,여러 가지 방정식과 부등식,,
assessment_task_be547751b6,공통수학1,공통수학1,I_or_other,textbook_plus_legacy,clean,both,False,,"방정식과 부등식 및 경우의 수와 행렬의 성질 탐구하기 방정식과 부등식, 경우의 수, 행렬과 관련된 개념, 성질을 이해하고 탐구하며 그 과정에 대해 논술한다.",경우의 수 | 부등식 | 행렬,행렬 | 경우의 수,"경우의 수, 순열, 조합",경우의 수,,
assessment_task_294144d0e6,공통수학2,공통수학2,I_or_other,textbook_concept_dictionary,clean,both,False,,"구하기 원의 방정식을 설명하고 실생활 탐구하기 제시된 원의 방정식을 설명하고 좌표평면 위에 그리기 주어진 조건에 따라 평행이동하기 (논술형, 기타유형)",원의 방정식 | 좌표평면 | 평행이동 | 이동 | 좌표 | 평행,좌표평면 | 평행 | 평면좌표와 직선의 방정식,평면좌표와 직선의 방정식,평면좌표와 직선의 방정식,,
assessment_task_e0c520ff13,공통수학2,공통수학2,I_or_other,textbook_concept_dictionary,clean,both,False,,"문제제기 기반 문항 개발 문제를 단순히 해결하는 것을 넘어 각 단원의 내용을 이해하여 유의미한 문제를 제기(POSING)하고 이를 바 탕으로 문항을 개발할 수 있다. [10공수2-01-01] 선분의 내분을 이해하고, 내분점의 좌표를 계산할 수 있다. [10공수2-01-02] 두 직선의 평행 조건과 수직 조건을 탐구하고 이해한다. [10공수2-01-03] 점과 직선 사이의 거리를 구하고, 관련된 문제를 해결할 수 있다. [10공수2-01-04] 원의 방정식을 구하고, 그래프를 그릴 수 있다.",점과 직선 사이의 거리 | 선분의 내분 | 원의 방정식 | 내분점 | 거리 | 내분 | 논리 | 수직,점과 직선 사이의 거리 | 선분의 내분 | 평면좌표와 직선의 방정식,평면좌표와 직선의 방정식,평면좌표와 직선의 방정식,,
assessment_task_1b6d9f19df,과학과제 연구,과학과제 연구,I_or_other,textbook_concept_dictionary,clean,both,True,과학탐구실험2 | 과학탐구실험1,연구 프로젝트 수행 및 결과 발표 데이터 수집 및 분석 ( / 연구 결과 해석 ( / 연구 보고서 작성 ( / 참고문헌 표기 ( / 연구 보고 발표 ( / 질문의 타당성 ( / 답변의 타당성 (,데이터 수집 | 참고 문헌 | 데이터 | 해석,데이터 수집 | 첨단 센서와 디지털 정보 탐구,첨단 센서와 디지털 정보 탐구,첨단 센서와 디지털 정보 탐구,,
assessment_task_20f7b6468a,과학과제 연구,과학과제 연구,I_or_other,textbook_concept_dictionary,clean,both,True,과학탐구실험2 | 과학탐구실험1,"주제별 연구 논문 비교 분석 세미나 유사 주제의 오리지널 연구 논문 2편 선정 / 각 논문의 연구 목적, 연구 방법, 주요 결과 분석 / 핵심 데이터 및 결과에 대한 정량적 해석 / 두 논문의 공통점, 연구 방법의 차이, 결과 및 해석의 차이 비교·종합 / 분석 내용을 바탕으로 발표 수행 / 발표 후 청중의 질문에 대해 논문 근거를 바탕으로 답변",데이터 | 해석,해석 | 자료 수집·분석·결론 도출,자료 수집·분석·결론 도출,자료 수집·분석·결론 도출,,
assessment_task_24dd627b26,과학과제 연구,과학과제 연구,I_or_other,textbook_concept_dictionary,clean,both,True,과학탐구실험1,"연구 결과 발표 과학과제 연구 수행평가 영역: 연구 결과 발표. GE 300@@ - 300 - 라. 연구 결과 발표 성취 기준 및 평가 기준 [12과연01-13] 연구 결과를 논리적으로 정리하여 구두 또는 포스터 등을 활용하여 발표할 수 있다. 평가 시기 6월 3주 반영비율 20% 영역만점 100점 평가 방법 ☑ 구술･발표 ☑ 토의･토론 ☑ 프로젝트 ☑ 포트폴리오 평가 요소 및 채점 기준 1. 방식 가. 팀원 모두 발표에 참여하며, 팀당 15분 이내로 발표함. 나. 발표 시간 : 15분 이내(±3분) 2. 채점 기준 분야 채점 기준 감점 PPT (50점) 요소 연구 목적, 관련 이론, 탐구 방법",탐구 방법 | 협력,탐구 방법 | 협력,,탐구 방법,,
assessment_task_36f65f794a,과학과제 연구,과학과제 연구,I_or_other,textbook_concept_dictionary,clean,both,True,과학탐구실험2 | 과학탐구실험1,"연구 수행 및 결과 보고서 과학과제 연구 수행평가 영역: 연구 수행 및 결과 보고서. ▪수업 시간 동안 진행하며 종료령과 함께 결과물을 수합한다. ▪2단계로 구분해 실시하며 개별로 평가한다. ▪연구 수행 과정에서 수집한 자료를 바탕으로 결과를 분석하고 과학적 근거에 기반하여 해석하 도록 지도한다. ▪연구 자료의 출처를 명확히 제시하도록 하며 연구 윤리를 준수하도록 지도한다. ▪다양한 자료를 수집하기 위해 AI 등 디지털 도구를 활용할 수 있으나, AI를 활용하여 보고서의 내용을 직접 작성하게 하거나, 연구 결과 및 결론을 대신 도출하게 하는 행위는 금지되며 적발 시 부정행위로 간주…",과학적 근거 | 문제 해결 | 연구 윤리 | 가설 | 결론 | 변인 | 해석,변인 | 가설 설정과 탐구 설계,가설 설정과 탐구 설계,가설 설정과 탐구 설계,,
assessment_task_60ee6fe978,과학과제 연구,과학과제 연구,I_or_other,textbook_concept_dictionary,clean,both,True,과학탐구실험2 | 과학탐구실험1,"연구 설계 및 계획서 과학과제 연구 수행평가 영역: 연구 설계 및 계획서. ▪수업 시간 동안 진행하며 종료령과 함께 결과물을 수합한다. ▪2단계로 구분해 실시하며 개별로 평가한다. ▪연구 주제는 과학적 탐구가 가능한 내용으로 설정하도록 하며 연구 방법의 수행 가능성을 고려 하도록 지도한다. ▪연구 자료의 출처를 명확히 제시하도록 하며 연구 윤리를 준수하도록 지도한다. ▪다양한 자료를 수집하기 위해 AI 등 디지털 도구를 활용할 수 있으나, AI를 활용하여 보고서의 내용을 직접 작성하게 하거나, 연구 결과 및 결론을 대신 도출하게 하는 행위는 금지되며 적발 시 부정행위로…",문제 해결 | 연구 윤리 | 결론 | 변인 | 해석,해석 | 자료 수집·분석·결론 도출,자료 수집·분석·결론 도출,자료 수집·분석·결론 도출,,
assessment_task_811ac03930,과학과제 연구,과학과제 연구,I_or_other,textbook_concept_dictionary,clean,both,True,과학탐구실험1,"나만의 과학 연구 프로젝트 설계 연구의 동기와 목적을 설정하고 선행 연구를 조사하여 연구 주제를 구체화한다. / 연구 내용과 연구 방법을 포함한 연구 설계를 작성한다. / 예상 결과와 기대 효과, 연구 추진 일정 및 시설·장비 활용 계획을 제시하고 참고문헌을 정리한다.",참고 문헌,참고 문헌 | 탐구 보고서 작성,탐구 보고서 작성,탐구 보고서 작성,,
assessment_task_e80589263f,과학과제 연구,과학과제 연구,I_or_other,textbook_concept_dictionary,clean,both,True,과학탐구실험1,"논문 작성법 탐구 과학과제 연구 수행평가 영역: 논문 작성법 탐구. GE 296@@ - 296 - 나. 논문 작성법 탐구 성취 기준 [12과연01-05] 국내외 논문 검색 등을 이용하여 연구에 필요한 자료를 찾을 수 있다. [12과연01-12] 연구 결과를 보고서로 작성하며, 보고서 작성 시 참고 문헌을 명확히 표기할 수 있다. 평가 시기 3월 3주 반영비율 10% 영역만점 100점 평가 방법 ☑ 서술･논술 ☑ 구술･발표 ☑ 토의･토론 ☑ 프로젝트 ☑ 실험･실습 평가 요소 및 채점 기준 1. 방식 (개별 활동 + 팀별 활동) 가. 개별 활동 - 연구 계획 수립 과정에서 참고한 논문을 분석하여 논문",참고 문헌,참고 문헌 | 탐구 보고서 작성,탐구 보고서 작성,탐구 보고서 작성,,
assessment_task_f25f742be0,과학과제 연구,과학과제 연구,I_or_other,textbook_concept_dictionary,clean,both,True,과학탐구실험1,"발표 및 성찰 보고서 과학과제 연구 수행평가 영역: 발표 및 성찰 보고서. ▪수업 시간 동안 진행하며 종료령과 함께 결과물을 수합한다. ▪2단계로 구분해 실시하며 개별로 평가한다. ▪다양한 자료를 수집하기 위해 AI 등 디지털 도구를 활용할 수 있으나, AI를 활용하여 보고서의 내용을 직접 작성하게 하거나, 연구 결과 및 결론을 대신 도출하게 하는 행위는 금지되며 적발 시 부정행위로 간주한다. ▪AI 활용 시에는 사용 기록(사용한 AI 종류, 질문 내용, 출처 표기 등)을 표기해야 한다. ▪AI 생성물을 사용 기록 없이 그대로 제출하거나, 결과물의 내용을 묻는 교사의 질…",가설 | 결론,가설 | 결론,,가설,,
assessment_task_fcab8e2d32,과학과제 연구,과학과제 연구,I_or_other,textbook_concept_dictionary,clean,both,True,과학탐구실험1,연구 보고서 과학과제 연구 수행평가 영역: 연구 보고서. GE 297@@ - 297 - 다. 연구 보고서 나. 논문 작성법 발표 (팀별 공통 점수) 1) 발표 자료 제작 능력(PPT 등) 상(50점) ① 내용의 충실도 ② 제작 능력(시각적) ③ 정확성이 모두 탁월한 경우 중(40점) ① 내용의 충실도 ② 제작 능력(시각적) ③ 정확성 중 1~2가지가 부족한 경우 하(30점) ① 내용의 충실도 ② 제작 능력(시각적) ③ 정확성이 중 3~4가지가 부족한 경우 최하(20 점) 발표 자료를 제작하지 않은 경우 2) 발표 능력 상(50점) ① 발표 준비와 태도 ② 청중과의 상호작용 ③ 정확성 ④,정확성 | 해석,해석 | 자료 수집·분석·결론 도출,자료 수집·분석·결론 도출,자료 수집·분석·결론 도출,,
assessment_task_0b7ceaf202,과학탐구실험1,과학탐구실험1,I_or_other,textbook_concept_dictionary,clean,both,False,,멘델레예프의 주기율표 만들기 • 멘델레예프의 주기율표를 만들 수 있다. • 주기율표가 만들어지는 과정에서 발견되는 과학의 본성을 설명할 수 있다.,멘델레예프의 주기율표 만들기 | 과학의 본성 | 멘델레예프 | 원소 배열 | 주기율표 | 규칙성 | 원소,원소 배열 | 규칙성 | 멘델레예프의 주기율표 만들기,멘델레예프의 주기율표 만들기,멘델레예프의 주기율표 만들기,,
assessment_task_663b125772,과학탐구실험1,과학탐구실험1,I_or_other,textbook_concept_dictionary,clean,both,False,,"갈릴레이 경사면 실험을 통한 낙하 운동의 시간-거리 관계 탐구 과학탐구실험 수행평가 과제: 갈릴레이 경사면 실험을 통한 낙하 운동의 시간-거리 관계 탐구. 평가요소: 탐구의 목적과 과정을 정확하, 과정 이해, 탐구에 능동적으로 참여함, 실험기구 조작 능력이 우수함",경사면 실험 | 갈릴레이 | 낙하 운동 | 탐구 목적 | 경사면,갈릴레이의 경사면 실험과 낙하 운동,갈릴레이의 경사면 실험과 낙하 운동,갈릴레이의 경사면 실험과 낙하 운동,,
assessment_task_6825ed8168,과학탐구실험1,과학탐구실험1,I_or_other,textbook_concept_dictionary,clean,both,False,,협력으로 일구어 낸 놀라운 성과 과학탐구실험 수행평가 과제: 협력으로 일구어 낸 놀라운 성과. 평가내용: 협력으로 일구어 낸 놀라운 성과,협력,협력,,협력,,
assessment_task_69cbf96868,과학탐구실험1,과학탐구실험1,I_or_other,textbook_concept_dictionary,clean,both,False,,낙하운동의 속도 측정 및 활용 계획 수립  활동 수행  결과 분석 ,낙하 운동,갈릴레이의 경사면 실험과 낙하 운동,갈릴레이의 경사면 실험과 낙하 운동,갈릴레이의 경사면 실험과 낙하 운동,,
assessment_task_70f7276a1e,과학탐구실험1,과학탐구실험1,I_or_other,textbook_concept_dictionary,clean,both,False,,탐구실험활동 과학탐구실험 수행평가 과제: 탐구실험활동. 평가내용: - 빅데이터 활용한 탐구 결과의 분석 수준 - 과학적 탐구 과정과 절차의 이해 및 탐구 수행력 서술·논술 구술·발표 토의·토론 조사·관찰보고서 실험·실습,빅데이터 | 절차,절차 | 가설 설정과 탐구 설계,가설 설정과 탐구 설계,가설 설정과 탐구 설계,,
assessment_task_bf286a5e3b,과학탐구실험1,과학탐구실험1,I_or_other,textbook_concept_dictionary,clean,both,False,,과학의 본성 - 주기율표의 발전 과정을 따라 주기율표 만들어 보기 과학탐구실험 수행평가 과제: 과학의 본성 - 주기율표의 발전 과정을 따라 주기율표 만들어 보기. 평가내용: 주기율표를 직접 만들어 보는 과정을 통해 과학의 본성을 추론할 수 있는가?,과학의 본성 | 주기율표 | 발전,과학의 본성 | 우리 선조들의 과학 기술 발전 사례 찾기,우리 선조들의 과학 기술 발전 사례 찾기,우리 선조들의 과학 기술 발전 사례 찾기,,
assessment_task_c7270627ea,과학탐구실험1,과학탐구실험1,I_or_other,textbook_concept_dictionary,clean,both,False,,"자격루 원리 실험 우리 조상의 과학기술 사례를 조사하여 그 속에 담긴 과학적 원리(예: 유체의 흐름, 압력, 천문 관측 원리 등)를 현대 과학 개념과 연결해 해석 하는 능력을 평가함. 단순한 정보 정리를 넘어 자료 분석과 논리적 설명을 통해 전통 과학기술의 의의와 한계를 탐구하는 과정을 중심으로 평 가함.",전통 과학 기술 | 전통 과학 | 자격루 | 관측 | 해석,전통 과학 기술 | 자격루 | 우리 선조들의 과학 기술 발전 사례 찾기,우리 선조들의 과학 기술 발전 사례 찾기,우리 선조들의 과학 기술 발전 사례 찾기,,
assessment_task_e627c5db9f,과학탐구실험1,과학탐구실험1,I_or_other,textbook_concept_dictionary,clean,both,False,,빛의 본질 탐구 활동 / 뉴턴의 결정적 실험 구현 계획 수립  활동 수행  결과 분석 ,뉴턴,뉴턴,,뉴턴,,
assessment_task_f3daf27dc0,과학탐구실험1,과학탐구실험1,I_or_other,textbook_concept_dictionary,clean,both,False,,과학의 본성 탐구하기 ∘ 갈릴레이가 수행했던 실험을 통해 알 수 있는 과학의 본성 추론하기 ∘ 과학사의 다양한 사례를 통해 과학의 본성 추론하고 설명자료 작성하기,과학의 본성 | 갈릴레이 | 과학사,과학의 본성 | 우리 선조들의 과학 기술 발전 사례 찾기,우리 선조들의 과학 기술 발전 사례 찾기,우리 선조들의 과학 기술 발전 사례 찾기,,
assessment_task_9438c6ec8e,과학탐구실험2,과학탐구실험2,I_or_other,legacy_dictionary,clean,both,False,,"알아보기 호모폴라 전동기를 조립하여 작동시키고 에너지 전환을 설명한다. 알아보기 호모폴라 전동기를 조립하여 작동시키고 에너지 전환을 설명한다. (기타유형, 논술형)",에너지 전환,에너지 전환,,,,
assessment_task_0f25876849,대수,대수,I_or_other,textbook_plus_legacy,clean,both,False,,"지수ㆍ로그ㆍ삼각함수 문제해결 스토리보드 작성 문제 해결 과정 서술 : 제시된 문제들 중 선정한 문제에 대해 해결 과정을 논리적으로 서술하기 / 성취기준 관련 개념 작성 및 문제 해결 과정 요약 : 관련 개념을 작성하고, 문제 해결을 위해 가장 먼저 파악해야 하는 요소를 제시하기, 문제 해결 과정을 요약하기 / 지수ㆍ로그ㆍ삼각함수 개념 확장 : 문제 해결 과정에서 쓰인 지수ㆍ로그ㆍ삼각함수 개념과 관련된 실생활 또는 심화 탐구 주제를 선정하고, 탐구 내용을 간략히 서술하기, 새롭게 알게 된 점과 향상된 역량 또는 능력을 서술하기 AI활용 1, 2단계 :",로그 | 지수 | 함수,함수 | 로그의 뜻과 성질,로그의 뜻과 성질,로그의 뜻과 성질,,
assessment_task_20d36507da,대수,대수,I_or_other,textbook_plus_legacy,clean,both,False,,"팀별 발표(프로젝트) 대수 수행평가 영역: 팀별 발표(프로젝트). 대수 수업 진도 범위(지수, 로그, 지수 로그 함수, 삼각함수, 수열)와 관련된 여러 가지 간학문적 수학 주제 중에서 하나의 탐구 주제를 수업 시간 중에 선정하여 구체화할 수 있다. 2. 선정한 탐구 주제와 관련된 선행 연구 및 내용을 수업 시간 중에 조사하고 적절한 탐구 방법을 찾아 탐구 계획을 수립할 수 있다. 3. 탐구 계획에 따라 수업 시간 중에 개인별로 탐구를 체계적으로 수행한 후 탐구 결과를 정리하여 논리적으로 발표할 수 있다.",로그 | 수열 | 지수 | 함수,함수 | 수열,등차수열과 등비수열,등차수열과 등비수열,,
assessment_task_a3ff342a97,대수,대수,I_or_other,textbook_plus_legacy,clean,both,False,,함수수열 문제해결과정 작성 활동 · 문제 해결 과정 평가  수학적 추론과정 평가  수학적 표현력 역량 강화 ,수열 | 함수,함수 | 수열,등차수열과 등비수열,등차수열과 등비수열,,
assessment_task_f774a4c1f7,대수,대수,I_or_other,textbook_plus_legacy,clean,both,False,,"문제해결과정 서술하기 1 가. 문제해결과정 서술하기 1 (20점/20%) (1) 지수함수와 로그함수 성취기준 성취기준별 성취수준 A 거듭제곱과 거듭제곱근의 뜻과 성질을 설명하고, 그 성질을 이용하여 계산할 수 있다. B 거듭제곱과 거듭제곱근의 뜻과 성질을 이해하고, 그 성질을 이용하여 계산할 수 있다. [12대수01-01] 거듭제곱과 거듭 C 거듭제곱과 거듭제곱근의 뜻과 성질을 알고, 그 성질을 이용하여 계산할 수 있다. 제곱근의 뜻을 알고, 그 성질을 이 용하여 계산할 수 있다. 거듭제곱과 거듭제곱근의 뜻을 알고, 거듭제곱과 거듭제곱근에 관한 간단한 계산을 할 D 수 있다. E 안내된 절차에 따라 거듭제곱과 거듭제곱근을 계산할 수 있다. A 지수가 유리수, 실수까지 확장될 수 있음을 이해하여 설명할 수 있다. [12대수01-02] 지수가 유리수, B 실수까지 확장될 수 있음을 이해 C 하고, 이를 설명할 수 있다. 지수가 유리수, 실수까지 확장될 수 있음을 이해한다. D E 지수가 유리수, 실수까지 확장될 수 있음을 안다. A 지수법칙을 설명하고, 이를 이용하여 다양한 식을 간단하게 나타낼 수 있다. [12대수01-03] 지수법칙을 이해 B 지수법칙을 이해하고, 이를 이용하여 식을 간단하게 나타낼 수 있다. 하고, 이를 이용하여 식을 간단히 C 지수법칙을 알고, 이를 이용하여 식을 간단하게 나타낼 수 있다. 나타낼 수 있다. D 지수법칙을 알고, 이를 이용하여 안내된 절차에 따라 식을 간단하게 나타낼 수 있다. E 지수법칙을 안다. A 로그의 뜻과 성질을 설명하고, 그 성질을 이용하여 계산할 수 있다. [12대수01-04] 로그의 뜻을 알 B 로그의 뜻과 성질을 이해하고, 그 성질을 이용하여 계산할 수 있다. 고, 그 성질을 이용하여 계산할 수 C 로그의 뜻과 성질을 알고, 그 성질을 이용하여 계산할 수 있다. 있다. D 로그의 뜻을 알고, 로그에 관한 간단한 계산을 할 수 있다. E 안내된 절차에 따라 로그에 관한 간단한 계산을 할 수 있다. A 상용로그를 설명하고, 이를 실생활과 연결하여 다양한 문제를 해결할 수 있다. [12대수01-05] 상용로그를 이해 B 상용로그를 설명하고, 이를 실생활과 연결하여 문제를 해결할 수 있다. 하고, 이를 실생활과 연결하여 문 C 상용로그를 이해하고, 이를 실생활과 연결하여 간단한 문제를 해결할 수 있다. 제를 해결할 수 있다. D 상용로그를 알고, 상용로그에 관한 간단한 문제를 해결할 수 있다. 성취기준 성취기준별 성취수준 E 안내된 절차에 따라 상용로그에 관한 간단한 문제를 해결할 수 있다. A 지수함수와 로그함수의 뜻을 이해하여 설명할 수 있다. [12대수01-06] 지수함수와 로그 B 함수의 뜻을 알고, 이를 설명할 수 C 있다. 지수함수와 로그함수의 뜻을 이해한다. D E 지수함수와 로그함수의 뜻을 안다. A 다양한 지수함수와 로그함수의 그래프를 그릴 수 있고, 그 성질을 설명할 수 있다. [12대수01-07] 지수함수와 로그 B 지수함수와 로그함수의 그래프를 그릴 수 있고, 그 성질을 이해한다. 함수의 그래프를 그릴 수 있고, 그 C 지수함수와 로그함수의 그래프를 그릴 수 있고, 그 성질을 안다. 성질을 설명할 수 있다. D 간단한 지수함수와 로그함수의 그래프를 그릴 수 있고, 그 성질을 부분적으로 안다. E 안내된 절차에 따라 간단한 지수함수와 로그함수의 그래프를 그릴 수 있다. A 지수함수와 로그함수를 활용하여 다양한 문제를 해결할 수 있다. [12대수01-08] 지수함수, 로그 B 함수를 활용하여 문제를 해결할 C 수 있다. 지수함수와 로그함수를 활용하여 간단한 문제를 해결할 수 있다. D E 안내된 절차에 따라 지수함수 또는 로그함수를 활용하여 간단한 문제를 해결할 수 있다. (2) 삼각함수 성취기준 성취기준별 성취수준 A 일반각과 호도법의 뜻과 그 관계를 이해하여 설명할 수 있다. [12대수02-01] 일반각과 호도법 B 일반각과 호도법의 뜻과 그 관계를 이해한다. 의 뜻을 알고, 그 관계를 설명할 C 일반각과 호도법의 뜻과 그 관계를 안다. 수 있다. D 일반각과 호도법의 뜻을 안다. E 일반각 또는 호도법의 뜻을 안다. 삼각함수의 개념을 설명하고 사인함수, 코사인함수, 탄젠트함수의 그래프를 그릴 수 있 A 으며, 그 성질을 설명할 수 있다. 삼각함수의 개념을 이해하여 사인함수, 코사인함수, 탄젠트함수의 그래프를 그릴 수 있 B [12대수02-02] 삼각함수의 개념 으며, 그 성질을 이해한다. 을 이해하여 사인함수, 코사인함 삼각함수의 개념을 알고 간단한 사인함수, 코사인함수, 탄젠트함수의 그래프를 그릴 수 C 수, 탄젠트함수의 그래프를 그리 있으며, 그 성질을 안다. 고, 그 성질을 설명할 수 있다. 삼각함수의 개념을 부분적으로 알고, 안내된 절차에 따라 간단한 사인함수, 코사인함수, D 탄젠트함수의 그래프를 그릴 수 있다. 안내된 절차에 따라 간단한 사인함수, 코사인함수 또는 탄젠트함수의 그래프를 그릴 E 수 있다. 1) 교과 내용에 대한 이해를 바탕으로 서․논술 능력을 평가한다. 2) 채점 기준표를 마련하여 타당성 있고 공정하게 채점․평가한다. 3) 평가결과는 학생들에게 즉시 공개하고, 희망 학생에게는 답안지를 열람하도록 한다. 평가 영역 Ⅰ-01. 거듭제곱과 거듭제곱근 ~ Ⅲ-05. 삼각함수가 포함된 방정식과 부등식 평가 항목 문제 해결 과정 평가 방법 A4 크기의 용지에 5문제 내외의 문항을 제시하고, 그 풀이를 작성하여 담당교사에게 제출 ① 기본점수(10점)  문항점수(10점)  20점 ② 평가 교시 내 제출 시 기본점수 10점을 부여함. ③ 문항점수 부여 기준 세부 - 성취기준·평가 요소에 근거하여 성취수준을 변별할 수 있도록 구체적인 채점 기준 수립하여 채 점함. 배점기준 - 문항과 관계없는 풀이를 적거나, 순서를 바꾸어 작성한 경우 풀이를 인정하지 않음. - 기타 논의가 필요한 풀이의 경우에는 교과 담당교사의 논의를 통해 점수를 부여함. - 응용 및 적용 방법이 완전하지 못하여도 부분 점수를 부여할 수 있다. ④ AI의 사용은 허용하지 않음.",거듭제곱과 거듭제곱근 | 로그의 뜻과 성질 | 거듭제곱근 | 거듭제곱 | 로그함수 | 상용로그 | 지수법칙 | 지수함수,지수 | 함수 | 거듭제곱과 거듭제곱근,거듭제곱과 거듭제곱근,거듭제곱과 거듭제곱근,,
assessment_task_0101f8559b,데이터 과학,데이터과학,I_or_other,textbook_concept_dictionary,clean,both,True,확률과 통계,데이터 수집 및 전처리 과정 설계하기 데이터 수집 및 전처리 과정 설계하기,데이터,데이터,,데이터,,
assessment_task_36aa1f972b,데이터 과학,데이터 과학,I_or_other,textbook_concept_dictionary,clean,both,True,정보 | 확률과 통계,데이터 기반 문제 해결하기 해결하고자 하는 문제를 설정하고 데이터를 수집한다. / 수집한 데이터를 체계적으로 정리하고 분석 가능한 형태로 변환한다. / 문제 해결에 적합한 데이터 모델을 적용한다. / 분석 결과를 바탕으로 결론을 도출한다.,문제 해결 | 데이터 | 모델 | 탐색,문제 해결 | 탐색 | 자료와 정보의 분석,자료와 정보의 분석,자료와 정보의 분석,,
assessment_task_3b2cff3e8b,데이터 과학,데이터 과학,I_or_other,textbook_concept_dictionary,clean,both,True,정보 | 확률과 통계,"데이터 모델 분석 보고서 회귀 모델, 군집 모델을 구현하고 연관 분석을 수행하여 분석 결과를 해석",자료 분석 | 데이터 | 모델,자료 분석 | 자료와 정보의 분석,자료와 정보의 분석,자료와 정보의 분석,,
assessment_task_4512bd6ebd,데이터 과학,데이터과학,I_or_other,textbook_concept_dictionary,clean,both,True,정보 | 확률과 통계,데이터 기반 문제 해결 사례 조사 및 발표하기 데이터로 인한 사회 변화 인식 및 진로 연계 데이터 기반 문제 해결 사례를 조사하고 발표하기,문제 해결 | 사회 변화 | 데이터,문제 해결 | 자료와 정보의 분석,자료와 정보의 분석,자료와 정보의 분석,,
assessment_task_50208fa34a,데이터 과학,데이터 과학,I_or_other,textbook_concept_dictionary,clean,both,True,확률과 통계 | 정보,"데이터 수집 및 전처리, 시각화 단원: 데이터 과학 전체 단원 / 평가요소: ∙ 데이터를 편향되지 않게 수집하고, 특성을 분석할 수 있다. ∙ 이상치와 결측치 탐색 및 정규화를 통해 데이터를 전처리할 수 있다. ∙ 분석 목적과 자료형에 맞게 데이터를 시각화할 수 있다. / 평가 시기: 6월",데이터 | 시각화 | 자료형 | 탐색 | 편향,시각화 | 탐색 | 자료와 정보의 분석,자료와 정보의 분석,자료와 정보의 분석,,
assessment_task_52d1ad44f3,데이터 과학,생활 속의 데이터 과학,I_or_other,textbook_concept_dictionary,clean,both,True,정보 | 확률과 통계,탐구 설계 생활 속 데이터로부터 과학적 문제 해결을 위한 탐구 설계 주제가 명확히 학습목표와 일치되도록 구성하였는가?; 생활 속 데이터로부터 과학적 문제 해결을 위한 탐구 설계 내용이 창의적이고 흥미로운가?; 생활 속 데이터로부터 과학적 문제 해결을 위한 탐구 설계 내용의 형식 및 분량을 준수하였는가?,문제 해결 | 데이터 | AI,문제 해결 | 자료와 정보의 분석,자료와 정보의 분석,자료와 정보의 분석,,
assessment_task_5d13441976,데이터 과학,데이터과학,I_or_other,textbook_concept_dictionary,clean,both,True,확률과 통계 | 정보,데이터 시각화 프로그래밍하기 데이터 시각화 프로그래밍하기,데이터 | 시각화,데이터 | 시각화,,데이터,,
assessment_task_6ac167f4af,데이터 과학,데이터 과학,I_or_other,textbook_concept_dictionary,clean,both,True,정보 | 확률과 통계,"데이터 설계 및 분석 데이터 과학 수행평가 영역: 데이터 설계 및 분석. ◉ 실생활 문제를 데이터 과학으로 정의하여 수집하고, 전처리 및 시각화를 통해 데이터의 특성을 객관적 수치로 파악하는 능력을 기른다.",자료 분석 | 데이터 | 디지털 | 시각화,자료 분석 | 시각화 | 자료와 정보의 분석,자료와 정보의 분석,자료와 정보의 분석,,
assessment_task_7d3e8d10fc,데이터 과학,데이터과학,I_or_other,textbook_concept_dictionary,clean,both,True,확률과 통계 | 정보,데이터분석 프로젝트 결과물 데이터분석 프로젝트 결과물,데이터 | 시각화,데이터 | 시각화,,데이터,,
assessment_task_83ff3e4d56,데이터 과학,데이터과학,I_or_other,textbook_concept_dictionary,clean,both,True,정보 | 확률과 통계,데이터 분석 결과 발표 • 주어진 데이터 또는 수집한 데이터를 활용하여 분석을 수행하고 결과를 그래프·표 등으로 시각화하여 정리함. • 데이터 분석 과정과 결과의 의미를 논리적으로 설명하고 분석 내용을 발표하여 제시함.,분석 과정 | 데이터 | 시각화,분석 과정 | 시각화 | 자료와 정보의 분석,자료와 정보의 분석,자료와 정보의 분석,,
assessment_task_a7bd4bdd80,데이터 과학,데이터과학과 머신러닝,I_or_other,textbook_concept_dictionary,clean,both,True,정보 | 확률과 통계,"AI 윤리 및 진로 기반 신기술 탐구하기 진로 신기술 탐색 - 자신의 진로 분야에서 인공지능이 도입된 최신 신기술 사례를 2가지 선정하고, 해당 기술이 해결하고자 하는 문제와 핵심 기능 조사 / 기술 메커니즘 분석 - 선정된 신기술에 적용된 머신러닝 또는 딥러닝 구조 파악 - 데이터가 학습되고 결과 도출되는 기술적 원리 분석 / AI 윤리 및 사회적 이슈 탐구 - 최신 논문 및 기사를 바탕으로 기술적 역기능 분석 및 해결 방안 제시",인공지능 | 데이터 | AI | 탐색,인공지능 | AI | 정보 사회,정보 사회,정보 사회,,
assessment_task_ac12d7d356,데이터 과학,데이터과학,I_or_other,textbook_concept_dictionary,clean,both,True,정보 | 확률과 통계,"데이터 기반 문제 탐구 보고서 • 관심 있는 사회 문제를 데이터 기반 탐구 주제로 설정하고, 필요한 데이터와 분석 방법을 설계하여 탐구 보고서를 작성함. • 데이터 분석 결과를 바탕으로 문제 해결 방향을 제시하고 탐구 내용",문제 해결 | 데이터 | 시각화 | AI,문제 해결 | 시각화 | 자료와 정보의 분석,자료와 정보의 분석,자료와 정보의 분석,,
assessment_task_b35e576fa6,데이터 과학,데이터과학,I_or_other,textbook_concept_dictionary,clean,both,True,확률과 통계,데이터분석 프로젝트 발표 데이터분석 프로젝트 발표,데이터,데이터,,데이터,,
assessment_task_b568fef789,데이터 과학,데이터 과학,I_or_other,textbook_concept_dictionary,clean,both,True,확률과 통계,"데이터 속성의 유사성을 측정하기 위한 군집 분석과, 데이터의 연관성 분석을 위한 연관 분석을 통해 결과를 해석한다. 데이터 과학 수행평가 과제: 데이터 속성의 유사성을 측정하기 위한 군집 분석과, 데이터의 연관성 분석을 위한 연관 분석을 통해 결과를 해석한다.. 평가내용: 데이터의 속성에 대한 유사성을 측정 분석할 수 있고 평가 지표를 설명할 수 있다. 데이터 간의 관계를 분석하고 상호 연관성을 파악하여 결과의 의미를 해석할 수 있다. 다양한 분석 방법을 비교 평가하여 분석 목적에 가장 적합한 분석 방법을 적용할 수 있다.",데이터,데이터,,데이터,,
assessment_task_b5f3d0bf5a,데이터 과학,데이터 과학,I_or_other,textbook_concept_dictionary,clean,both,True,확률과 통계 | 정보,데이터 과학을 통한 진로 설계 시각화 보고서 작성 2 관련 데이터 및 사례 수집하기,데이터 | 시각화,데이터 | 시각화,,데이터,,
assessment_task_d2650bee81,데이터 과학,데이터과학,I_or_other,textbook_concept_dictionary,clean,both,True,확률과 통계 | 정보,공공데이터 분석 프로젝트 • 공공데이터 포털 등에서 제공되는 데이터를 활용하여 관심 있는 사회 문제와 관련된 데이터를 탐색하고 분석 주제를 설정함. • 수집한 공공데이터를 정리·분석하여 결과를 시각화하고 분석 내용을 보고서와 발표를 통해 논리적으로 제시함.,데이터 | 시각화 | 변수 | 탐색,시각화 | 탐색 | 자료와 정보의 분석,자료와 정보의 분석,자료와 정보의 분석,,
assessment_task_ea24a1d9aa,데이터 과학,데이터 과학,I_or_other,textbook_plus_legacy,clean,both,False,정보 | 확률과 통계,데이터 과학 프로젝트 진로 또는 흥미와 관련된 주제에 대해 문제 정의부터 결과 해석까지 데이터 분석 수행 및 발표,알고리즘 | 의사소통 | 자료 분석 | 데이터 | 모델 | 소통,의사소통 | 알고리즘 | 컴퓨팅 시스템과 네트워크,컴퓨팅 시스템과 네트워크,컴퓨팅 시스템과 네트워크,,
assessment_task_eb0660a85c,데이터 과학,생활 속의 데이터 과학,I_or_other,textbook_concept_dictionary,clean,both,True,정보 | 확률과 통계,자료해석 및 탐구 발표 생활 속 데이터로부터 과학적 문제 해결을 위한 탐구 수행 자료를 탐구 목적에 맞게 해석하였는가?; 탐구 결과 해석이 과학적 이론에 부합하는가?; 탐구 결과 해석이 편향되지 않는 결론 해석이 이루어졌는가?,문제 해결 | 분석 과정 | 자료 해석 | 데이터 | 편향,문제 해결 | 분석 과정 | 자료와 정보의 분석,자료와 정보의 분석,자료와 정보의 분석,,
assessment_task_ec6566442c,데이터 과학,데이터 과학,I_or_other,textbook_concept_dictionary,clean,both,True,확률과 통계 | 정보,"데이터 과학 프로젝트 단원: 데이터 과학 전체 단원 / 평가요소: ∙ 데이터로 해결 가능한 주제를 선정하고, 주제의 적합성을 판단하여 탐구 계획을 수립할 수 있다. ∙ 수집한 데이터를 전처리한 후 분석 결과를 시각화하여 의미 있는 결론을 도출하고, 사회적 영향을 고려한 활용방안을 제시할 수 있다. / 평가 시기: 6월",데이터 | 시각화 | 판단,데이터 | 시각화,,데이터,,
assessment_task_edf3aaf0af,데이터 과학,데이터 과학,I_or_other,textbook_concept_dictionary,clean,both,True,정보 | 확률과 통계,수집한 데이터의 속성을 파악하고 데이터를 전처리하고 문제 해결에 적합한 방법으로 시각화하여 결과를 해석한다. 데이터 과학 수행평가 과제: 수집한 데이터의 속성을 파악하고 데이터를 전처리하고 문제 해결에 적합한 방법으로 시각화하여 결과를 해석한다.. 평가내용: 수집한 데이터의 속성을 파악할 수 있다. 데이터 전처리의 필요성과 방법을 정확히 제시할 수 있다. 데이터 분석을 위해 데이터를 시각화할 수 있다. 데이터 분석을 위해 데이터 속성 간의 관계를 파악하고 통합할 수 있다.,문제 해결 | 데이터 | 시각화,문제 해결 | 시각화 | 자료와 정보의 분석,자료와 정보의 분석,자료와 정보의 분석,,
assessment_task_ee7f843573,데이터 과학,데이터과학,I_or_other,textbook_concept_dictionary,clean,both,True,확률과 통계 | 정보,데이터 개념이해 보고서 데이터 개념이해 보고서,데이터 | 시각화,데이터 | 시각화,,데이터,,
assessment_task_fe84238808,데이터 과학,데이터과학과 머신러닝,I_or_other,textbook_concept_dictionary,clean,both,True,정보 | 확률과 통계,"회귀분석 프로젝트 보고서 데이터과학과 머신러닝 수행평가 영역: 회귀분석 프로젝트 보고서. [12데과02-03] 산포도의 개념을 설명하고, 이를 계산하는 프로그램을 작성할 수 있다. [12데과02-06] 두 변수간의 관계를 시각화하여 표현하고, 상관관계와 상관계수의 개념과 값의 의미를 설명한다. [12데과02-08] 최소제곱법을 적용한 회귀분석 프로그램을 작성하고, 그 결과를 예측의 관점에서 설명한다. [12데과02-09] 주어진 모델의 성능지표(평균제곱오차, 결정계수)를 계산하는 프로그램을 작성하고, 그 결과에 대하여 설명한다. [12데과02-11] 주어진 모델을 테스트할 수 있는 프…",문제 해결 | 의사소통 | 시각화 | 계수 | 모델 | 변수 | 소통 | 예측,문제 해결 | 시각화 | 자료와 정보의 분석,자료와 정보의 분석,자료와 정보의 분석,,
assessment_task_1d1abfbed6,물리,물리학,I_or_other,textbook_concept_dictionary,clean,both,False,,"중력가속도 측정실험 물리학 수행평가 영역: 중력가속도 측정실험. 종이타점기록계를 이용하여 정확하게(7.5~12.5m/s2) 지표면에서의 중력가속도를 구하고, 그 오차를 분석할 수 있다.",가속도 | 속도,가속도 | 힘과 운동,힘과 운동,힘과 운동,,
assessment_task_4fb646659a,물리,물리학,I_or_other,textbook_plus_legacy,clean,both,False,,"전자기 유도 기반 무선 전력 전송 시스템의 구현 및 메커니즘 분석 나. 전자기 유도 기반 무선 전력 전송 시스템의 구현 및 메커니즘 분석(25점/25%) (2) 전기와 자기 성취기준 성취기준별 성취수준 전자기 유도 법칙을 알고, 이를 이용한 에너지 전달 기술의 원리를 이해하여 무선충전 장치로 구현하며, 센서, 무선통신, 무선충전 등 에너지 전달 기술에 전자기 유도 현상이 A 적용됨을 설명하고, 전자기 유도 현상이 현대 문명에 미친 영향을 인식하며 과학기술의 가치를 중시하는 태도를 지닌다. [12물리02-06] 전자기 유도 현상 전자기 유도 작용을 이용해 무선충전이 가능함을 알고 무선충전 장치를 만들며, 전자기 이 센서, 무선통신, 무선충전 등 에 B 유도 현상이 센서, 무선통신, 무선충전 등 에너지 전달 기술에 적용되어 현대 문명에 너지 전달 기술에 적용되어 현대 문 미친 영향에 관심을 가진다. 명에 미친 영향을 인식할 수 있다. 전자기 유도 현상을 이용해 에너지를 전달할 수 있음을 말하고, 안내된 방법에 따라 무선 C 충전 장치를 만들며, 전자기 유도 현상이 현대 문명에 영향을 미쳤음에 관심을 가진다. 안내된 방법에 따라 무선충전 장치를 만들고 전자기 유도 현상이 무선충전 등 에너지 D 전달 기술에 이용됨을 말할 수 있다. E 전자기 유도 현상을 이용한 에너지 전달 기술에 관심을 가진다. 1) 교과 내용에 대한 이해를 바탕으로 실험 수해 후 결과 보고서의 서․논술 능력을 평가한다. 2) 채점 기준표를 마련하여 타당성 있고 공정하게 채점․평가한다. 3) 제출한 내용이 표절, 타인 과제의 무단·복제 공유, 생성형 AI 결과물의 무단 제출 등 부정행위가 확인될 경우 해당 수행평가는 무효 및 0점 처리하고, 대체 평가는 실시하지 않는다. 평가 영역 Ⅱ-6. 전자기 유도 평가 항목 문제 해결 과정 평가 방법 실험 수행 후 결과 보고서를 작성하여 담당교사에게 제출 ① 실험점수(10점)  보고서점수(15점)  25점 ② 실험 수행 후 보고서 제출 시 기본점수 6점을 부여함. ③ 보고서 점수 부여 기준 세부 - 성취기준·평가 요소에 근거하여 구체적인 채점 기준 수립하여 채점함. 배점기준 - 문항과 관계없는 풀이를 적거나, 순서를 바꾸어 작성한 경우 풀이를 인정하지 않음. - 기타 논의가 필요한 서술의 경우에는 교과 담당교사의 논의를 통해 점수를 부여함. - 응용 및 적용 방법이 완전하지 못하여도 부분 점수를 부여할 수 있음. ④ AI의 사용은 허용하지 않음. [6] 결시자 및 학적 변동자 처리 기준 가. 디지털 데이터를 활용한 두 물체의 일차원 충돌 분석 및 선운동량 보존 법칙의 정밀 검증, 전자기 유도 기반 무선 전력 전송 시스템의 구현 및 메커니즘 분석 (실험 및 서・논술형) ○ 수행평가에 결시한 학생은 추가로 평가를 하여 성적을 산출함을 원칙으로 하되, 추가 평가가 불가 능한 경우 교과별 수행평가 세부 기준안에 따른다. ○ 추가 평가의 일시, 장소는 평가 담당 교사가 정하여 평가함. 구분 결시별 처리 기준 추가 평가에 참여하여 보고서를 작성하고 제출한 경우에 수행평가 세부 기준안 결시자 에 따라 점수를 부여함. 기말고사 시행 전일까지 추가 평가에 참여하지 못했을 경우, 미응시로 처리함. 학적변동자 정해진 시간에 응시 기회를 부여한다. (전입, 편입 등 학생) 추가 평가에 참여한 경우, 수헹평가 세부 기",운동량 보존 | 전자기 유도 | 운동량 | 전하 | 충돌,운동량 보존 | 충돌 | 전자기 유도 | 힘과 운동,힘과 운동,힘과 운동,,
assessment_task_5fbc3a2fac,물리,물리학,I_or_other,textbook_plus_legacy,clean,both,False,,"일차원 충돌 상황에서 운동량 보존 확인하기 물리학 수행평가 영역: 일차원 충돌 상황에서 운동량 보존 확인하기. 평가요소: 실험 설계 및 보고서, 일차원 충돌 상황에서 운동량 보존 확인하기",운동량 보존 | 운동량 | 충돌,운동량 보존 | 충돌 | 힘과 운동,힘과 운동,힘과 운동,,
assessment_task_71f03a4619,물리,물리학,I_or_other,textbook_concept_dictionary,clean,both,False,,"등가속도 운동 실험 물리학 수행평가 과제: 등가속도 운동 실험. 평가내용: 등가속도운동분석실험을수행하고, 뉴턴운동법칙이교통안전사고예방과관련있음을 말할수있으며이를통해물리학의유용성에흥미를가진다.",뉴턴 운동 법칙 | 등가속도 운동 | 가속도 | 속도,뉴턴 운동 법칙 | 등가속도 운동 | 힘과 운동,힘과 운동,힘과 운동,,
assessment_task_75dd3e6480,물리,물리학,I_or_other,textbook_plus_legacy,clean,both,False,,운동량 보존 법칙 탐구 실험 단원: 힘과 운동 / 평가요소: • 운동량 보존 법칙의 개념 이해 • 실험 데이터 수집 및 기록 • 데이터 분석 및 운동량 계산 • 결과 해석 및 과학적 설명 / 평가 시기: 4월 2주,운동량 보존 | 힘과 운동 | 운동량,운동량 보존 | 힘과 운동,힘과 운동,힘과 운동,,
assessment_task_8f54a63d58,물리,물리학,I_or_other,textbook_concept_dictionary,clean,both,False,,전류와 자기장의 관계 실험 • 전류에 의해 발생하는 자기장을 이용하여 자기력 확인하기 • 전자기력을 이용해 스피커를 제작하여 변인을 조작해 소리 크기 측정하기 • 실험과제를 바탕으로 실험보고서 작성,자기장 | 전류,자기장 | 전류 | 물질의 자기적 특성,물질의 자기적 특성,물질의 자기적 특성,,
assessment_task_1fd21c2d86,미적분1,AP 미적분학Ⅰ,I_or_other,textbook_plus_legacy,clean,both,False,,미분방정식을 이용한 수학적 모델링 제작 미분방정식의 개념을 충분히 이해하고 개념을 현실 문제에 적용하기 / 실생활 속에서 수학적 모델링 주제 선정 / 모델링 탐구하기 / 모델링 과정 및 결과 적용을 서술하기,모델링 | 미분,모델링 | 미분,,모델링,,
assessment_task_2a445c0d5d,미적분1,미적분,I_or_other,textbook_plus_legacy,clean,both,False,,"미적분 포트폴리오 수열의 수렴, 발산 판별하기; 수열의 극한값 구하기; 등비수열의 극한값 구하기; 급수의 수렴, 발산 판별하기; 등비급수의 합 구하기; 등비급수를 활용하여 여러 가지 문제 해결하기; 지수함수와 로그함수의 극한 구하기; 지수함수와 로그함수 미분하기",로그함수 미분 | 수열의 극한 | 등비급수 | 등비수열 | 로그함수 | 지수함수 | 극한 | 급수,등비수열 | 발산 | 함수 | 수열의 극한,수열의 극한,수열의 극한,,
assessment_task_65f9406eb0,미적분1,미적분,I_or_other,textbook_plus_legacy,clean,both,False,,"문제 해결 과정 평가 미적분 수행평가 과제: 문제 해결 과정 평가. 평가내용: 수열의 극한, 미분법, 적분법의 개념을 활용하여 문제 해결 과정을 서술하고 풀이의 논리성을 평가한다.",수열의 극한 | 극한 | 수열 | 적분 | 미분,수열 | 미분 | 적분,수열의 극한,수열의 극한,,
assessment_task_6c8d25e862,미적분1,미적분Ⅰ,I_or_other,textbook_plus_legacy,clean,both,False,,"함수의 극한과 연속 미분 개념 및 성질 증명하기 함수의 극한과 연속, 미분 단원에서 학습한 개념 및 성질 증명 과정 작성하기",극한 | 함수 | 미분,함수 | 미분 | 극한,수열의 극한,수열의 극한,,
assessment_task_a4926032a9,미적분1,미적분,I_or_other,textbook_plus_legacy,clean,both,False,,자기주도 문제탐구활동 미적분 수행평가 과제: 자기주도 문제탐구활동. 평가내용: 극한의 개념을 이해하고 그 값을 구하기 다양한 함수의 미분을 하고 다양한 문제에 적용하기 다양한 함수의 적분을 하고 다양한 문제에 적용하기,극한 | 적분 | 함수 | 미분,함수 | 미분 | 적분 | 수열의 극한,수열의 극한,수열의 극한,,
assessment_task_c803919271,미적분1,미적분1,I_or_other,textbook_plus_legacy,clean,both,False,,미분과 적분의 관계 탐구 및 자기주도적 피드백 포트폴리오 주어진 수행 과제를 올바른 풀이를 사용하여 해결하고 피드백을 반영하여 자신의 풀이를 반성 하여 올바르게 다시 풀이함,적분 | 미분,적분 | 미분,,적분,,
assessment_task_1324038e53,생명과학,생명과학,I_or_other,textbook_plus_legacy,clean,both,False,,"신경계와 항상성 생명과학 수행평가 과제: 신경계와 항상성. 평가내용: 생명과학 (해당 단원: Ⅱ-1, Ⅱ-2단원) 포트폴리오 서 · 논술형 기타: 채점 기준(수행 특성) 배점 (배점) 신경자극과 신경계에 대한 자료를 모두 정확히 분석한 경우 5 신경계 신경자극과 신경계에 대한 자료를 분석하였으나 1개 항목에서 틀린 내용이 있는 경우 4 자료 분석 신경자극과 신경계에 대한 자료를 분석하였으나 2개 항목에서 틀린 내용이 있는 경우 3 (5점) 신경자극과 신경계에 대한 자료를 분석하였으나 3개 항목에서 틀린 내용이 있는 경우 2 신경자극과 신경계에 대한 자료를 분석하지 못한 경우 1 항상성 유지에 대한 자료를 모두 정확히 분석한 경우 5 항상성 항상성 유지에 대한 자료를 분석하였으나 1개 항목에서 틀린 내용이 있는 경우 4 자료 분석 항상성 유지에 대한 자료를 분석하였으나 2개 항목에서 틀린 내용이 있는 경우 3 (5점) 항상성 유지에 대한 자료를 분석하였으나 3개 항목에서 틀린 내용이 있는 경우 2 항상성 유지에 대한 자료를 분석하지 못한 경우 1",신경계와 항상성 | 항상성 유지 | 신경 자극 | 신경계 | 항상성,항상성,신경계와 항상성,신경계와 항상성,,
assessment_task_146fe06d76,생명과학,생명과학Ⅱ,II,legacy_dictionary,clean,both,False,,"실험 평가 생명과학 II 수행평가 과제: 실험 평가. 평가내용: 영역시기비 율 성취기준 성취수준 배점 평가관점 평가기준 실험 평가 중 간 30 [12생과Ⅱ02-06] 효소의 작용을 활성화 에너지와 기질의 특이성을 중심으로 이해하고, 온도와 pH가 효소 작용에 영향을 미칠 수 있음을 실험을 통해 설명할 수 있다. 효소의 작용을 활성화 에너지와 기질의 특이성을 중심으로 이해하고, 온도와 pH가 효소 작용에 영향을 미칠 수 있음을 실험을 통해 설명할 수 있다. 효소의 작용을 활성화 에너지와 기질의 특이성을 중심으로 설명하고, 온도와 pH가 효소 작용에 미치는 영향을 실험을 통해 설명할 수 있다. 30~ 28.1 효소의 작용을 활성화 에너지를 중심으로 설명하고, 실험을 통해 효소의 작용이 온도와 pH에 따라 달라짐을 설명할 수 있다. 28~ 26.1 실험을 통해 효소의 작용이 온도와 pH에 따라 달라짐을 말할 수 있다. 26~ 20 영역시기비 율 성취기준 성취수준 배점 평가관점 평가기준 서술 형평 가 기 말 30 [12생과Ⅱ01-02]생명 과학 발달에 기여한 주요 발견들에 사용된 연구 방법들을 조사하여 발표할 수 있다. 생명과학 발달에 기여한 주요 발견들에 사용된 연구 방법들을 조사하여 발표할 수 있다. 생명과학의 주요 발견들에 사용된 연구 방법들을 조사하여 발표할 수 있다. 30~ 28.1 제시된 생명과학의 주요 발견들을 보고 사용된 연구 방법들을 말할 수 있다. 28~ 26.1 제시된 생명과학의 주요 발견들을 보고 사용된 도구와 기기를 말할 수 있다. 26~ 20 ※",효소,효소,,,,
assessment_task_15a77bcd77,생명과학,생명과학Ⅱ,II,textbook_concept_dictionary,clean,both,False,,"일어나는 특성 결과 작성 실시 대상 실시시기 영역 평가내용 평가유형 만점 단원 비율 ㈎ 보고서 평가 기준 양파 양파세포에서 일어나는 1) 목적을 명료, 적절하게 파악하고 있는가? 세포에서 Ⅱ. 세포의 과정 분석 및 3월 삼투현상을 현미경을 2) 생명 과학 용어를 적절하게 사용하는가? 일어나는 특성 결과 작성 3학년 삼투 관찰 이용하여 관찰 [ 12 생과Ⅱ 3) 생명 과학 원리를 적용하는가? 1학 생명",세포,세포 | 생명과학의 이해,생명과학의 이해,생명과학의 이해,,
assessment_task_20d3346d0a,생명과학,생명과학,I_or_other,textbook_concept_dictionary,clean,both,False,,생명과학 사고 확장 프로젝트 수정 - 5단계 최종본 완성 및 발표,수정,수정 | 생식과 생명의 연속성,생식과 생명의 연속성,생식과 생명의 연속성,,
assessment_task_399e79a7f3,생명과학,생명과학Ⅱ,II,textbook_plus_legacy,clean,both,False,,"학습배움노트 • 원핵세포와 진핵 세포의 유전체 구성 과 유전자 구조를 이해하고 차이를 비 교하기 • 반보존적 DNA 복 제 과정을 이해하 고, DNA 복제 과정 을 글과 그림으로",DNA | 유전자 | 복제 | 세포 | 유전,DNA | 복제 | 유전,유전자와 염색체,유전자와 염색체,,
assessment_task_519fb08403,생명과학,생명과학Ⅱ,II,textbook_concept_dictionary,clean,both,False,,"동물 세포에서 일어나는 삼투 실험  세포막을 통한 물질 이동삼투압등장액고장액저장액의 영향을 정확히 설명하였는가 , , · · ? 실  험 결과를 체계적으로 정리하고수치나 그래프를 통해 분석하였는가 , ?  실험 결과를 삼투 현상의 이론적 원리와 연결하여 논리적으로 해석하였는가?  실험 과정결과를 논리적으로 구성하여 글을 작성하였는가 , ?",세포,세포 | 생명과학의 이해,생명과학의 이해,생명과학의 이해,,
assessment_task_5c19d6ac47,생명과학,기초생명과학및실험Ⅲ,I_or_other,textbook_concept_dictionary,clean,both,False,,"자극과 반응 분석하기 평가 자극과 반응 분석하기 평가는 동물의 호르몬 및 신경 조절 과정에 대해 개념 없이 올바르게 이해하고, 이 해한 바를 바탕으로 개념간의 관계와 위계가 드러나도록 체계적인 개념을 형성하고 문제 상황에 적용하여 문제를 해결할 수 있는지를 실험 평가한다.",자극과 반응 | 호르몬,자극과 반응 | 생명과학의 이해,생명과학의 이해,생명과학의 이해,,
assessment_task_5d1fb97a4c,생명과학,고급 생명과학,I_or_other,textbook_plus_legacy,clean,both,False,,유전형질의 발현 유전자와 단백질 합성과정 사이의 생물학적 의의를 설명하기 (논술형),유전자 | 형질 | 유전,유전,유전자와 염색체,유전자와 염색체,,
assessment_task_701183228a,생명과학,생명과학Ⅱ,II,textbook_plus_legacy,clean,both,False,,"진로 탐색 프로젝트 생명과학 Ⅱ에서 학습한 개념과 연결지어 자신의 진로를 탐색하여 보고서 작성 [12생과Ⅱ01-01]생명과학의 역사와 발달 과정을 알고, 주요 발견을 시기에 따라 나열하고 설명할 수 있다. [12생과Ⅱ01-02]생명과학 발달에 기여한 주요 발견들에 사용된 연구 방법들을 조사하여 발표할 수 있다. [12생과Ⅱ02-01]동물과 식물의 유기적 구성을 비교할 수 있다. [12생과Ⅱ02-02]탄수화물, 지질, 단백질, 핵산의 기본 구조와 기능을 설명할 수 있다. [12생과Ⅱ02-03]원핵세포와 진핵세포의 차이점을 비교할 수 있다. [12생과Ⅱ02-04]세포 소기관들이 기능적으로 유기적인 관계를 이루고 있음을 이해하고, 이들 간의 관계성을 설명할 수 있다. [12생과Ⅱ02-05]세포막을 통한 물질 출입 현상을 이해하고, 확산, 삼투, 능동 수송을 실험이나 모 형을 통해 설명할 수 있다. [12생과Ⅱ02-06]효소의 작용을 활성화 에너지와 기질의 특이성을 중심으로 이해하고, 온도와 pH가 효소 작용에 영향을 미칠 수 있음을 실험을 통해 설명할 수 있다. [12생과Ⅱ03-01]미토콘드리아와 엽록체의 구조와 기능을 이해하고, 두 세포 소기관을 비교하여 공 통점과 차이점을 설명할 수 있다. [12생과Ⅱ03-02]세포 호흡 과정과 광합성의 탄소 고정 반응을 단계별로 구분하여 이해하고, 산화 적 인산화 과정을 화학 삼투로 설명할 수 있다. [12생과Ⅱ03-0",세포 호흡 | 광합성 | 세포 | 전달 | 효소,세포 호흡 | 광합성 | 효소 | 물질대사와 에너지,물질대사와 에너지,물질대사와 에너지,,
assessment_task_7ba3ee3993,생명과학,고급생명과학,I_or_other,textbook_concept_dictionary,clean,both,False,,"Visual Thinking 고급 생명과학 수행평가 영역: Visual Thinking. 5. 수행평가 과제별 세부 계획 가. Visual Thinking 성취 기준 [12고생02-03] 중추 신경계에서 이루어지는 자극 전달을 조절하는 약물 및 학습과 기억의 원리를 설명 할 수 있다. 평가 시기 4월 1주 반영비율 30% 영역만점 100점 평가 방법 ☑ 서술･논술 □ 구술･발표 □ 토의･토론 □ 프로젝트 □ 실험･실습 ☑ 포트폴리오 □ 기타 평가 요소 및 채점 기준 1. 방식 1) 약물이 신경계에 미치는 영향을 주제로 관심있는 약물을 선정한다. 2) 교과서, 수업 자료, 신뢰 가능한 참고 자료를 활용하여 핵심 개념을 조",중추 신경계 | 자극 전달 | 신경계 | 전달,자극 전달 | 신경 자극 전도와 전달,신경 자극 전도와 전달,신경 자극 전도와 전달,,
assessment_task_88d3e8a2d3,생명과학,생명과학Ⅱ,II,textbook_concept_dictionary,clean,both,False,,광합성 색소 분리 생명과학 II 수행평가 과제: 광합성 색소 분리. 평가내용: 생물의 구조와 에너지 (해당 단원: 3단원) 포트폴리오 서 · 논술형 기타: 채점 기준(수행 특성) 배점 (배점) 정해진 절차에 따라 실험을 수행하여 시금치의 광합성 색소 4가지를 종이 크로마 6 실험 수행 토그래피로 모두 분리한 경우 (6점) 광합성 색소 4가지 중 일부만 종이 크로마토그래피로 분리한 경우 4 실험을 제대로 수행하지 못해 광합성 색소를 모두 분리하지 못한 경우 2 보고서 보고서를 충실하게 작성한 경우 6 작성 보고서를 제대로 작성하지 않아 빈 칸이나 틀린 내용이 많은 경우 3 (6점) 실험은 수행했으나 보고서를 제출하지 않거나 전혀 작성하지 않은 경우 0 활동 실험에 적극적으로 참여한 경우 3 참여도 (3점) 실험에 참여도가 낮은 경우 1,광합성,광합성,,광합성,,
assessment_task_89fb1ba583,생명과학,생명과학Ⅰ,I_or_other,textbook_concept_dictionary,clean,both,False,,약물의 영향 조사 및 인포그래픽 제작 발표 단원(내용): 신경자극전도와 시냅스전달 / 평가 유형: 서·논술형 평가 개별 평가 / 평가 시기: 4월,신경 자극 전도 | 시냅스 전달 | 신경 자극 | 시냅스 | 전달,시냅스 전달 | 신경 자극 전도와 전달,신경 자극 전도와 전달,신경 자극 전도와 전달,,
assessment_task_99fe28a135,생명과학,생명과학Ⅱ,II,textbook_plus_legacy,clean,both,False,,"생명공학 기술에 대한 윤리적 지침 및 정책 제안서 작성 DNA 재조합 기술의 원리를 이해하고, 활용 사례를 조사하여 발표할 수 있다. 핵치환, 조직 배양, 세포 융합의 원리를 이해하고, 활용 사례를 조사하여 발표할 수 있다. 단일클론항체, 유전자 치료, 줄기세포를 난치병 치료에 적용한 사례를 이해하고, 이러한 치료 법의 전망에 대해 토의할 수 있다. LMO가 인간의 생활과 생태계에 미치는 긍정적인 영향과 부정적인 영향을 조사하고 토론할 수 있다. 생명공학의 발달 과정에서 나타나는 생태학적, 윤리적, 법적, 사회적 문제점을 이해하고, 미래 사회에 미칠 영향을 예측하여 발표할 수 있다. 1 관심 기술 선정 및 생명공학적 원리와 사회적 쟁점 분석하기 2 국내외 가이드라인 분석 및 정책적 한계점 도출하기 3 창의적 가이드라인 제안 및...",DNA | 생태계 | 유전자 | 세포 | 항체 | 유전,DNA | 유전,유전자와 염색체,유전자와 염색체,,
assessment_task_a6f332a7e1,생명과학,생명과학Ⅱ,II,textbook_concept_dictionary,clean,both,False,,세포호흡과 광합성의 비교 생명과학 II 수행평가 과제: 세포호흡과 광합성의 비교. 평가내용: 서술하는 것을 평가함. (2) 세포 호흡과 광합성 과정을 비교하여 두 과정의 공통점과 차이점을 서술하는 것을 평가함. 서술·논술 구술·발표 토의·토론 조사·관찰보고서 실험·실습,세포 호흡 | 광합성 | 세포,세포 호흡 | 광합성 | 물질대사와 에너지,물질대사와 에너지,물질대사와 에너지,,
assessment_task_bb0e29da8d,생명과학,생명과학Ⅱ,II,textbook_plus_legacy,clean,both,False,,"생명과학 포트폴리오 단원: I. 세포의 특성 ~ III. 유전자의 발현과 조절 / 평가요소: 평가 기준 및 배점 배점 바이오-인사이트 생명과학II의 핵심 용어를 맥락에 맞게 3개 이상 사용하여 전문적으로 서술함. 도서 속 현상의 원인과 결과를 '분자적 기작' 또는 '에너지 대사 관점'에서 쪼개어 분석하고, 논리적 비약 없이 인과관계를 명확히 기술함. 단순 지식 나열을 넘어, 교과 개념을 바탕으로 본인만의 창의적 가설이나 비판적 견해를 설득력 있게 제시함. 교과 교사에게 1회 이상 피드백을 받아 본인의 사고를 성찰한 과정을 논리적으로 기술함. 20 교과 지식을 활용하여 논술하였으나, 사용된 용어가 일반 생물학 수준에 머무르거나 서술의 구체성이 다소 부족함. 현상에 대한 원인과 결과의 인과관계는 성립하나, 중간 단계의 생물학적 메커니즘에 대한 설명이 일부 생략됨. 도서 내용과 과학 개념을 연결하여 본인의 생각을 서술하였으나, 분석보다는 현상에 대한 단순 적용에 치중함. 교과 교사에게 1회 이상 피드백을 받았으나 지도 내용이 충분하게 반영되지 못함. 10 과학적 전문 용어의 사용 빈도가 낮으며, 일상적인 언어나 비유 위주로 서술함.인과관계가 불분명하거나, 과학적 근거보다는 도서의 줄거리를 요약하고 개인적인 감상을 기술하는 비중이 높음. 생명과학II 교과 개념에 대한 오개념이 포함되어 있어 논리적 타당성이 떨어짐. 지도 교사에게 피드백을 받지 않음. 5 단원 I. 세포의 특성 ~ III. 유전자의 발현과 조절 교육과정 성취 기준 [12생과Ⅱ02-03]원핵세포와 진핵세포의 차이점을 비교할 수 있다. [12생과Ⅱ03-01]미토콘드리아와 엽록체의 구조와 기능을 이해하고, 두 세포 소기관을 비교하여 공통점과 차이점을 설명할 수 있다. [12생과Ⅱ04-01]원핵세포와 진핵세포의 유전체 구성과 유전자 구조를 이해하고 차이를 비교할 수 있다. [12생과Ⅱ04-02]반보존적 DNA 복제 과정을 이 / 평가 시기: 6 월",DNA | 유전자 | 복제 | 세포 | 유전,DNA | 복제 | 유전,유전자와 염색체,유전자와 염색체,,
assessment_task_bd769958a5,생명과학,생명과학Ⅲ,I_or_other,textbook_concept_dictionary,clean,both,False,,세포호흡 기반 환경문제 해결 방안 탐구 세포호흡을 활용하여 환경문제 해결 방안을 탐구하고 보고서를 작성한다,세포 호흡 | 세포,세포 호흡 | 물질대사와 에너지,물질대사와 에너지,물질대사와 에너지,,
assessment_task_f73b674010,생명과학,기초생명과학및실험Ⅰ,I_or_other,textbook_concept_dictionary,clean,both,False,,"세포 구조 관찰 평가 ‘세포 구조 관찰 평가’는 세포의 구조와 기능에 대해서 학습하고 세포를 분석하는 실험으로 구성되어 있으 며, 생명현상과 관련 있는 탐구 주제에 대하여 학생 중심의 탐구 활동을 하고, 탐구 수행 태도, 실험 수행 및 자료수집, 결과 해석 및 추론 능력에 대하여 평가한다.",세포,세포 | 생명과학의 이해,생명과학의 이해,생명과학의 이해,,
assessment_task_29baa1f458,융합과학 탐구,융합과학 탐구,I_or_other,textbook_concept_dictionary,clean,both,True,통합과학2,연구 윤리와 공동 연구 중요성 토론하기 연구 윤리의 구체적 사례와 공동 연구의 가치에 대한 교육을 진행한 후 연구 윤리의 중요성과 공동 연구의 필요성에 대한 토의 및 토론을 진행하고 실천적인 방안을 마련하도록 한다. 전체적인 탐구 과정 중에는 연구 윤리 규칙을 자발적으로 준수하는지 확인하고 역할 분담을 기준으로 각 팀원의 기여도와 협력적 태도를 종합적으로 평가에 반영한다.,필요성 | 윤리,필요성 | 윤리,,필요성,,
assessment_task_2cbad0ddb4,융합과학 탐구,융합과학 탐구,I_or_other,textbook_concept_dictionary,clean,both,True,통합과학2 | 통합과학1,"융합적 탐구 결론 도출하기 평가 시작 전, 실험 자료의 객관적 해석을 위해 독립 변인과 종속 변인의 상관관계를 분석하는 방법과 과학적 원리를 적용하는 가이드를 충분히 안내한다. 학생들이 수집한 측정값을 체계적으로 정리할 수 있도록 표의 규격과 그래프의 종류 선택 기준을 사전에 교육하고, 특히 축 제목, 단위, 범례 등 필수 요소를 빠짐없이 기입하도록 지도한다. 도출된 결론이 실험 데이터와 일치하는지 논리적 타당성을 검토하는 결과 보고서를 수업 시간에 작성 하게 한다. 이 과정에서 학생들이 융합적 관점을 발휘하여 과학적 개념으로 현상을 설명할 수 있도록 개별 피드백을 제공하여 완성도를 높이도록 돕는다.",데이터 | 단위 | 시간,데이터 | 단위,,데이터,,
assessment_task_452eaefa9a,융합과학 탐구,융합과학 탐구,I_or_other,textbook_concept_dictionary,clean,both,True,통합과학2 | 통합과학1,빅데이터 수집 및 분석 융합과학탐구 수행평가 영역: 빅데이터 수집 및 분석. 기상데이터를 수집하여 가공하고 분석한다.,문제 해결 | 빅데이터 | 데이터 | 디지털,과학 기술 사회에서 빅데이터 활용,과학 기술 사회에서 빅데이터 활용,과학 기술 사회에서 빅데이터 활용,,
assessment_task_6b5c95ef33,융합과학 탐구,융합과학 탐구,I_or_other,textbook_concept_dictionary,clean,both,True,통합과학2 | 통합과학1,"선행 연구 탐색 및 융합적 탐구 설계하기 평가 전, 실생활이나 자연 현상 속에서 과학적 호기심을 유발하는 사례로 학생들이 해결 가능한 문제 를 포착하고, 이를 검증 가능한 가설 형태로 구체화할 수 있도록 지도한다. 타 분야를 유기적으로 연결 하여 탐구의 융합적 가치를 발견하는 시간을 충분히 부여한다. 탐구의 타당성을 높이기 위해 학술 데이터베이스나 전문가 의견 등 신뢰성 있는 출처를 활용한 선행 연구 조사를 독려하며, 이를 통해 탐구의 이론적 배경을 탄탄히 다지도록 돕는다. 실험 설계 단계에서는 독립·종속·통제 변인을 정확히 구분하여 설정했는지 면밀히 점검하고, 실험 목표에 부합하는 체계적 인 수행 절차를 수립하게 한다. 최종적으로는 논리적 흐름을 갖춘 탐구 계획서를 작성하게 한다.",데이터 | 신뢰성 | 생활 | 시간,데이터 | 신뢰성,,데이터,,
assessment_task_78ca92f0e8,융합과학 탐구,융합과학 탐구,I_or_other,textbook_concept_dictionary,clean,both,True,통합과학2 | 생명과학 | 통합과학1,"연구 노트 작성하기 평가 시작 전, 연구 노트를 사전에 배부하고 작성법을 안내한다. 학생들이 실험의 중간 결과뿐만 아니 라 예상치 못한 변수나 수행 과정의 세세한 변화를 실시간으로 기록하여 데이터의 연속성을 확보하도 록 한다. 실험 자료 정리 단계에서는 획득한 원천 데이터를 구체적이고 상세하게 기록하게 함으로써 연구의 재현성을 높이도록 돕는다. 매 회차 탐구 종료 시 자신이 느낀 점과 실현 가능한 개선 방안을 포함한 깊이 있는 성찰 일지를 작성하게 한다. 교사는 학생들이 작성한 노트를 상시 점검하며, 다음 차시에 진행될 연구의 목적과 방법, 준비물 등이 구체적으로 계획되었는지 확인하고 피드백을 제공한다.",데이터 | 연속성 | 시간,데이터 | 연속성,,데이터,,
assessment_task_7cb3a148b7,융합과학 탐구,융합과학 탐구,I_or_other,textbook_concept_dictionary,clean,both,True,통합과학1 | 통합과학2,융합과학기술 활용 사회적 난제 해결 융합과학탐구 수행평가 영역: 융합과학기술 활용 사회적 난제 해결. 융합과학기술을 활용하여 사회적 난제의 해결방안을 제안할 수 있다.,정확성 | 사회,정확성 | 사회,,정확성,,
assessment_task_7f82e97a99,융합과학 탐구,융합과학 탐구,I_or_other,textbook_concept_dictionary,clean,both,True,통합과학2 | 통합과학1 | 생명과학,"융합적 탐구 결과 발표하기 평가 시작 전, 표준화된 발표 기획 양식을 사전에 안내하고, 팀원 간의 전문성을 살린 체계적인 역할 분담이 이루어지도록 지도한다. 학생들이 복잡한 탐구 데이터를 직관적인 그래프나 도식으로 변환할 수 있도록 시각화 도구 활용법을 교육하며, 서론-본론-결론의 논리적 연결성을 확보하여 가독성 높은 발표 자료를 제작하도록 한다. 발표 단계에서는 학생들이 대본에 의존하지 않고 청중과 눈을 맞추며 전문 용어를 자연스럽게 구사할 수 있도록 사전 연습 시간과 피드백을 제공한다. 구술 발표가 진행되는 동안 모든 학생이 경청하는 분위기를 조성하고, 타 모둠의 핵심 원리와 시사점을 기록하는 동료 발표 감상문을 작성하게 한다. 교사는 발표의 전달력뿐만 아니라 질의응답 과정에서 나타나는 탐구 내용의 숙지도를 종합적으로 관찰 하여 기록에 반영한다. - 165 -",데이터 | 시간 | 전달 | 표준,데이터 | 시간,,데이터,,
assessment_task_eae02323c1,융합과학 탐구,융합과학 탐구,I_or_other,textbook_concept_dictionary,clean,both,True,통합과학2,탐구 주제 선정  관심과 흥미가 있는 제재를 확장하여 융합적 접근성이 높은 탐구 주제 선정하기 주제 선정 이유와 연구의 필요성 제시 ,필요성,필요성,,필요성,,
assessment_task_eb132e0108,융합과학 탐구,융합과학 탐구,I_or_other,textbook_concept_dictionary,clean,both,True,통합과학2,보고서 작성 유의 사항을 적용하여 탐구 수행 과정 및 결과를 보고서로 작성하기  탐구 결과에 맞는 적절한 방법으로 데이터 정리 및 변환하기 ,데이터,데이터,,데이터,,
assessment_task_03925c5bf9,인공지능 기초,인공지능 기초,I_or_other,textbook_concept_dictionary,clean,both,True,정보,"인공지능의 원리와 활용 인공지능 기초 수행평가 영역: 인공지능의 원리와 활용. 평가요소: 학습태도, 완성도, 발표력",인공지능,인공지능,,인공지능,,
assessment_task_054e4fc31d,인공지능 기초,인공지능 기초,I_or_other,textbook_concept_dictionary,clean,both,True,정보,"인공지능 사례분석 인공지능 사례를 선정하여 지능 에이전트의 형태로 분석하고, 해당 인공지능 기술로 인한 사회 변화에 대한 보고서를 받아 서술형으로 평가한다.",사회 변화 | 인공지능,사회 변화 | 인공지능 | 정보 사회,정보 사회,정보 사회,,
assessment_task_065c0932ee,인공지능 기초,인공지능 기초,I_or_other,textbook_concept_dictionary,clean,both,True,정보,인공지능 활용 사회 문제 해결 방안 설계 및 윤리 분석하기 사회문제 탐색 - 인공지능으로 해결 가능한 사회 문제 탐색 /,문제 해결 | 인공지능 | 시각화 | 모델 | 탐색,문제 해결 | 시각화 | 자료와 정보의 분석,자료와 정보의 분석,자료와 정보의 분석,,
assessment_task_0eaaa40a10,인공지능 기초,인공지능 기초,I_or_other,textbook_concept_dictionary,clean,both,True,정보,인공지능 모델 탐구 활동 보고서 인공지능 기초 수행평가 영역: 인공지능 모델 탐구 활동 보고서. 단계 단계별 평가 활동 단계별 평가 방법 1단계 주제 선정 및 문제 정의: 탐구할 모델과 해결하고자 하는 문제 선정 주제 적절성 및 목적의 명확성 평가 2단계 모델 원리 분석: 교과 지식을 활용한 모델의 논리적 구조 분석 개념 이해도 및 도식화 능력 평가 3단계 사회적 영향력 및 한계 탐구: 모델의 윤리적 쟁점(편향성 등) 분석 비판적 사고력 및 분석의 깊이 평가 4단계 최종 보고서 작성 및 발표: 논리적 구성 및 결론 도출 보고서의 완성도 및 참고 문헌의 적절성 및 발표 관찰 ▶유의사항:보고서에…,인공지능 | 모델,인공지능 | 모델,,인공지능,,
assessment_task_0f3cd662d5,인공지능 기초,인공지능기초,I_or_other,textbook_concept_dictionary,clean,both,True,정보,"분류 인공지능 모델 구현 인공지능기초 수행평가 과제: 분류 인공지능 모델 구현. 평가내용: 기계학습 중 분류 모델을 활용하여 해결할 수 있는 실생활의 문제를 탐색하고, 데이터를 수집하며, 핵심속성을 추출한 후 학습을 시킨 후 성능 평가를 수행함.",인공지능 | 시각화 | 모델 | 탐색,시각화 | 탐색 | 자료와 정보의 분석,자료와 정보의 분석,자료와 정보의 분석,,
assessment_task_265348db7d,인공지능 기초,인공지능 기초,I_or_other,textbook_concept_dictionary,clean,both,True,정보,인공지능에 의해 변화하는 인간의 삶과 직업의 양상 탐구 Ÿ 포스터 만들기 Ÿ 인공지능으로 변 화하는 사회와 나 의 진로 탐구하기,인공지능,인공지능,,인공지능,,
assessment_task_2a16d3c2b1,인공지능 기초,인공지능 기초,I_or_other,textbook_concept_dictionary,clean,both,True,정보,"인공지능 프로젝트 구현 인공지능 기초 수행평가 영역: 인공지능 프로젝트 구현. 단계 단계별 평가 활동 단계별 평가 방법 1단계 문제 정의: 탐구할 문제와 해결하고자 하는 문제 선정 활동 관찰 및 평가 2단계 데이터 수집: 데이터 입력과 관리 활동 관찰 및 평가 3단계 모델 구현: 훈련/테스트 분리, 기본 모델 구현, 유형별 추천 설계 결과물 평가 4단계 발표 준비: 최종 보고서 작성 및 발표 보고서의 완성도 및 참고 문헌의 적절성 및 발표 관찰",인공지능 | 모델,인공지능 | 모델,,인공지능,,
assessment_task_2dffc05ca2,인공지능 기초,인공지능 기초,I_or_other,textbook_concept_dictionary,clean,both,True,정보,"인공지능 에이전트 탐구 보고서 단원: I. 인공지능의 이해 / II. 인공지능의 원리와 활용 배점 (반영비율) 40점 (40%) / 평가요소: 채점 요소 기대 수행 배점 지능 에이전트 사례 조사 (20점) (서논술형) 일상생활 및 다양한 학문 분야에서 활용되는 실제 지능 에이전트 사례를 소개하고, 인식·학습·추론 과정을 모두 적절히 설명함. 20 일상생활 및 다양한 학문 분야에서 활용되는 실제 지능 에이전트의 인식·학습·추론 과정에 대한 설명 중 2가지만 적절히 설명함. 16 일상생활 및 다양한 학문 분야에서 활용되는 실제 지능 에이전트의 인식·학습·추론 과정에 대한 설명 중 1가지만 적절히 설명함. 12 일상생활 및 다양한 학문 분야에서 활용되는 실제 지능 에이전트의 인식·학습·추론 과정에 대한 설명이 모두 적절하지 않음. 8 가상의 지능 에이전트 설계 (20점) (서논술형) 가상의 지능 에이전트를 설계하고, 인식·학습·추론 과정을 모두 적절히 설명함. 20 가상의 지능 에이전트의 인식·학습·추론 과정에 대한 설명 중 2가지만 적절히 설명함. 16 가상의 지능 에이전트의 인식·학습·추론 과정에 대한 설명 중 1가지만 적절히 설명함. 12 가상의 지능 에이전트에 대한 설명이 적절하지 않음. 8",인공지능,인공지능,,인공지능,,
assessment_task_32045b0d26,인공지능 기초,인공지능 기초,I_or_other,textbook_concept_dictionary,clean,both,True,정보,인공지능 이론기반 탐구 보고서 인공지능 기초 수행평가 영역: 인공지능 이론기반 탐구 보고서. 인공지능 모델의 수학적 원리 분석 및 실험 설계 또는 기계학습 알고 리즘의 직접 구현 등에 관한 탐구 보고서 작성,인공지능 | 모델,인공지능 | 모델,,인공지능,,
assessment_task_32de62f671,인공지능 기초,인공지능기초,I_or_other,textbook_concept_dictionary,clean,both,True,정보,미래직업 탐구하기 인공지능의 개념을 이해하고 진로희망과 인공지능 기술을 관련지어 미래직업 설계하기,미래직업 | 인공지능,미래직업 | 인공지능 | 정보 사회,정보 사회,정보 사회,,
assessment_task_37189c398e,인공지능 기초,인공지능 기초,I_or_other,textbook_concept_dictionary,clean,both,True,정보,"인공지능 포트폴리오(1학기) 단원: Ⅰ. 인공지능의 이해, Ⅱ. 인공지능의 원리와 활용 / 평가요소: 평가 기준 및 배점 배점 인공지능의 이해 및 활용 학습지의 완성도 95%초과 100%이하인 경우 50점 학습지의 완성도 90%초과 95%이하인 경우 47점 학습지의 완성도 85%초과 90%이하인 경우 44점 학습지의 완성도 80%초과 85%이하인 경우 41점 학습지의 완성도 75%초과 80%이하인 경우 38점 학습지의 완성도 70%초과 75%이하인 경우 35점 학습지의 완성도 60%초과 70%이하인 경우 32점 학습지의 완성도 50%초과 60%이하인 경우 29점 학습지의 완성도 30%초과 50%이하인 경우 26점 학습지의 완성도 0%초과 30%이하인 경우 23점 학습지 미제출 0점 / 평가 시기: 3월 ~ 5월",인공지능,인공지능,,인공지능,,
assessment_task_397210f283,인공지능 기초,인공지능 기초,I_or_other,textbook_concept_dictionary,clean,both,True,정보,"탐색과 추론 인공지능 기초 수행평가 영역: 탐색과 추론. 평가요소: 학습태도, 적절한 탐색, 구조화 능력",구조화 | 탐색,구조화 | 추상화와 문제 분해,추상화와 문제 분해,추상화와 문제 분해,,
assessment_task_3c1fe074c9,인공지능 기초,인공지능 기초,I_or_other,textbook_concept_dictionary,clean,both,True,정보,"인공지능 프로젝트(1학기) 단원: Ⅱ. 인공지능의 원리와 활용 / 평가요소: 평가 기준 및 배점 배점 인공지능 음성 인식과 프로젝트 평가요소 및 프로젝트 완성도 95%초과 100%이하인 경우 50점 @@PAGE=148@@ - 148 - 다. 인공지능 윤리 포트폴리오(2학기) 단원 Ⅲ. 데이터와 기계학습, Ⅳ. 인공지능의 사회적 역량 교육과정 성취 기준 [12인03-01] 데이터 속성의 개념을 이해하고, 기계학습에서 데이터 속성의 역할을 설명한다. [12인04-01] 인공지능이 미래사회에서 해결하게 될 여러 가지 사회적 문제를 예측하고 인공지능의 역할을 제시한다. / 평가 시기: 6월",인공지능,인공지능,,인공지능,,
assessment_task_403961ffe0,인공지능 기초,인공지능기초,I_or_other,textbook_concept_dictionary,clean,both,True,정보,기계학습 모델 분석하기 데이터의 속성을 이해하고 기계학습을 수행한 후 모델의 성능 평가 결과 해석하기,모델,모델,,모델,,
assessment_task_481f237748,인공지능 기초,인공지능기초,I_or_other,textbook_concept_dictionary,clean,both,True,정보,"기계모델 구현 프로젝트 인공지능기초 수행평가 과제: 기계모델 구현 프로젝트. 평가내용: 문제를 정의하고 데이터 전처리, 모델 선택, 학습·검증, 성능 평가를 수행한 뒤 머신러닝 모델 구현 과정과 결과 해석 보고서를 작성한다.",모델,모델,,모델,,
assessment_task_5bc697743d,인공지능 기초,인공지능 기초,I_or_other,textbook_concept_dictionary,clean,both,True,정보,우리 사회의 문제를 개선하는 AI 구현하기 인공지능에 의해 변화하는 삶의 모습,문제 해결 | 의사소통 | 인공지능 | 자료 분석 | AI | 소통 | 협업,의사소통 | 협업 | 컴퓨팅 시스템과 네트워크,컴퓨팅 시스템과 네트워크,컴퓨팅 시스템과 네트워크,,
assessment_task_5d6c521875,인공지능 기초,인공지능기초,I_or_other,textbook_concept_dictionary,clean,both,True,정보,"인공지능이론구술 1 인공지능기초 수행평가 과제: 인공지능이론구술 1. 평가내용: 공개된 8가지 질문지에 대한 답변을 미리 준비하고, 수행일에 1가지 질문지를 직접 뽑아 구술함.",인공지능,인공지능,,인공지능,,
assessment_task_64dc3f31e5,인공지능 기초,인공지능 기초,I_or_other,textbook_concept_dictionary,clean,both,True,정보,"인공지능 윤리 토의 인공지능 윤리와 관련된 주제를 선정하고, 해당 내용을 기반으로 서술형 보고서, 발표 자료 및 구술형 발표 평가",의사소통 | 인공지능 | 자료 분석 | 소통,의사소통 | 컴퓨팅 시스템과 네트워크,컴퓨팅 시스템과 네트워크,컴퓨팅 시스템과 네트워크,,
assessment_task_688a0ff554,인공지능 기초,인공지능,I_or_other,textbook_plus_legacy,clean,both,False,정보,프로젝트 문제를 정확하게 이해하고 분석하였는가?; 문제를 해결하기 위한 올바른 데이터 형식을 설계 하였는가? 프로그램; 적절한 함수를 디자인하였는가? 세부 평가 설계,알고리즘 | 시각화 | 함수,함수 | 알고리즘,알고리즘 설계와 분석,알고리즘 설계와 분석,,
assessment_task_785a764410,인공지능 기초,인공지능 기초,I_or_other,textbook_concept_dictionary,clean,both,True,정보,기계학습 모델 생성 및 평가 인공지능 기초 수행평가 영역: 기계학습 모델 생성 및 평가. 인공지능 문제를 해결하기 위하여 기계학습의 모델을 생성하고 이를 평가하는 코드를 완성,문제 해결 | 인공지능 | 자료 분석 | 디지털 | 모델,문제 해결 | 자료 분석 | 자료와 정보의 분석,자료와 정보의 분석,자료와 정보의 분석,,
assessment_task_795557d9af,인공지능 기초,인공지능 기초,I_or_other,textbook_concept_dictionary,clean,both,True,정보,"머신러닝 메이커스 프로젝트 공공 데이터 포털 및 직접 자료 수집을 통한 데이터 수집, 분석 및 전처리하기 다양한 플랫폼 및 모듈을 활용한 데이터 시각화 및 인공지능 모델 구현하기",프로그래밍 언어 | 인공지능 | 자료 수집 | 시각화 | 모델,자료 수집 | 시각화 | 자료와 정보의 분석,자료와 정보의 분석,자료와 정보의 분석,,
assessment_task_7d0f8621b4,인공지능 기초,인공지능 기초,I_or_other,textbook_plus_legacy,clean,both,False,정보,기계학습 알고리즘을 이용한 모델 구현 프로젝트 Ÿ 문제 이해 및 분석 Ÿ 데이터 수집 Ÿ 데이터 분석 Ÿ 모델 학습 및 평가 Ÿ 모델 활용,문제 이해 | 알고리즘 | 모델,문제 이해 | 모델 | 알고리즘 | 추상화와 문제 분해,추상화와 문제 분해,추상화와 문제 분해,,
assessment_task_82b312d6a0,인공지능 기초,인공지능 기초,I_or_other,textbook_concept_dictionary,clean,both,True,정보,인공지능의 윤리적 쟁점 분석 및 대응 방안 제안서 작성 2 사례 조사 및 기술적 원인 분석하기,인공지능,인공지능,,인공지능,,
assessment_task_8ee29d0a46,인공지능 기초,인공지능기초,I_or_other,textbook_concept_dictionary,clean,both,True,정보,인공지능 프로젝트 인공지능으로 해결가능한 문제를 정의하고 문제해결에 적합한 데이터를 수집 및 전처리하여 기계학습모델을 구현하고 분석하고 평가하기,문제 해결 | 인공지능 | 모델,문제 해결 | 자료와 정보의 분석,자료와 정보의 분석,자료와 정보의 분석,,
assessment_task_8ff8f23946,인공지능 기초,인공지능기초,I_or_other,textbook_concept_dictionary,clean,both,True,정보,"실습 산출물 평가 인공지능기초 수행평가 과제: 실습 산출물 평가. 평가내용: 센서와 인식, 컴퓨터 비전, 음성 인식·언어 이해 등의 개념을 바탕으로 감정 분석하기 실습 산출물을 작성한다.",센서,센서,,센서,,
assessment_task_9099e656da,인공지능 기초,인공지능기초,I_or_other,textbook_concept_dictionary,clean,both,True,정보,인공지능 텍스트 코딩의 기본 인공지능 기초 수행평가 과제: 인공지능 텍스트 코딩의 기본. 평가내용: 구술·발표 토의·토론 프로젝트 실험·실습 포트폴리오 서·논술형 기타 ( ) 채점 기준(수행 특성) 배점 (배점) 시각화 라이브러리 활용 결과물의 완성도가 90% 이상인 경우 16 시각화 라이브러리 활용 결과물의 완성도가 80% 이상 90% 미만인 경우 14 데이터 시각화 라이브러리 활용 결과물의 완성도가 70% 이상 80% 미만인 경우 12 시각화 시각화 라이브러리 활용 결과물의 완성도가 60% 이상 70% 미만인 경우 10 (16점) 시각화 라이브러리 활용 결과물의 완성도가 60% 미만인 경우 8 평가에 참여하였으나 결과물이 없는 경우 6 회귀 모델 결과물의 완성도가 90% 이상인 경우 16 회귀 모델 결과물의 완성도가 80% 이상 90% 미만인 경우 14 회귀 모델 회귀 모델 결과물의 완성도가 70% 이상 80% 미만인 경우 12 (16점) 회귀 모델 결과물의 완성도가 60% 이상 70% 미만인 경우 10 회귀 모델 결과물의 완성도가 60% 미만인 경우 8 평가에 참여하였으나 결과물이 없는 경우 6 분류 모델 결과물의 완성도가 90% 이상인 경우 16 분류 모델 결과물의 완성도가 80% 이상 90% 미만인 경우 14 분류 모델 분류 모델 결과물의 완성도가 70% 이상 80% 미만인 경우 12 (16점) 분류 모델 결과물의 완성도,인공지능 | 시각화 | 모델,인공지능 | 시각화,,인공지능,,
assessment_task_9c4a22200d,인공지능 기초,인공지능기초,I_or_other,textbook_concept_dictionary,clean,both,True,정보,"인공지능과 진로 탐구 인공지능 기초 수행평가 과제: 인공지능과 진로 탐구. 평가내용: 구술·발표 토의·토론 프로젝트 실험·실습 포트폴리오 서·논술형 기타 ( ) (배점) 희망 진로에서 사용되고 있는 인공지능의 기술, 사례, 장점과 한계, 전망, 20 필요 역량을 모두 적절히 포함한 경우 희망 진로에서 사용되고 있는 인공지능의 기술, 사례, 장점과 한계, 전망, 18 필요 역량 중 4가지를 적절히 포함한 경우 희망 진로에서 사용되고 있는 인공지능의 기술, 사례, 장점과 한계, 전망, 16 탐구 결과물 필요 역량 중 3가지를 적절히 포함한 경우 (20점) 희망 진로에서 사용되고 있는 인공지능의 기술, 사례, 장점과 한계, 전망, 14 필요 역량 중 2가지를 적절히 포함한 경우 희망 진로에서 사용되고 있는 인공지능의 기술, 사례, 장점과 한계, 전망, 12 필요 역량 중 1가지를 적절히 포함한 경우 평가에 참여하였으나 결과물이 없는 경우 10 생성형 인공지능을 매우 적절히 활용하고 활용 과정에 대한 결과물을 매 12 우 적절히 작성한 경우 생성형 인공지능을 매우 적절히 활용하거나 활용 과정에 대한 결과물을 10 매우 적절히 작성한 경우 생성형 생성형 인공지능을 적절히 활용하고 활용 과정에 대한 결과물을 적절히 인공지능 8 작성한 경우 활용 생성형 인공지능을 활용하고 활용 과정에 대한 결과물을 작성한 경우 6 (12점) 생",인공지능,인공지능,,인공지능,,
assessment_task_9d21164a2b,인공지능 기초,인공지능 기초,I_or_other,textbook_concept_dictionary,clean,both,True,정보,"컴퓨터 비전 활용한 실생활 문제 해결 - 컴퓨터 비전으로 해결할 수 있는 문제를 탐색하고, 학습 데이터를 수집하여 영상 인식 에이전트 제작 후 동작 결과에 대한 보고서를 제출하도록 한다. - 배점은 각 항목의 완성도에 따라 배점 : 상(오류 1개 미만), 중(오류 1개 이하), 하(오류 2개 미상)",문제 해결 | 탐색,문제 해결 | 탐색 | 자료와 정보의 분석,자료와 정보의 분석,자료와 정보의 분석,,
assessment_task_a3380d2256,인공지능 기초,인공지능 기초,I_or_other,textbook_concept_dictionary,clean,both,True,정보,인공지능 융합 탐구 프로젝트 인공지능 기초 수행평가 영역: 인공지능 융합 탐구 프로젝트. 정보를 제외한 과목의 문제를 정의하고 해결하기 위하여 인공지능을 활용한 프로그램을 작성하는 등의 융합 탐구 프로젝트를 진행,인공지능 | 정보,자료와 정보의 표현,자료와 정보의 표현,자료와 정보의 표현,,
assessment_task_a83adc2a2f,인공지능 기초,인공지능기초,I_or_other,textbook_concept_dictionary,clean,both,True,정보,인공지능 개념 탐구 인공지능 기초 수행평가 과제: 인공지능 개념 탐구. 평가내용: 구술·발표 토의·토론 프로젝트 실험·실습 포트폴리오 서·논술형 기타 ( ) (배점) 전체 활동지 완성도가 90% 이상인 경우 20 전체 활동지 완성도가 80% 이상 90% 미만인 경우 18 전체 활동지 완성도가 70% 이상 80% 미만인 경우 16 활동지 전체 활동지 완성도가 60% 이상 70% 미만인 경우 14 (20점) 전체 활동지 완성도가 50% 이상 60% 미만인 경우 12 전체 활동지 완성도가 40% 이상 50% 미만인 경우 10 전체 활동지 완성도가 40% 미만인 경우 8 225/ 8 2026학년도 방산고 교수학습 및 평가 운영 계획,인공지능,인공지능,,인공지능,,
assessment_task_a9458b5850,인공지능 기초,인공지능 기초,I_or_other,textbook_concept_dictionary,clean,both,True,정보,수업 일기 단원: I. 인공지능의 이해 / II. 인공지능의 원리와 활용 배점 (반영비율) 20점 (20%) / 평가요소: 채점 요소 기대 수행 배점 수업 일기 분량 (20점) 매 수업 직후 일기를 작성하여 제출함. 20 일기를 2번 이상 제출하지 않음. 19 일기를 3번 이상 제출하지 않음. 18 일기를 4번 이상 제출하지 않음. 17 일기를 5번 이상 제출하지 않음. 16 일기를 6번 이상 제출하지 않음. 15,인공지능,인공지능,,인공지능,,
assessment_task_ad60492344,인공지능 기초,인공지능 기초,I_or_other,textbook_concept_dictionary,clean,both,True,정보,"센서를 활용한 스마트 공간 설계 스마트 공간을 자유로이 구상하고, 적용된 기술과 그에 알맞은 센서를 선정 후, 스마트 공 간을 그림으로 완성하여 제출하도록 한다.",센서,센서,,센서,,
assessment_task_adef858097,인공지능 기초,인공지능 기초,I_or_other,textbook_concept_dictionary,clean,both,True,정보,인공지능 인사이트 프로젝트 ‧ 인공지능 활용 사례를 분야별로 탐색 후 진로와 관련된 분야의 사례 소개하기 ‧ 인공지능의 원리 및 활용 사례를 탐색한 후 윤리적 쟁점 및 딜레마에 대한 본인의 생각 작성하기,사회 변화 | 인공지능 | 시각화 | 탐색,사회 변화 | 인공지능 | 정보 사회,정보 사회,정보 사회,,
assessment_task_af88ba3ff4,인공지능 기초,인공지능 기초,I_or_other,textbook_concept_dictionary,clean,both,True,정보,"인공지능 정의하기 단원: I. 인공지능의 이해 배점 (반영비율) 40점 (40%) / 평가요소: 채점 요소 기대 수행 배점 인공지능의 특성과 사례 (20점) (서논술형) 인공지능의 4가지 특성 중 한 가지를 골라 의미를 정확히 설명하였으며, 적절한 사례를 2가지 제시함. 20 인공지능의 4가지 특성 중 한 가지를 골라 의미를 정확히 설명하였으며, 적절한 사례를 1가지만 제시함. 16 인공지능의 4가지 특성 중 한 가지를 골라 의미를 정확히 설명하였으나, 사례가 모두 적절하지 않음. 12 인공지능의 4가지 특성 중 한 가지를 골랐으나 설명이 정확하지 않음. 8 인공지능 구별하기 (20점) (서논술형) 인공지능과 인공지능이 아닌 것을 정확히 구별하고, 이유를 적절히 설명함. 20 인공지능과 인공지능이 아닌 것을 정확히 구별하였으나, 이유가 적절하지 않음. 15 인공지능과 인공지능이 아닌 것을 정확히 구별하지 않음. 10",인공지능,인공지능,,인공지능,,
assessment_task_b30c7f7c70,인공지능 기초,인공지능 기초,I_or_other,textbook_concept_dictionary,clean,both,True,정보,"인공지능 소프트웨어 개발하기 인공지능 기초 수행평가 영역: 인공지능 소프트웨어 개발하기. 5. 수행평가 과제별 세부 계획 가. 인공지능 소프트웨어 개발하기 성취기준 및 성취수준 [12인기04-01] 지속가능발전 목표를 해결하기 위해 인공지능을 적용할 수 있는 방안을 탐색하고, 인공지능 프로젝트 활동에 적합한 주제를 도출한다. A 지속가능발전목표의 개념과 인공지능을 적용한 사례를 구체적으로 설명하고, 인공지능 프로젝트 활동에 적합한 다양한 주제를 탐색하며, 인류의 지속가능발전을 위한 인공지능의 중요성을 내면화할 수 있다. B 지속가능발전목표의 개념과 인공지능을 적용한 사례를 구체적으로 설명하고, 인공지능 프로젝트 활동에",문제 해결 | 의사소통 | 인공지능 | 디지털 | 소통 | 탐색,문제 해결 | 탐색 | 자료와 정보의 분석,자료와 정보의 분석,자료와 정보의 분석,,
assessment_task_b31b451a80,인공지능 기초,인공지능 기초,I_or_other,textbook_concept_dictionary,clean,both,True,정보,"인공지능 문제를 Python을 활용하여 해결하기 인공지능 기초 수행평가 영역: 인공지능 문제를 Python을 활용하여 해결하기. GE 231@@ - 231 - 다. 인공지능 문제를 Python을 활용하여 해결하기 성취기준 및 성취수준 [12인기02-01] 기계학습을 적용할 문제를 정의하고, 문제 해결에 필요한 데이터를 선정하여 수집한다. A 기계학습의 개념과 원리를 정확하게 설명하고, 기계학습을 적용할 문제를 정의하며, 문제 해결에 적합한 데이터를 수집하고, 데이터의 수집과 활용에 공정성을 추구하려는 자세를 내면화할 수 있다. B 기계학습의 개념과 원리를 정확하게 설명하고, 기계학습을 적용할 문제를 정의하며, 데이터를 수집하고, 데이터의 수집과 활용에 공정성",Python | 문제 해결 | 의사소통 | 인공지능 | 디지털 | 소통,의사소통 | 컴퓨팅 시스템과 네트워크,컴퓨팅 시스템과 네트워크,컴퓨팅 시스템과 네트워크,,
assessment_task_b7ba88cf07,인공지능 기초,인공지능 기초,I_or_other,textbook_concept_dictionary,clean,both,True,정보,인공지능 실패사례 분석 및 진로탐색 우리가 알만한 유명 기업의 AI 기술 실패 사례를 통한 미래 전망 분석보고서 작성하기 [12인01-01] 인공지능의 지능적 판단에 대한 이해를 바탕으로 인공지능을 활용한 실생활 및 다양 한 학문 분야의 문제 해결 사례를 비교·분석한다. [12인01-02] 인공지능에서 탐색의 중요성을 이해하고 문제 해결을 위한 설계 과정을 설계한다. [12인기01-03] 맹목적 탐색과 정보 이용 탐색의 차이를 중심으로 지능적 탐색의 원리를 파악한,문제 해결 | 인공지능 | 자료 분석 | AI | 정보 | 탐색,문제 해결 | 자료 분석 | 자료와 정보의 분석,자료와 정보의 분석,자료와 정보의 분석,,
assessment_task_be0dd04f16,인공지능 기초,인공지능 기초,I_or_other,textbook_concept_dictionary,clean,both,True,정보,"인공지능 융합 보고서 인공지능을 활용한 문제 해결 주제를 선정, 계획하고, 해당 내용을 기반으로 논술형 보고서 평가",문제 해결 | 인공지능,문제 해결 | 자료와 정보의 분석,자료와 정보의 분석,자료와 정보의 분석,,
assessment_task_c37e0b2e2b,인공지능 기초,인공지능 기초,I_or_other,textbook_concept_dictionary,clean,both,True,정보,"인공지능의 사회적 영향 분석 [12인기03-01] 인공지능의 발전으로 인한 사회 변화를 살펴보고, 인공지능으로 해결할 수 있는 사회적 문제를 분석한다. [12인기03-02] 인공지능에 의해 변화하는 인간의 삶과 직업의 양상에 대해 이해하고 진로를 탐색한다. [12인기03-03] 인공지능에 대한 비판적 자세를 바탕으로 인공지능과 인간의 공존 방안을 도출한다. [12인기03-04] 인공지능의 활용사례와 윤리적 딜레마 상황을 인공지능 윤리 관점에서 분석한다. 인공지능으로 해결할 수 있는 사회적 문제에 관하여 글쓰기 인공지능에 의해 변화하는 인간의 삶과 직업의 양상에 관하여 글쓰기 인간과 인공지능의 공존 방안에 관하여 글쓰기 인공지능의 윤리적 딜레마에 관하여 글쓰기",사회 변화 | 인공지능 | 탐색,사회 변화 | 인공지능 | 정보 사회,정보 사회,정보 사회,,
assessment_task_c4b3cbe3b3,인공지능 기초,인공지능 기초,I_or_other,textbook_concept_dictionary,clean,both,True,정보,"인공지능 이슈 발표 본인의 진로와 밀접한 분야의 인공지능 융합 사례를 선정하고, 해당 내용을 기반으로 발표 자료 및 발표 평가",의사소통 | 인공지능 | 자료 분석 | 소통,의사소통 | 컴퓨팅 시스템과 네트워크,컴퓨팅 시스템과 네트워크,컴퓨팅 시스템과 네트워크,,
assessment_task_c51f377e6d,인공지능 기초,인공지능 기초,I_or_other,textbook_concept_dictionary,clean,both,True,정보,인공지능 딥러닝 코딩 인공지능 기초 수행평가 과제: 인공지능 딥러닝 코딩. 평가내용: 해당 단원: Ⅱ단원-2 포트폴리오 서 · 논술형 기타: 채점 기준(수행 특성) 배점 (배점) 기계학습 모델 생성 코딩을 매우 적절하게 완성하여 잘못된 부분이 1개 이하인 경우 10 기계학습 모델 기계학습 모델 생성 코딩을 적절하게 완성하여 잘못된 부분이 2~3개 이하인 경우 9 생성 기계학습 모델 생성 코딩을 미흡하게 완성하여 잘못된 부분이 4~5개 이하인 경우 8 코딩 기계학습 모델 생성 코딩을 다소 미흡하게 완성하여 잘못된 부분이 6~7개 이하인 경우 7 (10점) 기계학습 모델 생성 코딩을 매우 미흡하게 완성하여 잘못된 부분이 8개 이하인 경우 6 인공지능 모델 구현 코딩을 매우 적절하게 완성하여 잘못된 부분이 1개 이하인 경우 10 인공지능 인공지능 모델 구현 코딩을 적절하게 완성하여 잘못된 부분이 2~3개 이하인 경우 9 모델 인공지능 모델 구현 코딩을 적절하게 완성하여 잘못된 부분이 4~5개 이하인 경우 8 구현 인공지능 모델 구현 코딩을 미흡하게 완성하여 잘못된 부분이 6~7개 이하인 경우 7 (10점) 인공지능 모델 구현 코딩을 매우 미흡하게 완성하여 잘못된 부분이 8개 이하인 경우 6 이미지 분류 모델 생성 코딩을 매우 적절하게 완성하여 잘못된 부분이 1개 이하인 경우 10 이미지 이미지 분류 모,인공지능 | 모델,인공지능 | 모델,,인공지능,,
assessment_task_c531e4faa5,인공지능 기초,인공지능기초,I_or_other,textbook_concept_dictionary,clean,both,True,정보,"인공지능 독서 활동 인공지능기초 수행평가 과제: 인공지능 독서 활동. 평가내용: 인공지능 관련 도서를 선정하고, 도서 선정 이유와 핵심 개념 정리, 독서 소감문을 작성한다.",인공지능,인공지능,,인공지능,,
assessment_task_cab304530b,인공지능 기초,인공지능 기초,I_or_other,textbook_concept_dictionary,clean,both,True,정보,"자료조사 기반 진로 탐구 프로젝트 인공지능 기초 수행평가 과제: 자료조사 기반 진로 탐구 프로젝트. 평가내용: 1. 인공지능의 발전과 나의 진로(1학기, 3~4월) 영역시기비 율 성취기준 성취수준 배 점 평가관점 평가기준 자료 조사 기반 의 진로 탐구 프로 젝트 3~4 월 50 [12인01-02] 인공지능이 개인의 삶, 사회와 직업을 어떻게 변화시키는지 탐색하고 인공지능 역할의 필요 성과 중요성을 이해한 다. <진로와 연관된 인공지능 활 용 방안> 인공지능이 개인의 삶, 사회 와 직업을 변화시키는 방법 을 탐색할 수 있는가? 인공지능의 필요성과 중요 성을 이해하고 있는가? 미래 사회의 변화에 적응하 기 위한 태도가 나타났는가? 관심있는(또는 조사하고 싶은) 진 로(또는 직업)에 대해 탐색하고 직 업의 하는 일, 준비 사항, 전망에 대해 구체화 해서 다양한 인공지능 분야 중 연관성 있는 분야를 다수 선택해 진로(직업)과의 활용 방안 을 논리에 맞게 구체적으로 기술 함. 40~4 5 관심있는(또는 조사하고 싶은) 진 로(또는 직업)에 대해 탐색하고 직 업의 하는 일, 준비 사항, 전망에 대해 기술하고 다양한 인공지능 분 야 중 연관성 있는 분야를 선택해 활용 방안을 기술함. 10~3 9 관심있는(또는 조사하고 싶은) 진 로(또는 직업)에 대해 탐색했으나 직업의 하는 일, 준비 사항, 전망 에 대한 기술과 인공지능 분야와의 활용 방안에 대한 기술이 미흡함. 1~9 제출 기한에 맞춰 높은 완성 도로 완성했는가? 출석을 성실히 했는가? 제출 기한에 맞춰 높은 완성도로 완성함. 5 제출 시간을 맞추지 못하고 완성도 가 미흡함. 3 제출하지 않음. 0 ---PAGE 86--- 3 2. 인공지능의 눈을 경험해 보자(1학기, 5~6월) 영역시기비 율 성취기준 성취수준 배 점 평가관점 평가기준 실습 6~7 월 50 [12인02-01] 지능 에이전 트가 다양한 센서를 통해 주변의 환경 및 상황 정 보를 탐지하여 인식하는 방법과 원리를 설명한다. [12인02-02] 이미지 인 식, 컴퓨터 비전의 활용 분야를 탐색하고, 컴퓨터 비전의 한계를 인간의 시 각 처리와 비교하여 설명 한다. <객체 인식과 이미지 분할의 개념과 차이점> 센서의 종류, 정보 인식 및 처 리 방식을 이해하고 있는가? 센서와 인간의 인식차이에 대해 구별 가능한가? 이미지 인식과정에 대해 이해하 고 있는가? 컴퓨터 비전의 활용 분야를 이 해하고 있는가? 교육용 도구를 활용해 컴퓨터 비전의 처리방식을 이해했는 가",인공지능 | 센서 | 정보 | 탐색,자료와 정보의 표현,자료와 정보의 표현,자료와 정보의 표현,,
assessment_task_ec8d4a963c,인공지능 기초,인공지능 기초,I_or_other,textbook_concept_dictionary,clean,both,True,정보,인공지능 프로젝트 지속가능발전목표와 인공지능  인공지능 프로젝트 ,인공지능,인공지능,,인공지능,,
assessment_task_f8f385b1de,인공지능 기초,인공지능,I_or_other,textbook_plus_legacy,clean,both,False,정보,기본코딩 문제를 정확하게 이해하고 분석하였는가?; 문제를 해결하기 위한 올바른 데이터 형식을 설계 하였는가? 프로그램; 적절한 함수를 디자인하였는가? 설계,알고리즘 | 시각화 | 함수,함수 | 알고리즘,알고리즘 설계와 분석,알고리즘 설계와 분석,,
assessment_task_03ee841410,정보,정보과학Ⅰ,I_or_other,textbook_plus_legacy,clean,both,False,,알고리즘 탐구 보고서 보고서를 바탕으로 파이썬 프로그래밍 언어를 사용하여 프로그램을 구현한다,프로그래밍 언어 | 알고리즘,프로그래밍 언어 | 알고리즘 | 프로그래밍과 자동화,프로그래밍과 자동화,프로그래밍과 자동화,,
assessment_task_1e503509ca,정보,정보,I_or_other,textbook_concept_dictionary,clean,both,False,,인간과 인공지능의 관계에 대해 비판적으로 글쓰기 단원(내용): Ⅳ. 인공지능 / 평가 유형: 서·논술형 평가 / 평가 시기: 5~6월,인공지능,인공지능,,인공지능,,
assessment_task_304bd61bf9,정보,정보과학,I_or_other,textbook_plus_legacy,clean,both,False,,적합한 자료구조를 설계하고 이를 파이썬 프 로그래밍 언어로 구현하여 해결하기 자료구조 종류별 특성을 이해하고 주어진 문제에 적합한 자료구조를 설계하여 파이썬 프로그래밍 언어로 해결하기,프로그래밍 언어 | 문제 해결 | 반복 구조 | 알고리즘 | 반복,반복 구조 | 알고리즘,알고리즘 설계와 분석,알고리즘 설계와 분석,,
assessment_task_371d14699d,정보,정보과학개론,I_or_other,textbook_concept_dictionary,clean,both,False,,보고서 정보과학개론 수행평가 영역: 보고서,정보 과학 | 효율성,정보 과학 | 효율성,,정보 과학,,
assessment_task_4b75b13372,정보,인공지능 기반 생물정보학 기초와 활용,I_or_other,textbook_plus_legacy,clean,both,False,,유전체 정보분석하기 유전체 데이터 분석 원리 및 구강 세포 PCR-전기영동 기법 이해하기 / 생물정보학 프로그램을 활용 한 유전체 서열 정렬·주석·변이 분석하기 / 구강 세포 PCR 증폭·전기영동 실험 설계·실행 및 밴드 해석하기 / 분석 결과의 생물학적·임상적 의미 비판적 해석과 윤리적 연구 태도 갖추기,정렬 | 유전,정렬 | 유전,,정렬,,
assessment_task_4b7acd0789,정보,정보와 디지털 문해력,I_or_other,textbook_concept_dictionary,clean,both,False,,"디지털 사회 문제 기반 카드뉴스 제작하기 주제 선정 - 디지털 사회에서 나타나는 문제(개인정보 유출, 사이버 폭력, 디지털 격차 등)를 탐색하고 관심 있는 주제 를 선정한다. - 주제를 선정한 이유와 카드뉴스를 통해 전달하고자 하는 핵심 메시지를 정리한다. / 자료 수집 및 출처 확인 - 뉴스 기사, 보고서, 통계 자료, 공공기관 자료 등 신뢰 가능한 자료를 탐색하여 필요한 정보를 수집한다. - 수집한 자료의 출처와 신뢰도를 확인하고 카드뉴스 제작에 활용할 핵심 내용을 정리한다. / 카드뉴스 제작 - 수집한 자료를 바탕으로 디지털 사회 문제의 원인과 해결 방안을 담은 카드뉴스를 제작한다.",개인 정보 | 자료 수집 | 디지털 | 탐색,자료 수집 | 탐색 | 자료와 정보의 분석,자료와 정보의 분석,자료와 정보의 분석,,
assessment_task_5ce2bf6394,정보,정보,I_or_other,textbook_concept_dictionary,clean,both,False,,데이터 분석 및 시각화하기 빅데이터 분석 도구를 활용하여 공공데이터를 분석하고 시각화하기,빅 데이터 | 시각화,빅 데이터 | 시각화,,빅 데이터,,
assessment_task_8d74434066,정보,정보,I_or_other,textbook_concept_dictionary,clean,both,False,,"인공지능 의 원리와 활용 주제탐구 정보 수행평가 과제: 인공지능 의 원리와 활용 주제탐구. 평가내용: ① 기본 원리(학습, 추론, 문제 해결, 적응 성) 중 올바른 설명 선택? ② 활용 분야(의료, 교통, 스마트홈 등)와 해당 사례(영상 판독, 자율주행, AI 스 피커 등) 연결? ③ 빈칸을 올바르게 완성했는가? ④ 긍정·부정 측면을 균형 있게 제시했는 가? ⑤ 과정 순서를 정확히 배열했는가? * 평가 기준에 근거하여 배점하되, 수행 결과물의 수준에 따라 수준별 분류 후 1~2점씩 감점함(예: 상, 중, 하) * 제출 기간 매 1일 초과 시 1점 감점",문제 해결 | 스마트홈 | 인공지능 | 자율 주행 | AI | 배열,스마트홈 | 인공지능 | 정보 사회,정보 사회,정보 사회,,
assessment_task_b61779fa95,정보,정보과학,I_or_other,textbook_plus_legacy,clean,both,False,,알고리즘 탐구 포트폴리오,알고리즘,알고리즘,알고리즘 설계와 분석,알고리즘 설계와 분석,,
assessment_task_bef5956ceb,정보,정보,I_or_other,textbook_concept_dictionary,clean,both,False,,"자료형과 제어구조를 활용한 프로그램 구현하기 정보 수행평가 과제: 자료형과 제어구조를 활용한 프로그램 구현하기. 평가요소: 문제 해결을 위한 적절한 자료형을 선택하였, 는가?, 변수와 자료형의 특성을 고려하여 프로그램을, 설계하였는가?",문제 해결 | 제어 구조 | 입출력 | 자료형 | 변수,제어 구조 | 변수 | 프로그래밍과 자동화,프로그래밍과 자동화,프로그래밍과 자동화,,
assessment_task_ca804522f6,정보,정보,I_or_other,textbook_plus_legacy,clean,both,False,,알고리즘 문제 해결 논술하기 ·정렬과 탐색 알고리즘을 분석하여 논술하기,문제 해결 | 알고리즘 | 효율성 | 정렬 | 탐색,문제 해결 | 정렬 | 알고리즘 | 자료와 정보의 분석,자료와 정보의 분석,자료와 정보의 분석,,
assessment_task_ff8f155c28,정보,정보과학,I_or_other,textbook_plus_legacy,clean,both,False,,정렬·탐색 알고리즘 이해도 평가 다양한 정렬 알고리즘(버블·선택·삽입·퀵·병합)의 동작 원리 이해; 순차 탐색과 이진 탐색의 동작 원리 이해 및 비교; DFS·BFS의 동작 원리 및 사용 자료구조(스택/큐) 이해,순차 탐색 | 알고리즘 | 이진 탐색 | 순차 | 정렬 | 탐색,순차 탐색 | 이진 탐색 | 알고리즘,알고리즘 설계와 분석,알고리즘 설계와 분석,,
assessment_task_0da904f639,지구과학,지구과학,I_or_other,textbook_concept_dictionary,clean,both,False,,"실험탐구보고서1 -해양 관측 자료 분석을 통한 해수의 성질 알아보기 지구과학 수행평가 과제: 실험탐구보고서1 -해양 관측 자료 분석을 통한 해수의 성질 알아보기. 평가요소: 데이터 수집, 가공의 정확성, 데이터 변형의 정확성, T-S도에 나타난 해수의 특성, 해석 과정",해수의 성질 | 관측 자료 | 관측,관측 자료 | 태양계 천체의 관측과 운동,태양계 천체의 관측과 운동,태양계 천체의 관측과 운동,,
assessment_task_1bef74d02a,지구과학,지구과학,I_or_other,textbook_plus_legacy,clean,both,False,,심층 순환의 형성 원리를 알아보기 위한 실험하기 단원: Ⅰ대기와 해양의 상호작용 02. 해양의 순환과 기후 변화 / 평가요소:  변인을 정확히 통제하여 밀도류의 흐름을 성공적으로 구현하고 관찰 기록이 구체적인가  실험 결과를 실제 심층 순환 원리 및 T-S도와 정확히 연결하여 설명하였는가  심층 순환의 약화가 기후에 미치는 영향을 논리적으로 추론하였는가 / 평가 시기: 3월 4주,기후 변화 | 심층 순환 | 기후 | 밀도,심층 순환 | 기후 | 해수의 순환,해수의 순환,해수의 순환,,
assessment_task_2b6765a3c7,지구과학,기초지구과학및실험Ⅰ,I_or_other,textbook_concept_dictionary,clean,both,False,,"외계 행성의 궤도 요소 평가 외계 행성의 궤도 요소 평가는 식 현상에 의해 관측된 외계 행성계의 광도 곡선 자료를 분석하여 행성의 존재를 확인하고 핵심 궤도 요소를 산출하는 과정에서, 광도 곡선에 나타난 밝기 감소의 주기성, 지속 시간, 최대 감광폭 등의 데이터를 바탕으로 행성의 공전 주기, 궤도 반지름, 행성의 크기 등 물리적 특성을 정량적 으로 도출하고 외계 행성계의 구조를 체계적으로 해석하는 종합적인 분석 역량을 중심으로 평가한다.",공전 | 관측 | 광도 | 밝기 | 행성,공전 | 행성 | 태양계 천체의 관측과 운동,태양계 천체의 관측과 운동,태양계 천체의 관측과 운동,,
assessment_task_3083e9d5a9,지구과학,기초지구과학및실험Ⅰ,I_or_other,textbook_concept_dictionary,clean,both,False,,"성단의 거리 측정 평가 성단의 거리 측정 평가는 색-등급도(CMD) 상에서 관측된 주계열을 표준 모델과 비교 및 일치시키는 주 계열 맞추기 기법을 바탕으로 성단의 거리를 결정하는 역량을 평가한다. 특히 성간 물질에 의한 성간 소광 과 성간 적색화의 영향을 분석하고 이를 보정하여 정확한 거리 지수와 고유 색지수를 도출함으로써, 우주의 거리 사다리를 정립하는 전문적인 데이터 해석 및 오차 보정 능력을 중심으로 평가한다.",관측,태양계 천체의 관측과 운동,태양계 천체의 관측과 운동,태양계 천체의 관측과 운동,,
assessment_task_37ad7327e9,지구과학,지구과학Ⅲ,I_or_other,textbook_concept_dictionary,clean,both,False,,실험 천체 관측 데이터를 활용한 허블 상수 계산,관측 자료 | 외부 은하 | 우주 팽창 | 은하 관측 | 관측 | 은하,외부 은하 | 우주 팽창 | 은하와 우주의 진화,은하와 우주의 진화,은하와 우주의 진화,,
assessment_task_382e94e7bf,지구과학,기초지구과학및실험Ⅰ,I_or_other,textbook_concept_dictionary,clean,both,False,,"우주 팽창 평가 우주 팽창 평가는 외부 은하의 거리와 후퇴 속도 관측 데이터를 활용하여 허블-르메트르 법칙에 따른 우 주 팽창의 양상을 정량적으로 분석하는 과정에서, 데이터의 시각화와 선형 회귀 분석을 통해 허블 상수를 산출하고, 그 역수인 우주의 나이와 관측 가능한 우주의 크기 등 우주의 거시적 특성을 도출하여 우주 팽창 의 물리적 의미를 체계적으로 해석하는 역량을 중심으로 평가한다.",외부 은하 | 우주 팽창 | 관측 | 은하,외부 은하 | 우주 팽창 | 은하와 우주의 진화,은하와 우주의 진화,은하와 우주의 진화,,
assessment_task_6dd0a83455,지구과학,지구과학,I_or_other,textbook_concept_dictionary,clean,both,False,,"해수의 성질 마인드맵 그리기 지구과학 수행평가 영역: 해수의 성질 마인드맵 그리기. 단계 단계별 평가 활동 단계별 평가 방법 1단계 해수의 화학적 성질 내용 마인드맵 작성 마인드맵 작성 내용 평가 2단계 해수의 물리적 성질 내용 마인드맵 작성 마인드맵 작성 내용 평가 본 수행평가에서는 생성형 인공지능의 사용을 허용하지 않는다. 제출물은 학생이 직접 작성한 내용이어야 하 며, 생성형 인공지능을 활용한 흔적이 확인될 경우 감점하거나 재제출을 요구할 수 있다.",해수의 성질,해수의 성질,해수의 성질,해수의 성질,,
assessment_task_8e563c6b4d,지구과학,지구과학Ⅰ,I_or_other,textbook_concept_dictionary,clean,both,False,,지진파 분석 및 중력이상 프리에어 중력이상을 올바르게 유도하였는가?; 프리에어 중력이상 식을 올바르게 썼는가?; 지각과 밀도체의 밀도를 올바르게 계산하였는가?,밀도,밀도 | 해수의 성질,해수의 성질,해수의 성질,,
assessment_task_907bf6448c,지구과학,지구과학,I_or_other,textbook_concept_dictionary,clean,both,False,,"실험 및 서·논술형 평가 한 이해를 바탕으로 실험 수행 후 결과 보고서의 서․논술 능력을 평가한다. 2) 채점 기준표를 마련하여 타당성 있고 공정하게 채점․평가한다. 3) 제출한 내용이 표절, 타인 과제의 무단·복제 공유, 생성형 AI 결과물의 무단 제출 등 부정행위가 확인될 경우 해당 수행평가는 무효 및 0점 처리하고, 대체 평가는 실시하지 않는다. 4) 생성형 AI를 사용한 작성, 수정, 번역, 요약 결과물을 제출하는 것을 금지한다. 위반 시 부정행위로 간주 하며 무효 및 0점 처리한다. 평가 영역 Ⅰ. 대기와 해양의 상호작용 평가 항목 실험 및 서·논술형 평가 평가 방법 실험 수행 후 결과 보고서를 작성하여 제출 ◈ 실험 및 서·논술형 평가 [총 50점] : 심층 순환의 형성 원리 탐구 실험 및 결과 분석 1. 실험 과정 평가[20점] ① 실험 안전 수칙을 준수하고 실험기구를 정확하게 사용하였는가? (2점) ② 실험 과정의 각 단계를 정확하게 수행하였는가? (6점) ③ 예상되는 실험 결과를 관찰하였는가? (6점) 세부 ④ 기본 점수 (6점) 배점기준 - 모든 항목에 대해 부분 점수를 부여할 수 있음. 2. 실험 보고서[30점] ① 보고서 내용이 적절하게 작성되었는가? (13점) ② 올바른 결론을 도출하였는가? (3점) ③ 기본 점수 (14점) - 모든 항목에 대해 부분 점수를 부여할 수 있음. 6] 결시자 및 학적 변동자 처리 기준 ○ 수행평가에 결시한 학생은 추가로 평가를 하여 성적을 산출함을 원칙으로 하되, 추가 평가가 불가능한 경우 교과별 수행평가 세부 기준안에 따른다. ○ 정기고사에 준하여 생리공결은 질병결석과 동일하게 처리함. ○ 추가 평가의 일시, 장소는 평가 담당 교사가 정하여 평가함. 구분 결시별 처리 기준 정해진 시간에 응시 기회를 부여한다. 결시자 추가 평가에 참여한 경우, 수행평가 세부 기준안에 따라 점수를 부여한다. 학적변동자 정해진 시간에 응시 기회를 부여한다. (전입, 편입 등 학생) 추가 평가에 참여한 경우, 수행평가 세부 기준안에 따라 점수를 부여한다. 미응시 장기질병결석생 평가에 응시하지 않은 경우, 기본 점수의 50%를 부여한다. 학업중단숙려제참가학생 장기미인정결석생 평가에 참여한 부문은 점수를 그대로 인정하고, 장애 유형과 정",심층 순환,심층 순환 | 해수의 순환,해수의 순환,해수의 순환,,
assessment_task_96be33054b,지구과학,지구과학Ⅱ,II,textbook_concept_dictionary,clean,both,False,,"활동지 지구과학 II 수행평가 과제: 활동지. 평가요소: 주제: 지구 생성, 지진파, 광, 물, 해류, 조석, 활동지 질문 토론 항목에 대, 한 내용의 정확성",해류,해류,,해류,,
assessment_task_9712c0bfee,지구과학,지구과학Ⅰ,I_or_other,textbook_concept_dictionary,clean,both,False,,"천체관측 프로젝트 관측 목표 설정(관측 대상 천체 선정) / 관측 가능 시기 분석(관측 날짜, 시간, 고도, 위치 확인) / 관측 장비 선정(카메라 및 촬영장비) 2026학년도 1학기 교수학습 및 평가 운영 계획 - 118 -",관측,태양계 천체의 관측과 운동,태양계 천체의 관측과 운동,태양계 천체의 관측과 운동,,
assessment_task_a70d65cc5b,지구과학,지구과학Ⅱ,II,textbook_concept_dictionary,clean,both,False,,"화성암 제작하기 가. 화성암 제작하기 (20점/20%) 과목 교육과정 성취기준 평가준거 성취기준 평가기준 화성, 변성, 퇴적 작용을 통해 광상이 형성되는 과정을 상 [12지과Ⅱ02-03] 화성, 변 [12지과Ⅱ02-03] 화성, 변성, 예를 들어 설명할 수 있다. 지구과학 성, 퇴적 작용을 통해 광상이 퇴적 작용을 통해 광상이 형성 화성, 변성, 퇴적 작용을 통해 광상이 형성되는 과정을 Ⅱ 중 형성되는 과정을 예를 들어 되는 과정을 예를 들어 설명할 설명할 수 있다. 설명할 수 있다. 수 있다. 화성, 변성, 퇴적 작용을 통해 광상이 형성됨을 이해할 수 하 있다. ( 지구과학Ⅱ )과 수행평가 세부 계획 수행평가 영역 화성암 제작하기 수행평가 방법 여러 조암 광물을 사용하여 비율에 따라 다양한 화성암을 제작한다. 1. 결과 보고서[10점] ① 화성암의 조암 광물의 비율을 구할 수 있는가? (5점) 세부 배점기준 ② 비율에 따라 화성암을 제작할 수 있는가? (5점) (기본 점수 명시) - 모든 항목에 대해 부분 점수를 부여할 수 있음. 2. 기본 점수[10점]",화성암,화성암 | 판 구조와 암석 변화,판 구조와 암석 변화,판 구조와 암석 변화,,
assessment_task_b8663e3cc4,지구과학,기초지구과학및실험Ⅲ,I_or_other,textbook_concept_dictionary,clean,both,False,,"편광현미경 조작 편광현미경 조작은 화성암, 퇴적암, 변성암의 박편을 편광현미경 조작을 통해 관찰하여 구성 광물을 파악하 고 광물의 광학적 성질을 해석하는 능력을 평가한다.",변성암 | 화성암,변성암 | 화성암 | 판 구조와 암석 변화,판 구조와 암석 변화,판 구조와 암석 변화,,
assessment_task_c21767dd4d,지구과학,지구과학Ⅱ,II,textbook_concept_dictionary,clean,both,False,,"케플러 법칙 설명하기 • 케플러 제1법칙과 제2법칙의 내용을 정확히 이해하고, 타원 궤도의 특징 과 면적 속도 일정 의 의미를 행성 운 동과 관련지어 설 명하기 • 제시된 공전 궤도 자료를 분석하여 긴반지름과 이심 률을 구하고, 1월 초와 7월 초 태양 의 시지름 차이를 지구 공전 궤도의 특성과 연관지어 해석하기 • 주어진 자료를 활 용하여 두 행성의 공전 주기 비를 구 하고, 케플러 제3 법칙을 적용하여 행성의 공전 주기 를 계산하기 • 태양계에서 케플 러 제3법칙이 성 립하는 물리적 이 유를 이해하고, 쌍 성계의 운동을 통 해 제3법칙이 도 출되는 과정을 논 리적으로 설명하 기",케플러 법칙 | 태양계 | 공전 | 운동 | 행성,케플러 법칙 | 공전 | 태양계 천체의 관측과 운동,태양계 천체의 관측과 운동,태양계 천체의 관측과 운동,,
assessment_task_cc1e582557,지구과학,지구과학,I_or_other,textbook_concept_dictionary,clean,both,False,,"지구환경 시스템 연구 동향 분석 지구과학 수행평가 영역: 지구환경 시스템 연구 동향 분석. 지권, 수권, 기권, 환경의 상호작용을 통합적으로 이해하고, 지구환경 변화를 과학적으로 설명할 수 있다. 지질학, 해양학, 환경과학 분야의 다양한 자료를 탐색·분석하여 최신 연구의 핵심 개념과 과학적 의미를 해석할 수 있다. 자연현상과 환경 문제를 과학적 근거에 기반하여 설명하고, 연구 결과의 사회적·환경적 함의를 비판적으로 탐색할 수 있다.",환경 변화,환경 변화 | 지층과 지질시대,지층과 지질시대,지층과 지질시대,,
assessment_task_159540d822,통합과학1,통합과학1,I_or_other,textbook_plus_legacy,clean,both,False,,"지구시스템과 생명중심원리에 대해 종합적으로 탐구하기 평가 전 충분한 기간을 주고 성취 기준에 맞춘 교육과정을 탐구하며, 이를 바탕으로 제시되는 다양한 형태의 논술 문항에 과학적으로 오류가 없도록 답을 제시한다.",지구시스템 | 오류 | 지구 | 지구 시스템,지구 시스템,지구시스템,지구시스템,,
assessment_task_2a4d95fb14,통합과학1,통합과학1,I_or_other,textbook_concept_dictionary,clean,both,False,,물체의 운동 분석하기 중력 작용에 의한 물체의 운동(자유 낙하와 수평으로 던진 물체의 운동)과 충돌이 일어날 때 물체의 운동을 이해하고 일상생활에서 이와 관련된 운동에 대한 문제를 해결할 수 있다.,운동,운동 | 역학 시스템,역학 시스템,역학 시스템,,
assessment_task_4a182972fd,통합과학1,통합과학1,I_or_other,textbook_concept_dictionary,clean,both,False,,이온결합과 공유결합 화합물의 비교 실험하기 • 실제 물질을 보고 이온결합과 공유결합의 차이를 구별한다. • 전기 전도성의 차이를 통해 실제 물질이 이온결합과 공유결합인지 판단한다.,공유 결합 | 이온 결합 | 결합 | 성질 | 원소 | 이온,공유 결합 | 이온 결합 | 물질의 규칙성과 성질,물질의 규칙성과 성질,물질의 규칙성과 성질,,
assessment_task_53002b20e9,통합과학1,통합과학1,I_or_other,textbook_plus_legacy,clean,both,False,,"지구과학 스펙트럼, 광물의 결정구조, 판의구조 분석 판의 종류를 알고 있는지를 평가함.",스펙트럼 | 단백질 | 지구 | 추론 | 핵산 | 결정 구조,스펙트럼 | 추론 | 결정 구조 | 자연의 구성 원소,자연의 구성 원소,자연의 구성 원소,,
assessment_task_674fd1646c,통합과학1,통합과학1,I_or_other,textbook_concept_dictionary,clean,both,False,,"막을 통한 물질의 이동을 실험하고 세포막의 역할 탐구하기 통합과학 수행평가 과제: 막을 통한 물질의 이동을 실험하고 세포막의 역할 탐구하기. 평가내용: 실험 설계 및 수행 능력, 실험 보고서 평가",세포,세포,,세포,,
assessment_task_770794f482,통합과학1,통합과학1,I_or_other,textbook_plus_legacy,clean,both,False,,운동량 보존 실험 분석 및 보고서 작성 다양한 도구와 수학적 사고를 활용하여 정보를 조사·수집·해석하기; 증거에 기반한 과학적 사고를 통해 자료를 과학적으로 분석·평가·추론하기; 결론을 도출하고 자연 현상 및 융복합 문제 상황에 적용·설명하기,운동 | 추론 | 운동량,운동 | 역학 시스템,역학 시스템,역학 시스템,,
assessment_task_9f25ee9b21,통합과학1,통합과학1,I_or_other,textbook_plus_legacy,clean,both,False,,지구시스템 상호작용 분석 뉴스 기사 작성 통합과학 수행평가 영역: 지구시스템 상호작용 분석 뉴스 기사 작성. ◉ 지구시스템에서 일어나는 자연 현상을 물질 순환과 에너지 흐름으로 논증할 수 있는 탐구 능력을 평가한다.,에너지 흐름 | 지구시스템 | 물질 순환 | 상호작용 | 정확성 | 지구 | 지구 시스템,에너지 흐름 | 물질 순환 | 지구 시스템,지구시스템,지구시스템,,
assessment_task_b7c12e7ee8,통합과학1,통합과학1,I_or_other,textbook_plus_legacy,clean,both,False,,충돌 분석을 통한 충격량과 운동량의 관계 확인 실험 통합과학 수행평가 과제: 충돌 분석을 통한 충격량과 운동량의 관계 확인 실험. 평가내용: 충격량과 운동량의 관계를 이용하여 충돌로 인한 수레의 속력 변화를 예측할 수 있다. 서술∙논술 구술∙발표 토의∙토론 조사∙관찰보고서,속력 | 운동 | 운동량,운동 | 역학 시스템,역학 시스템,역학 시스템,,
assessment_task_b96e6a5c47,통합과학1,통합과학1,I_or_other,textbook_concept_dictionary,clean,both,False,,양파 표피 세포를 활용한 삼투 현상 관찰 및 분석 양파 세포의 용액에 따른 변화 관찰 (실험) / 실험 결과 분석 (서논술형) / 응용 및 확장 (서논술형),세포,세포,,세포,,
assessment_task_bd43cb97f3,통합과학1,통합과학1,I_or_other,textbook_plus_legacy,clean,both,False,,운동 측정 센서를 이용한 안전사고 예방 모듈 설계  충돌 관련 안전장치에 적용되는 충격량과 운동량의 관계 설명하기 충격량과 운동량의 관계를 충돌 관련 안전장치 또는 스포츠에 적용한 사례 찾기,센서 | 운동 | 운동량,센서 | 운동량 | 과학의 측정과 우리 사회,과학의 측정과 우리 사회,과학의 측정과 우리 사회,,
assessment_task_e41f1058e7,통합과학1,통합과학1,I_or_other,textbook_plus_legacy,clean,both,False,,효소 작용원리 실험 및 일상생활 속 효소 활용 사례 탐구 일상생활 속 효소 활용 사례를 찾아 화학 반응의 원리 서술하기,반응 | 효소,반응 | 효소 | 생명 시스템,생명 시스템,생명 시스템,,
assessment_task_ed444af37b,통합과학1,통합과학1,I_or_other,textbook_plus_legacy,clean,both,False,,"운동 물체 분석 실험 포물선 운동을 하는 물체의 운동을 분석하고, 이를 그래프로 표현하기",시간 | 운동 | 효소,운동 | 효소 | 역학 시스템,역학 시스템,역학 시스템,,
assessment_task_f5d92d388c,통합과학1,통합과학1,I_or_other,textbook_concept_dictionary,clean,both,False,,"주기율표 원소를 활용한 창의적인 자기소개서 만들기 1. 인터넷을 활용한 검색 활동에서는 모둠원과 토의하고 주제를 선정하고, 자료를 찾고, 공유하여 하나의 결과물을 만듦. 2. 탐구 활동에서는 아래의 다섯 단계를 수행함. 가설 설정 - 가설 설정 - 탐구 설계 및 수행 (변인 통제-통제 변인, 조작 변인) - 자료 해석 - 결론 도출 3. 자기소개서에 표현된 원소의 성격, 취미 등이 과학적으로 타당하면서도 창의적임을 강조함.",주기율표 | 원소,규칙성 발견과 주기율표,규칙성 발견과 주기율표,규칙성 발견과 주기율표,,
assessment_task_09c1397b1a,통합사회1,통합사회1,I_or_other,textbook_concept_dictionary,clean,both,False,,"통합적 관점에서 사회 문제 분석 및 해결 방안 논술문 작성하기 (1단계) 현대 사회에서 발생하는 사회 현상들을 조사하고, 인류에게 큰 영향을 주는 중요한 문제 사례 선정하기 (2단계) 선정한 사회 문제 사례와 관련된 도서를 탐색하고, 도서를 활용하여 해당 사회 문제에 대한 심화된 지식 체계 구축하기 (3단계) 사회 문제의 원인을 시간, 공간, 사회, 윤리적 관점에서 분석하기 (4단계) 분석을 바탕으로 사회 문제의 해결 방안 제시하기",윤리적 관점 | 통합적 관점 | 해결 방안 | 정의,윤리적 관점 | 통합적 관점과 행복,통합적 관점과 행복,통합적 관점과 행복,,
assessment_task_1a49e16ecb,통합사회1,통합사회1,I_or_other,textbook_concept_dictionary,clean,both,False,,"인공지능 관련 신문 기사를 통합적 관점으로 분석하기 사회 현상을 다룬 책을 읽고, 책의 주제에 대해 시간적, 공간적, 사회적, 윤리적 관점으로 분석한 서평을 작성한다. 이후 서평 내용을 토대로 자신의 시각에서 주제를 새롭게 분석하여 완성된 논술문을 작성한다.",윤리적 관점 | 통합적 관점 | 해결 방안,윤리적 관점 | 통합적 관점과 행복,통합적 관점과 행복,통합적 관점과 행복,,
assessment_task_2afdbdaa50,통합사회1,통합사회1,I_or_other,textbook_concept_dictionary,clean,both,False,,"더 나은 사회를 위한 정책 제안하기 통합적 관점으로 사회 문제를 탐구하고, 다양한 관점을 활용하여 해결 방안을 도출하는 보고서를 작성하기",통합적 관점 | 해결 방안,통합적 관점과 행복,통합적 관점과 행복,통합적 관점과 행복,,
assessment_task_2f52db3035,통합사회1,통합사회1,I_or_other,textbook_concept_dictionary,clean,both,False,,자신의 행복관 글로 표현하기 통합사회 수행평가 영역: 자신의 행복관 글로 표현하기. GE 100@@ - 100 - 다. 자신의 행복관 글로 표현하기 냉·한대 기후 지역 냉·한대 기후 구분 기준을 정확히 제시하고 기후적 특징과 생활 양식의 서술이 매우 우수한 경우 20 냉·한대 기후 구분 기준을 정확히 제시하였으나 기후적 특징과 생활 양식의 서술이 보통인 경우 16 냉·한대 기후 구분 기준을 제시하지 못하고 기후적 특징 및 생활 양식의 서술이 보통인 경우 12 냉·한대 기후 구분 기준을 제시하지 못하고 기후적 특징과 생활 양식의 서술이 매우 미흡한 경우 8 자연환경이 인간생활에 미치는 영향에 대한 견해 자연환경이 인,생활 양식 | 자연환경 | 기후 | 행복,생활 양식 | 기후 | 자연환경과 인간의 공존,자연환경과 인간의 공존,자연환경과 인간의 공존,,
assessment_task_3182d05f68,통합사회1,통합사회1,I_or_other,textbook_concept_dictionary,clean,both,False,,"사상가와 나의 행복 비교 성찰하기 통합사회 수행평가 과제: 사상가와 나의 행복 비교 성찰하기. 평가내용: 통합사회1 (해당 단원: Ⅱ 인간, 사회, 환경과 행복) 포트폴리오 서 · 논술형 기타: 채점 기준(수행 특성) 배점 (배점) ① 학습한 사상가의 행복 개념에 대한 정확한 이해 ② 사상가와 자신의 행복 비교 20 ③ 논리적 정합성 ④ 비교 쟁점 3가지 활용 ⑤ 분량 충족 자기 성찰, 논리적 ① ~ ⑤ 중 4가지만 충족 17 서술, ① ~ ⑤ 중 3가지만 충족 14 사상 개념 ① ~ ⑤ 중 2가지만 충족 11 이해 ① ~ ⑤ 중 1가지만 충족 8 - 131 - 2026학년도 방산고 교수학습 및 평가 운영 계획 ① ~ ⑤ 모두 미흡함 4 ※ AI 사용 금지: AI가 생성한 글을 제출하면 0점 처리함 ※ 다양한 자료를 수집하기 위해 AI 등 디지털 도구를 활용할 수 있으나, AI에게 작성 문서",행복,통합적 관점과 행복,통합적 관점과 행복,통합적 관점과 행복,,
assessment_task_539813fa5a,통합사회1,통합사회1,I_or_other,textbook_concept_dictionary,clean,both,False,,시간 여행자의 행복 기록지 가락고 1학년 1학기 교과별 평가계획표에 제시된 수행평가 항목: 시간 여행자의 행복 기록지,가계 | 행복,통합적 관점과 행복,통합적 관점과 행복,통합적 관점과 행복,,
assessment_task_5e3d097869,통합사회1,통합사회1,I_or_other,textbook_concept_dictionary,clean,both,False,,"인간과 자연의 공존 아이디어 제안 학교, 집, 동네 등 일상 생활에서 인간과 자연이 충돌하는 지점을 찾아내고, 이를 해결하기 위한 인간과 자연 의 공존 아이디어를 제안하며 사회적 확산을 실천한다.",공존,공존,,공존,,
assessment_task_88723d1288,통합사회1,통합사회1,I_or_other,textbook_concept_dictionary,clean,both,False,,"통합적 관점으로 사회 쟁점 탐구하기 ∙ 인간, 사회, 환경을 바라 보는 통합적 관점의 의미 파악하기 ∙ 통합적 관점 분석하기 ∙ 통합적 관점이 요청되는 이유 도출하기",통합적 관점,통합적 관점과 행복,통합적 관점과 행복,통합적 관점과 행복,,
assessment_task_8898b2c65a,통합사회1,통합사회1,I_or_other,textbook_concept_dictionary,clean,both,False,,나의 행복 사전 만들기 통합사회 수행평가 과제: 나의 행복 사전 만들기. 평가내용: 을 적절하게 적용할 수 있는지와 사전의 완성도를 평가한다.,행복,통합적 관점과 행복,통합적 관점과 행복,통합적 관점과 행복,,
assessment_task_95c4dbcd38,통합사회1,통합사회1,I_or_other,textbook_concept_dictionary,clean,both,False,,사회문제의 통합적 해결 방안 탐구 통합사회 수행평가 과제: 사회문제의 통합적 해결 방안 탐구. 평가내용: 사회 문제를 다양한 관점에서 탐구하고 관련 자료를 분석하여 통합적으로 이해하는 능력을 평가함.,해결 방안,해결 방안 | 인권 보장과 시민 참여,인권 보장과 시민 참여,인권 보장과 시민 참여,,
assessment_task_a7b7efed05,통합사회1,통합사회1,I_or_other,textbook_concept_dictionary,clean,both,False,,행복과 사상에 대한 성찰 글쓰기 • 윤리 사상을 바탕으로 일상 속 자신만의 행복을 성찰하는 진솔한 에세이 작성하기,행복,통합적 관점과 행복,통합적 관점과 행복,통합적 관점과 행복,,
assessment_task_c3731ad5ff,통합사회1,통합사회1,I_or_other,textbook_concept_dictionary,clean,both,False,,"자신이 선정한 사회 문제를 논리적이고 설득력 있게 발표하기 · 학습한 내용을 바탕으로 사회적 이슈와 문제를 선정하고 관련 자료를 구성하여 발표하기 · 구체성과 적절성, 분석 및 비판 능력을 입증하면서 문제 해결 방안 탐색하기",문제 해결 | 해결 방안 | 정의,해결 방안 | 인권 보장과 시민 참여,인권 보장과 시민 참여,인권 보장과 시민 참여,,
assessment_task_edffa267c5,통합사회1,통합사회1,I_or_other,textbook_concept_dictionary,clean,both,False,,아이디어 상품 개발 및 판매 전략서 작성하기 조사. 3 수집한 자료를 정리하고 아이디어 상품의 특징과 지역의 특성을 연결하여 판매 및 마케팅 전략을 구상함.,개발,개발 | 자연환경과 인간의 공존,자연환경과 인간의 공존,자연환경과 인간의 공존,,
assessment_task_f8ff97c1ef,통합사회1,통합사회1,I_or_other,textbook_concept_dictionary,clean,both,False,,"공감렌즈, 프로젝트 • 다문화, 세계화와 관련된 주제를 선정하여 탐구 프로젝트를 작성하고 발표하기",문화 상대주의 | 문화 변동 | 보편 윤리 | 세계화,문화 상대주의 | 문화 변동 | 문화 다양성과 세계화,문화 다양성과 세계화,문화 다양성과 세계화,,
assessment_task_046dd9a32c,화학,화학Ⅰ,I_or_other,textbook_concept_dictionary,clean,both,False,,루이스 전자점식과 단원(내용): 물질의 구조와 성질 / 평가 유형: 서논술형 평가 / 평가 시기: 5월,루이스 전자점식 | 전자점식 | 전자,루이스 전자점식 | 화학 결합,화학 결합,화학 결합,,
assessment_task_09400e9739,화학,화학,I_or_other,legacy_dictionary,clean,both,False,,"화학 평형 이동 탐구하기 화학 수행평가 과제: 화학 평형 이동 탐구하기. 평가내용: 1. 평형 이동 이용 사례 선정 및 선정 이유
2. 평형 이동 이용 사례 탐구
3. 진로 탐구에 도움이 된 내용",화학 평형,화학 평형,,,,
assessment_task_1337fe4322,화학,고급화학,I_or_other,textbook_concept_dictionary,clean,both,False,,"표 만들기 실험 주어진 원자들의 기본적인 성질을 파악하고, 이를 토대로 주기율표를 완성하여 표 내에서 규칙적으로 나타나는 주기적 성질에 대해 설명한다.",주기율표 | 주기,주기율표 | 원소의 주기적 성질,원소의 주기적 성질,원소의 주기적 성질,,
assessment_task_15286b419c,화학,화학,I_or_other,textbook_concept_dictionary,clean,both,False,,"농도가 서로 다른 식초 속 아세트산 함량 분석을 [2] 평가 반영 비율 및 시기 평가 구분 정기시험 수행평가 반영 비율 50% 50% 농도가 서로 다른 식초 속 아세트산 함량 분석을 고사/과제명 중간 기말 통한 중화 적정 실험 설계 및 결과 해석 세부 반영 선택형, 단답형 선택형, 단답형 서논술형 실험 원점수(점) 100 100 30 20 비율(%) 25% 25% 30% 20% 시기 4월22일~28일 6월24일~6월30일 5월 ※ 단, 1차, 2차 정기시험의 평가내용은 교과진도에 따라 교과협의회를 통해 변경될 수도 있음",아세트산 | 식초 | 적정 | 중화,아세트산 | 식초 | 탄소 화합물의 유용성,탄소 화합물의 유용성,탄소 화합물의 유용성,,
assessment_task_19f4362a56,화학,화학,I_or_other,textbook_concept_dictionary,clean,both,False,,양적 관계 탐구 • 아보가드로수와 몰의 의미를 설명하고 물질 1몰에 해당하는 양 계산하기 • 화학 반응식을 작성하고 반응식의 계수 관계를 이용하여 물질의 양적 관계를 논리적으로 예측 하기,아보가드로수 | 화학 반응식 | 반응식 | 1몰,아보가드로수 | 1몰 | 물질의 양과 화학 반응식,물질의 양과 화학 반응식,물질의 양과 화학 반응식,,
assessment_task_3fb90e7173,화학,고급 화학,I_or_other,textbook_concept_dictionary,clean,both,False,,"이양성자산의 적정 실험 이양성자산 적정 실험을 수행하여 실험 결과를 얻고, 이를 이용하여 미지 산의 농도를 구할 수 있다.",양성자 | 적정,양성자 | 원자의 구조,원자의 구조,원자의 구조,,
assessment_task_470c5c3fca,화학,화학,I_or_other,textbook_concept_dictionary,clean,both,False,,"과학 탐구 실험 수행 화학 반응의 양적 관계 [12화학01-03] 여러 가지 반응을 화학 반응식으로 나타내고, 화학 반응에서 물질의 양적 관계를 설명할",화학 반응식 | 반응식,물질의 양과 화학 반응식,물질의 양과 화학 반응식,물질의 양과 화학 반응식,,
assessment_task_61a72dc9a9,화학,화학,I_or_other,textbook_concept_dictionary,clean,both,False,,미지 농도의 산성 용액 농도 구하기 단원: Ⅰ화학의 언어 2. 몰과 화학 반응식 / 평가요소:  실험 설계 및 원리 이해  데이터 분석 및 양적 관계 계산  결과 해석 및 결론 도출 / 평가 시기: 6월,화학 반응식 | 반응식,물질의 양과 화학 반응식,물질의 양과 화학 반응식,물질의 양과 화학 반응식,,
assessment_task_7787f37ee1,화학,화학Ⅱ,II,textbook_concept_dictionary,clean,both,False,,"화학 현상 구술발표 화학Ⅱ 수행평가 영역: 화학 현상 구술발표. [12화학Ⅱ01-01] 기체의 온도, 압력, 부피, 몰수 사이의 관계를 설명할 수 있다. [12화학Ⅱ01-02] 이상 기체 방정식을 활용하여 기체의 분자량을 구할 수 있다. [12화학Ⅱ01-03] 혼합 기체에서 몰 분율을 이용하여 분압의 의미를 설명할 수 있다. [12화학Ⅱ01-08] 퍼센트 농도, ppm, 몰농도, 몰랄 농도의 의미를 이해하고, 여러 가지 농도의 용액을 만들 수 있다. [12화학Ⅱ01-09] 묽은 용액의 증기압 내림, 끓는점 오름, 어는점 내림을 이해하고, 일상생활의 예를 들 수…",끓는점 | 몰 농도 | 분자량 | 몰,몰 농도 | 분자량 | 물질의 양과 화학 반응식,물질의 양과 화학 반응식,물질의 양과 화학 반응식,,
assessment_task_8072475112,화학,AP 화학II,II,textbook_concept_dictionary,clean,both,False,,"중화적정 실험 AP 화학Ⅱ 수행평가 영역: 중화적정 실험. 중화 적정 실험을 통해 분석 시료 내 특정 성분의 함량을 계산하고, 실험 결과와 제언을 보고서의 형태로 작성할 수 있다.",적정 | 중화,적정 | 중화 | 화학 반응과 열의 출입,화학 반응과 열의 출입,화학 반응과 열의 출입,,
assessment_task_8427311995,화학,화학 실험,I_or_other,textbook_concept_dictionary,clean,both,False,,금속 결정의 단위 격자 화학 실험 수행평가 과제: 금속 결정의 단위 격자. 평가내용: 고체의 구조 분석 (해당 단원: 2단원) 포트폴리오 서 · 논술형 기타: 채점 기준(수행 특성) 배점 (배점) 안전 수칙을 준수하며 실험을 수행하여 금속 결정의 단위 격자를 모두 올바르게 10 제작함. 안전 수칙을 준수하며 실험을 수행하여 금속 결정의 단위 격자 중 3가지를 올바르 9 게 제작함. 실험 수행 안전 수칙을 준수하며 실험을 수행하여 금속 결정의 단위 격자 중 2가지를 올바르 8 (10점) 게 제작함. 안전 수칙을 준수하며 실험을 수행하여 금속 결정의 단위 격자 중 1가지를 올바르 7 게 제작함. 안전 수칙을 준수하며 실험에 참여하려고 노력함. 6 실험에 참여하려고 노력함. 5 실험으로 만든 금속 결정의 단위 격자를 이용해 단위 격자 안의 총 입자 수와 입 10 자의 점유율을 모두 올바르게 분석하여 보고서를 작성함. 실험으로 만든 금속 결정의 단위 격자를 이용해 3종류의 단위 격자 안의 총 입자 8 실험 수와 입자의 점유율을 올바르게 분석하여 보고서를 작성함. 보고서 실험으로 만든 금속 결정의 단위 격자를 이용해 2종류의 단위 격자 안의 총 입자 6 작성 수와 입자의 점유율을 올바르게 분석하여 보고서를 작성함. (10점) 실험으로 만든 금속 결정의 단위 격자를 이용해 1종류의 단위 격자 안의 총 입자 4 수와 입자의 점,금속,금속,,금속,,
assessment_task_8fe4324b37,화학,화학Ⅱ,II,textbook_concept_dictionary,clean,both,False,,"이상 기체 방정식 탐구 산소의 분자량 구하기 /  기체의 부피압력과 온도와의 관계를 설명할 수 있다 , .",분자량,분자량 | 물질의 양과 화학 반응식,물질의 양과 화학 반응식,물질의 양과 화학 반응식,,
assessment_task_f04c4ffc92,화학,화학,I_or_other,textbook_concept_dictionary,clean,both,False,,"중화 적정을 통한 미지 용액 농도 분석 화학 수행평가 과제: 중화 적정을 통한 미지 용액 농도 분석. 평가내용: ∙미지 용액의 농도를 분석하기 위한 중화 적정 실험을 설계하고, 이를 수행하여 실험 보고서 를 작성한다.",적정 | 중화,적정 | 중화 | 화학 반응과 열의 출입,화학 반응과 열의 출입,화학 반응과 열의 출입,,
assessment_task_2d69a08f47,화학 반응의 세계,화학 반응의 세계,I_or_other,textbook_concept_dictionary,clean,both,True,화학,"실험탐구 실험탐구 – 산·염기 물질의 화학적 특성과 이온화 평형 상태에 대해 탐구한다. [12반응01-01] 브뢴스테드-라우리 산과 염기의 정의를 이해하고, 이에 따라 산과 염기를 구별할 수 있다. [12반응01-02] 이온화 상수를 이용하여 산과 염기의 상대적인 세기를 추론하고, 약산과 약염기 수용액의",염기 | 산,염기 | 산 | 화학 반응에서의 동적 평형,화학 반응에서의 동적 평형,화학 반응에서의 동적 평형,,
assessment_task_d2ae98918e,확률과 통계,확률과 통계,I_or_other,textbook_plus_legacy,clean,both,False,,확률이 말하는 사회적 현상 해석하기 확률의 다양한 성질을 이용하여 논술형 문제를 해결하고 그 뜻을 해석한다. 교육과정,조건부확률 | 덧셈정리 | 여사건 | 사건 | 확률,사건 | 조건부확률 | 확률의 뜻과 기본 성질,확률의 뜻과 기본 성질,확률의 뜻과 기본 성질,,
assessment_task_2420b70e97,공통수학1,공통수학1,I_or_other,textbook_plus_legacy,record_only,both,False,,"방정식과 부등식, 함수와 관련된 일상생활에서 자료를 조사하여 학문 간 경계를 넘는 응용 분야 탐구하기 방정식과 부등식, 함수 및 실생활과 관련분야를 탐색하여 수학 교육과정에 알맞은 탐구 계획을 세우고 교사와의 피드백 과정을 통해 보고서를 작성하기",여러 가지 방정식과 부등식 | 이차방정식과 이차함수 | 복소수와 이차방정식 | 이차방정식 | 이차함수 | 다항식 | 모델링 | 복소수,함수 | 모델링 | 복소수와 이차방정식,복소수와 이차방정식,복소수와 이차방정식,,
assessment_task_462dcd09e9,공통수학1,공통수학1,I_or_other,textbook_concept_dictionary,record_only,record,False,,수정리 탐구 추상대수정리분석하고 탐구하기,다항식의 연산 | 나머지정리 | 분배법칙 | 인수정리 | 나눗셈 | 나머지 | 다항식 | 복소수,분배법칙 | 나눗셈 | 다항식의 연산,다항식의 연산,다항식의 연산,,
assessment_task_b2069908c5,공통수학1,공통수학1,I_or_other,textbook_plus_legacy,record_only,record,False,,"탐구&융합 활동 공통수학 수행평가 과제: 탐구&융합 활동. 평가내용: 공통수학1 각 단원의 필수 개념을 확인할 수 있는 활동지 작성
2단원 및 4단원 종료 시점에 평가를 진행(총 2회)하고 최종 점수의 합을 적용",경우의 수 | 다항식 | 부등식 | 행렬,행렬 | 경우의 수,"경우의 수, 순열, 조합",경우의 수,,
assessment_task_d3455626b1,공통수학1,공통수학1,I_or_other,textbook_concept_dictionary,record_only,record,False,,정식의 근의공식 구조 탐구 대수구조에 기반한 고차방정식의 근의공식을 논리적으로 증명하고 서술하기,근과 계수의 관계 | 삼차방정식 | 근과 계수 | 다항식 | 계수 | 조합 | 차수 | 항,계수 | 차수 | 다항식의 연산,다항식의 연산,다항식의 연산,,
assessment_task_08f9aabfa4,공통수학2,공통수학2,I_or_other,textbook_concept_dictionary,record_only,record,False,,"심화 개념 탐구보고서 공통수학 수행평가 영역: 심화 개념 탐구보고서. 공통수학2의 수학적 개념 중 한 가지를 요약 정리하고, 그와 관련하여 확장 및 심화된 수학적 주제로 탐구 보고서 작성",논리,논리,,논리,,
assessment_task_0e69f4578c,공통수학2,공통수학2,I_or_other,textbook_concept_dictionary,record_only,record,False,,AI와 함께하는 지적탐구 생성형 AI를 활용하여 자기주도적 심화학습 수행하기,논리,논리,,논리,,
assessment_task_260249b8b2,공통수학2,공통수학2,I_or_other,textbook_concept_dictionary,record_only,record,False,,자기주도적 수학성장노트 공통수학 수행평가 영역: 자기주도적 수학성장노트. 수업시간에 배운 수학 개념 및 문제해결과정을 조직화하여 수학노트에 작성,논리,논리,,논리,,
assessment_task_58b235ac34,공통수학2,공통수학2,I_or_other,textbook_concept_dictionary,record_only,record,False,,핵심 질문 논술 수업 내용과 관련된 자신만의 핵심 질문을 제시하고 그 해결 방안을 교과 수준에서 탐구한 내용을 논술한다.,논리,논리,,논리,,
assessment_task_045595d842,과학과제 연구,과학과제연구,I_or_other,textbook_concept_dictionary,record_only,record,True,과학탐구실험1,연구 계획서 가락고 3학년 1학기 교과별 평가계획표에 제시된 수행평가 항목: 연구 계획서,탐구 설계,가설 설정과 탐구 설계,가설 설정과 탐구 설계,가설 설정과 탐구 설계,,
assessment_task_3a4ab6d727,과학과제 연구,과학과제 연구,I_or_other,textbook_concept_dictionary,record_only,record,True,과학탐구실험1,"연구 활동 이해 및 수행 능력 과학과제 연구 수행평가 영역: 연구 활동 이해 및 수행 능력. 5. 수행평가 과제별 세부 계획 가. 연구 활동 이해 및 수행 능력 평가 종류 수행평가 합계 반영 비율 100% 횟수/영역 연구 활동 이해 및 수행 능력 논문 작성법 탐구 연구 보고서 연구 결과 발표 반 영 비 율 영역 만점 15% (100점 만점) 10% (100점 만점) (서‧논술형 80%) 55% (100점 만점) (서‧논술형 100%) 20% (100점 만점) 100% 서논 술형 평가 8% 55% 63% 평가 시기 3월 4주, 4월 2주, 5월 3주, 6월 1주 3월 3주 3월 4주, 6월 3주 6월 3주 관련 성취기준 [1",정확성 | 해석,해석 | 자료 수집·분석·결론 도출,자료 수집·분석·결론 도출,자료 수집·분석·결론 도출,,
assessment_task_516974a180,과학과제 연구,과학과제연구,I_or_other,textbook_concept_dictionary,record_only,record,True,과학탐구실험1,최종 발표 가락고 3학년 1학기 교과별 평가계획표에 제시된 수행평가 항목: 최종 발표,탐구 설계,가설 설정과 탐구 설계,가설 설정과 탐구 설계,가설 설정과 탐구 설계,,
assessment_task_5b4bef5f91,과학과제 연구,과학과제연구,I_or_other,textbook_concept_dictionary,record_only,record,True,과학탐구실험1,보고서 가락고 3학년 1학기 교과별 평가계획표에 제시된 수행평가 항목: 보고서,탐구 설계,가설 설정과 탐구 설계,가설 설정과 탐구 설계,가설 설정과 탐구 설계,,
assessment_task_c631bb3012,과학과제 연구,과학과제연구,I_or_other,textbook_concept_dictionary,record_only,record,True,과학탐구실험1,중간 발표 가락고 3학년 1학기 교과별 평가계획표에 제시된 수행평가 항목: 중간 발표,탐구 설계,가설 설정과 탐구 설계,가설 설정과 탐구 설계,가설 설정과 탐구 설계,,
assessment_task_f5c8ce8e2e,과학과제 연구,과학과제연구,I_or_other,textbook_concept_dictionary,record_only,record,True,과학탐구실험1,과학적 탐구 및 상호작용 가락고 3학년 1학기 교과별 평가계획표에 제시된 수행평가 항목: 과학적 탐구 및 상호작용,탐구 설계,가설 설정과 탐구 설계,가설 설정과 탐구 설계,가설 설정과 탐구 설계,,
assessment_task_0ee930cdc9,과학탐구실험1,과학탐구실험1,I_or_other,textbook_concept_dictionary,record_only,record,False,,실험평가 가락고 1학년 1학기 교과별 평가계획표에 제시된 수행평가 항목: 실험평가,탐구 설계 | 해석,가설 설정과 탐구 설계,가설 설정과 탐구 설계,가설 설정과 탐구 설계,,
assessment_task_31fc4baade,과학탐구실험1,과학탐구실험 1,I_or_other,textbook_concept_dictionary,record_only,record,False,,"물리(과학 글쓰기) 과학탐구실험 1 수행평가 영역: 물리(과학 글쓰기). 낙하실험과 충돌실험을 하고, 보고서를 작성할 수 있다.",정확성 | 변인 | 해석,변인 | 가설 설정과 탐구 설계,가설 설정과 탐구 설계,가설 설정과 탐구 설계,,
assessment_task_354c946978,과학탐구실험1,과학탐구실험1,I_or_other,textbook_concept_dictionary,record_only,record,False,,신소재의 과학적 매커니즘 논술하기 첨단 과 학기 술과 관련된 신소재를 연관지어 논술형 문제를 해결한다.,해석,해석 | 자료 수집·분석·결론 도출,자료 수집·분석·결론 도출,자료 수집·분석·결론 도출,,
assessment_task_6a376cc68f,과학탐구실험1,과학탐구실험1,I_or_other,textbook_concept_dictionary,record_only,record,False,,실험실 안전 인포그래픽 가락고 1학년 1학기 교과별 평가계획표에 제시된 수행평가 항목: 실험실 안전 인포그래픽,탐구 설계 | 해석,가설 설정과 탐구 설계,가설 설정과 탐구 설계,가설 설정과 탐구 설계,,
assessment_task_816d13f6c9,과학탐구실험1,과학탐구실험1,I_or_other,textbook_concept_dictionary,record_only,record,False,,데이터 기반의 과학적 자료 분석하기 데이터 탐색 및 분석한 후 이를 적용하여 논술형 문제를 해결한다.,해석,해석 | 자료 수집·분석·결론 도출,자료 수집·분석·결론 도출,자료 수집·분석·결론 도출,,
assessment_task_b55fa63813,과학탐구실험1,과학탐구실험1,I_or_other,textbook_concept_dictionary,record_only,record,False,,빛의 스펙트럼 관찰하기 스펙트럼을 관찰한 후 이를 적용하여 논술형 문제를 해결한다.,해석,해석 | 자료 수집·분석·결론 도출,자료 수집·분석·결론 도출,자료 수집·분석·결론 도출,,
assessment_task_c226885342,과학탐구실험1,과학탐구실험1,I_or_other,textbook_concept_dictionary,record_only,record,False,,포트폴리오 과학탐구실험 수행평가 영역: 포트폴리오. ▪과학의 이론과 실험 결과의 차이점을 분석하여 탐구력을 높이고 일상 생활에 적용해보기 ▪개인별 실험 결과와 이론의 적용을 작성하여 포트폴리오 제출하기 단계 단계별 평가 활동 단계별 평가 방법 1단계 Ÿ 6명 내외로 무작위 모둠 구성하기 Ÿ 영역별 실험 결과와 이론 적용 분석하기 Ÿ 생활에 필요한 소주제 선정 및 탐구 계획 정하기 탐구활동 2단계 자신이 맡은 소주제 실험을 조사 및 설계하기 탐구활동 3단계 이론에의 적용 조별 발표하기 조별 발표 4단계 이론에의 적용 개인 발표하기 개인 발표,변인 | 해석,변인 | 가설 설정과 탐구 설계,가설 설정과 탐구 설계,가설 설정과 탐구 설계,,
assessment_task_ebaf43f4a8,과학탐구실험1,과학탐구실험 1,I_or_other,textbook_concept_dictionary,record_only,record,False,,"화학(실험) 과학탐구실험 1 수행평가 영역: 화학(실험). 화학의 기본 개념을 이해하고, 화학 실험실 안전 수칙 준수 및 실험의 중요성 인식할 수 있다.",정확성 | 변인 | 해석,변인 | 가설 설정과 탐구 설계,가설 설정과 탐구 설계,가설 설정과 탐구 설계,,
assessment_task_3a8c8ea815,과학탐구실험2,과학탐구실험2,I_or_other,textbook_concept_dictionary,record_only,record,False,,"탐구노트 탐구 과정 전반을 일지 형식으로 기록하며, 관찰과 생각을 체계적으로 정리한다.",안전,안전,,안전,,
assessment_task_3feded9007,과학탐구실험2,과학탐구실험2,I_or_other,textbook_concept_dictionary,record_only,record,False,,"탐구수행 설계한 방법에 따라 실험을 수행하고, 과정과 결과를 정확히 기록한다.",안전,안전,,안전,,
assessment_task_409f405a45,과학탐구실험2,과학탐구실험2,I_or_other,textbook_concept_dictionary,record_only,record,False,,탐구 보고서 실험의 목적·방법·결과·분석·결론을 포함하여 논리적으로 보고서를 작성한다.,안전,안전,,안전,,
assessment_task_7c3cc5f067,과학탐구실험2,과학탐구실험2,I_or_other,textbook_concept_dictionary,record_only,record,False,,"탐구설계 주제와 관련된 과학적 문제를 설정하고, 이를 해결하기 위한 가설과 실험 설계안을 작성한다.",안전,안전,,안전,,
assessment_task_564f141d93,기하,기하,I_or_other,textbook_concept_dictionary,record_only,record,False,,"독서 칼럼 쓰기 수학적 주제에 적합한 도서를 선정하여 핵심 주제를 요약하여 작성한 후, 주제와 관련된 내용을 이 미지화하여 인포그래픽 자료를 이해하기 쉽게 작성하였는지를 평가한다.",공간도형,공간도형,,공간도형,,
assessment_task_8aa9a28fdb,기하,기하,I_or_other,textbook_concept_dictionary,record_only,record,False,,성찰노트 작성하기 수업시간 학습한 내용을 잘 정리하고 배운 내용에 대한 성찰활동을 성실히 수행하였는지에 대하여 평가한다.,중심,중심,,중심,,
assessment_task_f1b80ac09b,대수,대수,I_or_other,textbook_plus_legacy,record_only,record,False,,"탐구&융합 활동 대수 수행평가 과제: 탐구&융합 활동. 평가내용: 대수 각 단원의 필수 개념을 확인할 수 있는 활동지 작성
Ⅲ단원 및 Ⅵ단원 종료 시점에 평가를 진행(총 2회)하고 최종 점수의 합을 적용",등차수열과 등비수열 | 수학적 귀납법 | 등비수열 | 등차수열 | 로그함수 | 수열의 합 | 지수함수 | 로그,함수 | 수열,등차수열과 등비수열,등차수열과 등비수열,,
assessment_task_451e933e25,데이터 과학,데이터과학,I_or_other,textbook_concept_dictionary,record_only,record,True,정보,"프로젝트 시기: 1~5주차, 8~13주차 / 평가방법: 각 평가요소를 최상, 상, 중, 하로 평가하여 합산",자료 분석,자료 분석 | 자료와 정보의 분석,자료와 정보의 분석,자료와 정보의 분석,,
assessment_task_7954b763b3,데이터 과학,데이터과학,I_or_other,textbook_concept_dictionary,record_only,record,True,정보,"수업산출물 시기: 1~5주차, 8~13주차 / 평가방법: 제출한 산출물을 평가요소에 따라 평가 후 합산",자료 분석,자료 분석 | 자료와 정보의 분석,자료와 정보의 분석,자료와 정보의 분석,,
assessment_task_00365bf2d2,물리,물리학2,II,textbook_concept_dictionary,record_only,record,False,,실험 및 보고서 물리 관련 내용으로 주제를 선정하여 실험 및 보고서 작성하기,관성,관성 | 힘과 운동,힘과 운동,힘과 운동,,
assessment_task_1919b3e701,물리,물리학,I_or_other,textbook_concept_dictionary,record_only,record,False,,교통 안전 논술하기 물리학적 개념을 이용하여 현상을 해석한다. 물리학적인 관념에서 교통 안전을 위한 방안을 논술한다.,뉴턴 법칙,뉴턴 법칙,,뉴턴 법칙,,
assessment_task_1b1227e347,물리,고급물리학Ⅰ,I_or_other,textbook_concept_dictionary,record_only,record,False,,"연구 사례 발표 연구 사례 발표하기는 발표자가 수업 내용과 관련된 연구 사례를 조사하여 발표하고, 청중은 발표 내용에 대한 질문 또는 의견을 제시하는 의사소통 과정을 관찰하여 개인별로 평가한다.",전자기파 | 변압기 | 자기장 | 전류,변압기 | 자기장 | 물질의 자기적 특성,물질의 자기적 특성,물질의 자기적 특성,,
assessment_task_248fe5ab77,물리,물리학Ⅱ,II,textbook_concept_dictionary,record_only,record,False,,독서연계 탐구 대한 탐구를 설계한다.,간섭 | 파장,간섭 | 파장 | 파동의 성질과 활용,파동의 성질과 활용,파동의 성질과 활용,,
assessment_task_57b08e2373,물리,공학물리 프로젝트,I_or_other,textbook_concept_dictionary,record_only,record,False,,전자 회로 설계 및 제작 전자 부품의 기능과 특성을 이해하고 회로의 목적에 맞는 전자 회로를 설계한다. 납땜을 이용하여 전자 회로를 제작하고 회로의 연결 상태와 작동 여부를 확인한다,전류,전류 | 물질의 자기적 특성,물질의 자기적 특성,물질의 자기적 특성,,
assessment_task_5a63273684,물리,물리실험Ⅰ,I_or_other,legacy_dictionary,record_only,record,False,,기초실험평가 주어진 준비물을 이용하여 교사가 제시한 실험을 순서에 맞게 수행하고 얻은 실험데이터를 이용하여 결론을 도출할 수 있다,데이터 처리,데이터 처리,,,,
assessment_task_84e726f225,물리,AP일반물리학Ⅰ,I_or_other,textbook_concept_dictionary,record_only,record,False,,학 주제 탐구 역학 분야 학습 활동 참여 및 이해 수준에 대해 논술형 평가 실시 교육과정,관성,관성 | 힘과 운동,힘과 운동,힘과 운동,,
assessment_task_8b1581ce50,물리,물리학Ⅱ,II,textbook_concept_dictionary,record_only,record,False,,"주제발표 일상생활 속 과학적 개념을 주제로 이를 물리학Ⅱ의 개념으로 설명하고, 탐구하여 결과를 발표한다.",간섭 | 파장,간섭 | 파장 | 파동의 성질과 활용,파동의 성질과 활용,파동의 성질과 활용,,
assessment_task_9a59d42842,물리,고급물리학Ⅰ,I_or_other,textbook_concept_dictionary,record_only,record,False,,응용문제 해결 응용문제 해결하기는 수업 중 성취 기준 도달 여부를 확인할 수 있는 문제를 해결하는 과정을 3회 관찰하 여 성취 수준을 부여하는 방법으로 개인별로 평가한다.,전자기파 | 변압기 | 자기장 | 전류,변압기 | 자기장 | 물질의 자기적 특성,물질의 자기적 특성,물질의 자기적 특성,,
assessment_task_e29d879be1,물리,AP 일반물리학 I,I_or_other,textbook_concept_dictionary,record_only,record,False,,Mechanics Quiz 역학 퀴즈,전하,전하 | 물질의 전기적 특성,물질의 전기적 특성,물질의 전기적 특성,,
assessment_task_e85d7ad12f,물리,물리학Ⅱ,II,textbook_concept_dictionary,record_only,record,False,,전기장 논술하기 전기장의 개념을 탐구하고. 전기장의 형성과 그 분포를 논리적으로 설명한다. 교육과정,전기력 | 전하,전기력 | 전하 | 물질의 전기적 특성,물질의 전기적 특성,물질의 전기적 특성,,
assessment_task_f5c5dae776,물리,고급물리학Ⅰ,I_or_other,textbook_concept_dictionary,record_only,record,False,,"문제 풀이 연습 문제 풀이 연습하기는 수업 내용을 정리하고 수업 시간에 제시된 문제를 풀어 정리하며 주교재의 단원별로 14회에 대해 개인별로 평가한다. 풀이의 유사도를 비교, 분석하고 유사 풀이 문항에 대하여 재작성을 안내 하는 방법으로 본인이 직접 수행한 것임을 확인한다.",전자기파 | 변압기 | 자기장 | 전류,변압기 | 자기장 | 물질의 자기적 특성,물질의 자기적 특성,물질의 자기적 특성,,
assessment_task_f65e80c66a,물리,일반물리학Ⅰ,I_or_other,textbook_concept_dictionary,record_only,record,False,,과학 글쓰기 최소한의 필요한 단어를 이용하여 명료한 제목을 구성하였는 가?; 글을 쓴 사람의 의도(목적)나 글의 주장이 분명하게 드러나 는가?; 글의 내용이 명료한가?,관성,관성 | 힘과 운동,힘과 운동,힘과 운동,,
assessment_task_f9a301207e,물리,물리학실험,I_or_other,textbook_concept_dictionary,record_only,record,False,,탐구하기 정지마찰계수를 측정할 수 있는 다양한 탐구 주제 중 하나를 선택하여 실험을 수행하고 그 결과를 보고서로 작성할 수 있다.,관성,관성 | 힘과 운동,힘과 운동,힘과 운동,,
assessment_task_316cc9219a,미적분1,미적분 II,I_or_other,textbook_plus_legacy,record_only,record,False,,수학 창작물 제작 창작물 제출 및 발표,수열의 극한 | 극한 | 수열 | 적분,수열 | 적분 | 극한,수열의 극한,수열의 극한,,
assessment_task_05037f237a,생명과학,고급생명과학Ⅰ,I_or_other,textbook_concept_dictionary,record_only,record,False,,"생명과학 에세이 생명과학 에세이 작성하기는 생명과학과 관련된 에세이 작성 및 생명과학 관련 논제에 대해 자신의 생각을 서술하는 활동으로 생명과학에 대한 흥미와 가치 인식, 생명과학의 전문 용어를 사용한 의사 소통 능력, 탐구 적이고 창의적인 사고력 등을 합산하여 평가한다.",계통 | 진화,계통 | 진화,,계통,,
assessment_task_1313a05e1b,생명과학,고급 생명과학,I_or_other,textbook_concept_dictionary,record_only,record,False,,최신 생명공학 기술의 발전 동향과 윤리·사회적 쟁점 탐구 최신 생명공학 기술 1가지를 선정하고 기술의 작동 원리와 핵심 과학 개념을 조사한다. / 최근 연구·산업·임상 관련 논문 또는 사례를 조사하고 기술 발전의 특징과 의미를 분석한다. / 해당 기술과 관련된 윤리적·사회적 문제를 두 가지 이상 분석하고 이에 대한 자신의 견해와 근거를 정리한다. / 조사 결과를 발표하고 청중의 질문이나 반박에 답변하며 토론에 참여한다.,전달,전달,,전달,,
assessment_task_167152e615,생명과학,고급생명과학Ⅰ,I_or_other,textbook_concept_dictionary,record_only,record,False,,"그래픽오거나이저 그래픽오거나이저 작성하기는 학습 주제 관련 마인드맵이나 개념체계도 형태의 내용 정리 자료를 작성하 며, 주요 개념 동정, 개념 간 위계와 관계의 이해, 주요 개념의 연결 및 확장을 평가한다.",진화,진화,,진화,,
assessment_task_18cb4a1dbb,생명과학,생명과학세미나Ⅰ,I_or_other,textbook_concept_dictionary,record_only,record,False,,생명과학 학술 토론 토론 주제와 관련된 핵심 쟁점을 정확하게 파악하였는가?; 교과 학습 내용과 학술 자료를 근거로 자신의 의견을 제시 근거 기반 토 하였는가? 10; 질문이나 의견이 토론의 논점과 관련되며 구체성을 갖추었는 가?,상호 작용,상호 작용,,상호 작용,,
assessment_task_24e8066d61,생명과학,생명과학Ⅰ,I_or_other,textbook_concept_dictionary,record_only,record,False,,"사이언스 버스킹 생명과학 교재의 관련 단원에서 특정 주제를 선정하고 탐구하여 보고서를 작성한다. 이후, 주제에 대해 발표 및 토론을 한다",전달,전달,,전달,,
assessment_task_27859a9ff7,생명과학,일반생명과학Ⅰ,I_or_other,textbook_concept_dictionary,record_only,record,False,,생명과학 주제 탐구 및 발표하기 생명과학 분야 주제를 선정한다. / 주제와 관련된 논문을 조사하여 탐구한다. / 탐구한 내용에 PPT 자료를 만들어 발표한다. / 논문 조사부터 발표까지 전 과정을 평가한다.,전달,전달,,전달,,
assessment_task_4b5cd313c9,생명과학,생명과학,I_or_other,textbook_concept_dictionary,record_only,record,False,,확장 질문 탐구 발표 가락고 2학년 1학기 교과별 평가계획표에 제시된 수행평가 항목: 확장 질문 탐구 발표,전달,전달,,전달,,
assessment_task_9f0c8fe684,생명과학,생명과학실험,I_or_other,textbook_concept_dictionary,record_only,record,False,,전기영동을 이용한 범죄 과학수사 실험. 생명과학실험 수행평가 과제: 전기영동을 이용한 범죄 과학수사 실험.. 평가내용: 전기영동을 이용한 범죄 과학수사 실험.,DNA,DNA | 유전자와 염색체,유전자와 염색체,유전자와 염색체,,
assessment_task_bc583a0ab3,생명과학,생명과학 실험,I_or_other,textbook_concept_dictionary,record_only,record,False,,"탐구 설계 생명과학 실험 주제를 선정하고, 발표 자료를 활용하여 탐구 원리 및 설계를 발표한다.",전달,전달,,전달,,
assessment_task_d01f9f4467,생명과학,고급 생명과학,I_or_other,textbook_plus_legacy,record_only,record,False,,독서토론과 논술 토론 및 보고서 제출,유전자 | 유전,유전,유전자와 염색체,유전자와 염색체,,
assessment_task_d88840c14c,생명과학,고급 생명과학,I_or_other,textbook_concept_dictionary,record_only,record,False,,"환경 스트레스에 따른 식물 광생리 분석 및 대응 방안 탐구 정상 식물과 환경 스트레스 식물의 색소 데이터 및 형광 관찰 결과를 바탕으로, 스트레스가 식물에 미치는 영향을 분석하고 손상 기작을 추론하여 과학적 대응 방안 제시",전달,전달,,전달,,
assessment_task_dab5bdfe76,생명과학,생명과학,I_or_other,textbook_concept_dictionary,record_only,record,False,,"생명과학 분야 탐구 프로젝트 생명과학 수행평가 과제: 생명과학 분야 탐구 프로젝트. 평가내용: 생명과학의 여러 분야를 조사하여 자신의 진로와 관계된 분야에 대해 탐구하여, 생명과학 분야의 이해도와 진로와의 연계성을 평가합니다.",분류 | 진화,분류 | 진화와 생물 다양성,진화와 생물 다양성,진화와 생물 다양성,,
assessment_task_db05786e06,생명과학,심화생명과학실험,I_or_other,legacy_dictionary,record_only,record,False,,실험결과 및 자료해석 정확하고 타당한 결과를 수집하였는가? 정확성; 수집된 자료는 정량적으로 잘 측정되었는가? (7.5 점×4; 접근 방법을 달리하게 만드는 요인들을 다양하고 정확하게 파 회) 풍부도 악하는가?,데이터 처리,데이터 처리,,,,
assessment_task_a8f8b7532b,역학과 에너지,역학과 에너지,I_or_other,textbook_concept_dictionary,record_only,record,False,,탐구 논술 일상 생활 속 다양한 현상들을 역학적으로 분석하고 이를 설명하는 과제물을 제작한다.,자료 분석,자료 분석,,자료 분석,,
assessment_task_180910ad2f,인공지능 기초,인공지능,I_or_other,textbook_concept_dictionary,record_only,record,True,정보,수업산출물 시기: 1~11주차 / 평가방법: 세부 항목 평가 기준에 따라 배점 부여,문제 해결,문제 해결 | 자료와 정보의 분석,자료와 정보의 분석,자료와 정보의 분석,,
assessment_task_49d934531d,인공지능 기초,인공지능,I_or_other,textbook_concept_dictionary,record_only,record,True,정보,프로젝트 시기: 9~13주차 / 평가방법: 세부 항목 평가 기준에 따라 배점 부여,문제 해결,문제 해결 | 자료와 정보의 분석,자료와 정보의 분석,자료와 정보의 분석,,
assessment_task_894991eb91,인공지능 기초,인공지능,I_or_other,textbook_concept_dictionary,record_only,record,True,정보,논문 분석 보고서 시기: 상시 / 평가방법: 세부 항목 평가 기준에 따라 배점 부여,문제 해결 | 자료 분석,문제 해결 | 자료 분석 | 자료와 정보의 분석,자료와 정보의 분석,자료와 정보의 분석,,
assessment_task_0d7b4c1918,정보,정보과학Ⅰ,I_or_other,textbook_concept_dictionary,record_only,record,False,,"문제설계 문제설계는 과학, 수학 및 정보 분야에 대한 흥미와 호기심을 불러일으킬 수 있는 재미있고 쉬운 문제들을 창의적으로 설계하고 구체적으로 만들 수 있는 문제설계 능력을 평가한다.",공유,공유 | 컴퓨팅 시스템과 네트워크,컴퓨팅 시스템과 네트워크,컴퓨팅 시스템과 네트워크,,
assessment_task_41d693c068,정보,창의융합특강XIX_생물정보학과파이썬,I_or_other,textbook_concept_dictionary,record_only,record,False,,프로젝트 시기: 11주차~14주차 / 평가방법: 세부 항목 평가 기준 참조,문제 해결,문제 해결 | 자료와 정보의 분석,자료와 정보의 분석,자료와 정보의 분석,,
assessment_task_76ca88f69d,정보,정보,I_or_other,textbook_plus_legacy,record_only,record,False,,"최신 IT 트렌드를 반영한 주제 탐구 보고서 작성하기 • 최근 IT 트렌드 기술 중 한 가지를 선택하여 긍정적, 부정적 영향 등을 탐구하기 • 수집한 자료의 내용을 자신의 언어로 재구성하여 자신의 의견과 함께 서술하기",목표 상태 | 현재 상태 | 모델링 | 모델,목표 상태 | 현재 상태 | 모델링 | 추상화와 문제 분해,추상화와 문제 분해,추상화와 문제 분해,,
assessment_task_96995d9b89,정보,정보,I_or_other,textbook_concept_dictionary,record_only,record,False,,프로그래밍 구문 및 코드 구조 분석하고 주석달기 • 파이썬 문법을 사용하여 기본 문제를 코드로 변환하기 • 자신이 작성한 코드를 설명하고 해당 문법이 의미하는 바를 주석으로 표현하기,문제 해결 | 연산자 | 입출력 | 자료형 | 변수,연산자 | 입출력 | 프로그래밍,프로그래밍,프로그래밍,,
assessment_task_1905753546,지구과학,지구과학,I_or_other,textbook_concept_dictionary,record_only,record,False,,지질 연대 측정 문제 해결(100점) 과정을 서술한다.,방사성 동위 원소 | 절대 연령,방사성 동위 원소 | 절대 연령 | 지층과 지질시대,지층과 지질시대,지층과 지질시대,,
assessment_task_33573cfecd,지구과학,지구과학Ⅱ,II,textbook_concept_dictionary,record_only,record,False,,"과학논술 : 과학 지식 이해와 논리적 의견 제시 제시된 주제에 대한 과학적 탐구 능력, 과학적 탐구능력, 문제해결력, 논리적 표현력을 평가함.",변성 작용 | 한반도,변성 작용 | 한반도,,변성 작용,,
assessment_task_5b0791a116,지구과학,지구과학Ⅱ,II,textbook_concept_dictionary,record_only,record,False,,"지질도 해석 지구과학Ⅱ 수행평가 영역: 지질도 해석. ▪자료 분석 단계와 토의 단계로 구분해 실시하며 개별로 평가한다. ▪자료 분석에 대한 의견을 나눌 수 있도록 모둠을 형성한다. ▪다양한 자료를 수집하기 위해 AI 등 디지털 도구를 활용할 수 있으나, AI를 활용하여 보고서의 내용을 직접 작성하게 하거나, 연구 결과 및 결론을 대신 도출하게 하는 행위는 금지되며 적발 시 부정행위로 간주한다. 단계 단계별 평가 활동 단계별 평가 방법 1단계 지질도 자료 분석 자료 분석 2단계 그룹별 토의 토의 및 분석자료 제출",지층,지층과 지질시대,지층과 지질시대,지층과 지질시대,,
assessment_task_a708545324,지구시스템과학,지구시스템과학Ⅰ,I_or_other,legacy_dictionary,record_only,record,False,,"ENSO의 영향 평가 ENSO의 영향 평가는 워커순환과 남방진동의 상관관계와 수반된 여러 기상 관측 요소의 변동을 설명하고, 이에 따른 세계 각지의 사회적, 경제적 영향에 대해 탐구하고 결과를 발표 및 참여하는 태도를 평가한다.",기후 변화,기후 변화,,,,
assessment_task_089b19bc33,통합과학1,통합과학1,I_or_other,textbook_concept_dictionary,record_only,record,False,,"창의적문제해결 제시된 자료를 해석하여 자료의 의미를 파악하고, 파악한 내용과 학습 내용을 진로와 연계하여 이를 해결하는 창의 적인 문제 해결 방법을 과학적이고 창의적으로 제시하는 보고서 작성.",정확성,정확성,,정확성,,
assessment_task_5736d0ce9c,통합과학1,통합과학1,I_or_other,textbook_concept_dictionary,record_only,record,False,,질문탐구논술 각 단원별 학습 내용 중 과학적 탐구가 가능한 자신만의 질문을 구상하고 그 질문을 해결하는 탐구 과정과 결과를 논리적으로 작성하기,정확성,정확성,,정확성,,
assessment_task_71d633ca4c,통합과학1,통합과학1,I_or_other,textbook_concept_dictionary,record_only,record,False,,실생활 속 화학 원리 분석 에세이(논술) 작성 우리 생활 속에서의 과학의 영향을 과학 잡지를 통해 분석 및 탐구하고 에세이 작성하기,결합 | 성질,결합 | 물질의 규칙성과 성질,물질의 규칙성과 성질,물질의 규칙성과 성질,,
assessment_task_97f02cca63,통합과학2,통합과학2,I_or_other,textbook_concept_dictionary,record_only,record,False,,‘대멸종 연대기’ 재구성하여 발표하기 프로젝트 ‘대멸종 연대기’를 함께 읽고 도출한 생각을 바탕으로 내용을 재구성하여 발표한다.,지질 시대 | 생태계 | 환경,생태계 | 생물과 환경,생물과 환경,생물과 환경,,
assessment_task_5e8959a346,통합사회1,통합사회1,I_or_other,textbook_concept_dictionary,record_only,record,False,,신문 기사 작성 환경 위기 극복을 위한 솔루션 뉴스 작성하기,문제 해결 | 해결 방안 | 환경 문제,해결 방안 | 인권 보장과 시민 참여,인권 보장과 시민 참여,인권 보장과 시민 참여,,
assessment_task_f61735323c,통합사회1,통합사회1,I_or_other,textbook_concept_dictionary,record_only,record,False,,공간변화에 따른 지역 문제 탐구 지 주제탐구 활동지를 작성하며 살기 좋은 도시를 만들기 위한 다양한 제도와 실천 방안을 제안하고 보고서 만들기,해결 방안,해결 방안 | 인권 보장과 시민 참여,인권 보장과 시민 참여,인권 보장과 시민 참여,,
assessment_task_0c8608c4ed,화학,기초화학및실험Ⅰ,I_or_other,textbook_plus_legacy,record_only,record,False,,"실험탐구활동 실험은 측정 및 화학 반응에서의 에너지 출입과 관련된 각각의 실험에서 실험 준비, 변인 통제, 실험에 임 하는 자세, 안전 사항 준수 여부, 실험결과의 정밀도, 오차 분석, 뒷정리 상태 등의 실험 수행 과정 및 정 량평가, 개인별 실험 보고서 내용 등의 실험 결과를 합산하여 평가한다.",화학 반응식 | 반응식 | 에너지 보존,에너지 보존 | 물질의 양과 화학 반응식,물질의 양과 화학 반응식,물질의 양과 화학 반응식,,
assessment_task_129970ac65,화학,고급 화학,I_or_other,legacy_dictionary,record_only,record,False,,전기화학 실험평가,반응 속도,반응 속도,,,,
assessment_task_19efbde2f9,화학,화학Ⅱ,II,textbook_concept_dictionary,record_only,record,False,,심층적 학습수행분석 이론과 과정에 대한 이해도를 바탕으로 한 결과 분석력을 평가한다.,화학 반응식 | 끓는점 | 반응식 | 분자량,분자량 | 물질의 양과 화학 반응식,물질의 양과 화학 반응식,물질의 양과 화학 반응식,,
assessment_task_2327ff9be3,화학,화학 실험과,I_or_other,textbook_concept_dictionary,record_only,record,False,,화학 반응 말하기 화학 반응에 대한 자료를 만들고 발표하기,분자 구조,분자 구조,,분자 구조,,
assessment_task_337a7ba52f,화학,화학,I_or_other,textbook_plus_legacy,record_only,record,False,,"실험 수행 능력 및 보고서 평가 화학 수행평가 과제: 실험 수행 능력 및 보고서 평가. 평가내용: 변인을 적절하게 설정하여 실험을 설계하고, 올바른 실험기구 사용법과 안전수칙을 지키며 실험을 수행한 후 실험 결과를 적절하게 분석할 수 있다. (과학적 사고력, 과학적 탐구 능력, 과학적 문제해결 능력)",적정 | 중화 | 화학 평형,적정 | 중화 | 화학 평형 | 화학 반응과 열의 출입,화학 반응과 열의 출입,화학 반응과 열의 출입,,
assessment_task_6e818cd72e,화학,화학Ⅱ,II,textbook_concept_dictionary,record_only,record,False,,여러 가지 농도의 용액 만들기 수업 시간 중 제시된 여러 가지 농도의 수용액을 만들 수 있는 실험을 설계하고 표준용액을 만들 기 위한 실험과정을 보고서에 써서 제출함. 교육과정,몰 농도,몰 농도,,몰 농도,,
assessment_task_78318a5619,화학,AP일반화학Ⅰ,I_or_other,textbook_concept_dictionary,record_only,record,False,,화학 관련 현상 분석 및 탐구하기 양자 역학 및 물질의 상태와 용액 단원과 관련한 화학 현상 분석 및 탐구하기 교육과정,중화,중화,,중화,,
assessment_task_95d69529f7,화학,일반화학Ⅰ,I_or_other,textbook_concept_dictionary,record_only,record,False,,"양자화학 학습자료 탐구 수업이 끝날 때마다 형성평가로 예제와 연습문제를 풀이한다. / 단원이 끝나게 되면 지금까지 풀었던 문제를 임의로 준비하여 조별로 문제 풀이를 수행한다. / 교사가 제공하는 종이의 양식(핵심 개념, 풀이 방향, 풀이 과정, 답안)에 맞게 문제를 풀이하고 발표를 진행한다. / 발표 이후 교사, 동료들에게 질의응답을 받고 마무리한다.",극성,극성,,극성,,
assessment_task_962d55658e,화학,기초화학및실험Ⅰ,I_or_other,textbook_plus_legacy,record_only,record,False,,개념확인 및 탐구 개념확인 및 탐구는 수업 중 이루어지는 문제를 논리적으로 해결하는 능력과 수업 내용 및 개념 등을 탐구 하는 과정에 대해 논리적으로 서술하는 능력을 평가한다.,화학 반응식 | 반응식 | 몰 | 에너지 보존,몰 | 에너지 보존 | 물질의 양과 화학 반응식,물질의 양과 화학 반응식,물질의 양과 화학 반응식,,
assessment_task_a00edd2d31,화학,고급화학실험Ⅰ,I_or_other,textbook_concept_dictionary,record_only,record,False,,"발표 및 토론 평가 발표 및 토론 평가는 제시된 주제 또는 자료를 분석하여 자신의 의견을 과학적인 근거를 바탕으로 논리적 으로 표현하는 능력과 수업 중 이루어지는 발표, 토의 참여, 정리 활동 등을 평가한다.",금속 | 적정,금속 | 적정,,금속,,
assessment_task_a95b34fd8f,화학,기초유기화학,I_or_other,textbook_concept_dictionary,record_only,record,False,,유기화학 탐구 문항 제작하기 유기화학 분야의 내용 요소 중 한 가지를 선택한다. / 선택한 단원의 내용을 정리한다. / 사전 제공한 양식에 맞춰 문항을 제작한다. / 제작한 문항을 다른 인원이 간단히 풀이하고 답안과 출제 근거를 정 리한다. / 답안과 출제 근거를 기 작성된 자료와 비교하고 생산적인 토의를 통 해 개선 문항을 점검하고 다듬는다.,극성,극성,,극성,,
assessment_task_adee62a03a,화학,고급화학실험Ⅰ,I_or_other,textbook_concept_dictionary,record_only,record,False,,"화학 실험하기 평가 실험은 각 실험별로 실험 준비와 수행 태도, 안전 사항 준수 여부, 뒷정리 상태 등과 정량평가 결과를 반영 하여 작성한 개인별 실험 보고서의 내용을 평가하고, 학기말에 종합하여 점수를 부여한다.",오비탈 | 금속 | 적정,오비탈 | 현대의 원자 모형과 전자 배치,현대의 원자 모형과 전자 배치,현대의 원자 모형과 전자 배치,,
assessment_task_bed164c95d,화학,일반화학Ⅱ,II,legacy_dictionary,record_only,record,False,,AI로 화학 톺아보기 화학 문제 발견이 논리적인가?; 선택한 문제와 관련된 화학 개념을 올바르게 설명하는가?; 창의적 시각이나 새로운 관점에서 문제를 발견하고 제 10 견 시하는가?,모델링,모델링,,,,
assessment_task_c425770b2b,화학,화학,I_or_other,textbook_concept_dictionary,record_only,record,False,,화학이 현대 사회에 기여한 사례 분석 포스터 제작 주어진 분야를 융합하여 탐구 주제를 선정 / 주제와 관련된 내용을 탐구하여 포스터 글 작성 / 포스터를 작성하여 발표,반도체,반도체,,반도체,,
assessment_task_e9a13776a0,화학,화학2,II,textbook_concept_dictionary,record_only,record,False,,진로 연계 화학 탐구 및 구술 발표 관심 진로 분야에서의 적용 방법과 적용되는 화학 관련 주제로 한 탐구 발표,반응식,반응식,,반응식,,
assessment_task_4010568e22,확률과 통계,확률과통계,I_or_other,textbook_concept_dictionary,record_only,record,False,,추론 및 의사소통능력 평가 확률과 통계 수행평가 과제: 추론 및 의사소통능력 평가. 평가내용: 확률과 통계와 관련된 상황을 이해하고 조건을 추론하여 과제를 해결한 후 그 해결 과정을 설명한다.,확률,확률의 뜻과 기본 성질,확률의 뜻과 기본 성질,확률의 뜻과 기본 성질,,
assessment_task_5351083d29,확률과 통계,확률과통계,I_or_other,textbook_concept_dictionary,record_only,record,False,,수학주제글쓰기 확률과 통계 수행평가 과제: 수학주제글쓰기. 평가내용: 확률과 통계 관련 주제 조사와 글쓰기를 통해 수학 학습의 효용성 및 가치를 함양한다.,확률,확률의 뜻과 기본 성질,확률의 뜻과 기본 성질,확률의 뜻과 기본 성질,,
assessment_task_cfca9f3617,확률과 통계,확률과통계,I_or_other,textbook_concept_dictionary,record_only,record,False,,문제해결과정 평가 확률과 통계 수행평가 과제: 문제해결과정 평가. 평가내용: 확률과 통계 문제를 해결하고 그 과정을 서술한다.,확률,확률의 뜻과 기본 성질,확률의 뜻과 기본 성질,확률의 뜻과 기본 성질,,
