subject,term,frequency,sample_task_title,already_in_dict,approve
공통수학1,수학,30,성취기준 기반 수학 문항 분석 후 재구성하기,N,
공통수학1,수학적,28,인공지능을 활용한 수학 개념 탐구 후 문학 작품 창작하기,N,
공통수학1,개념,24,성취기준 기반 수학 문항 분석 후 재구성하기,N,
공통수학1,수행평가,24,수학으로 읽고 지식 확장하기,N,
공통수학1,공통수학,22,세계사를 바꾼 방정식의 해법,N,
공통수학1,해결,17,ALTP (협력적 문제해결 과정 발표와 질의응답),N,
공통수학1,내용을,16,마인드맵으로 수학 개념 구조화하기,N,
공통수학1,주제,15,독서를 통한 주제탐구활동,N,
공통수학1,문제를,13,조별 팀 발표,N,
공통수학1,과제,12,수학탐구기록,N,
공통수학1,평가내용,11,수학주제탐구활동,N,
공통수학1,있는가,11,개념정리와 문제만들기,N,
공통수학1,과정을,10,ALTP (협력적 문제해결 과정 발표와 질의응답),N,
공통수학1,수업,9,성취기준 기반 수학 문항 분석 후 재구성하기,N,
공통수학1,학습,9,성찰활동으로 수학역량 강화하기,N,
공통수학1,문제해결,9,ALTP (협력적 문제해결 과정 발표와 질의응답),N,
공통수학1,개념정확성,9,세계사를 바꾼 방정식의 해법,N,
공통수학1,사고,8,인공지능을 활용한 수학 개념 탐구 후 문학 작품 창작하기,N,
공통수학1,영역,8,세계사를 바꾼 방정식의 해법,N,
공통수학1,서술,8,세계사를 바꾼 방정식의 해법,N,
공통수학1,논리적으로,8,발표 소감문 작성,N,
공통수학1,선정,8,구 발표,N,
공통수학1,풀이,8,구 발표,N,
공통수학1,과정의,8,구 발표,N,
공통수학1,능력,8,생각의 층을 쌓아가는 개념 포트폴리오,N,
공통수학1,제시된,7,성취기준 기반 수학 문항 분석 후 재구성하기,N,
공통수학1,파악하여,7,성취기준 기반 수학 문항 분석 후 재구성하기,N,
공통수학1,바탕으로,7,수학으로 읽고 지식 확장하기,N,
공통수학1,대한,7,성찰활동으로 수학역량 강화하기,N,
공통수학1,논리전개,7,세계사를 바꾼 방정식의 해법,N,
공통수학1,이해하고,7,구 발표,N,
공통수학1,포트폴리오,7,생각의 층을 쌓아가는 개념 포트폴리오,N,
공통수학1,해결하기,7,문제해결력 및 학습활동,N,
공통수학1,자신의,6,마인드맵으로 수학 개념 구조화하기,N,
공통수학1,교과,6,ALTP (협력적 문제해결 과정 발표와 질의응답),N,
공통수학1,활동지,6,세계사를 바꾼 방정식의 해법,N,
공통수학1,평가요소,6,독서를 통한 주제탐구활동,N,
공통수학1,성질을,6,구 발표,N,
공통수학1,개념과,6,구 발표,N,
공통수학1,기호를,6,구 발표,N,
공통수학1,개념의,6,생각의 층을 쌓아가는 개념 포트폴리오,N,
공통수학1,채점,6,문제해결과정평가,N,
공통수학1,활용하여,5,인공지능을 활용한 수학 개념 탐구 후 문학 작품 창작하기,N,
공통수학1,읽고,5,수학으로 읽고 지식 확장하기,N,
공통수학1,독서,5,수학으로 읽고 지식 확장하기,N,
공통수학1,학습한,5,마인드맵으로 수학 개념 구조화하기,N,
공통수학1,의사소통,5,ALTP (협력적 문제해결 과정 발표와 질의응답),N,
공통수학1,정리하여,5,세계사를 바꾼 방정식의 해법,N,
공통수학1,근거제시,5,세계사를 바꾼 방정식의 해법,N,
공통수학1,정확한,5,조별 팀 발표,N,
공통수학2,문제해결,2,ALTP(협력적 문제해결 과정 발표와 질의·응답하기),N,
공통수학2,질의,2,ALTP(협력적 문제해결 과정 발표와 질의·응답하기),N,
공통수학2,대한,2,ALTP(협력적 문제해결 과정 발표와 질의·응답하기),N,
공통수학2,수학적,2,ALTP(협력적 문제해결 과정 발표와 질의·응답하기),N,
공통수학2,ALTP,1,ALTP(협력적 문제해결 과정 발표와 질의·응답하기),N,
공통수학2,협력적,1,ALTP(협력적 문제해결 과정 발표와 질의·응답하기),N,
공통수학2,발표와,1,ALTP(협력적 문제해결 과정 발표와 질의·응답하기),N,
공통수학2,응답하기,1,ALTP(협력적 문제해결 과정 발표와 질의·응답하기),N,
공통수학2,교과,1,ALTP(협력적 문제해결 과정 발표와 질의·응답하기),N,
공통수학2,단원,1,ALTP(협력적 문제해결 과정 발표와 질의·응답하기),N,
공통수학2,내용과,1,ALTP(협력적 문제해결 과정 발표와 질의·응답하기),N,
공통수학2,연계하여,1,ALTP(협력적 문제해결 과정 발표와 질의·응답하기),N,
공통수학2,제시된,1,ALTP(협력적 문제해결 과정 발표와 질의·응답하기),N,
공통수학2,문항을,1,ALTP(협력적 문제해결 과정 발표와 질의·응답하기),N,
공통수학2,모둠별로,1,ALTP(협력적 문제해결 과정 발표와 질의·응답하기),N,
공통수학2,분석함,1,ALTP(협력적 문제해결 과정 발표와 질의·응답하기),N,
공통수학2,분석한,1,ALTP(협력적 문제해결 과정 발표와 질의·응답하기),N,
공통수학2,문항,1,ALTP(협력적 문제해결 과정 발표와 질의·응답하기),N,
공통수학2,선정된,1,ALTP(협력적 문제해결 과정 발표와 질의·응답하기),N,
공통수학2,문항에,1,ALTP(협력적 문제해결 과정 발표와 질의·응답하기),N,
공통수학2,과정을,1,ALTP(협력적 문제해결 과정 발표와 질의·응답하기),N,
공통수학2,칠판에,1,ALTP(협력적 문제해결 과정 발표와 질의·응답하기),N,
공통수학2,적고,1,ALTP(협력적 문제해결 과정 발표와 질의·응답하기),N,
공통수학2,발표함,1,ALTP(협력적 문제해결 과정 발표와 질의·응답하기),N,
공통수학2,내용에,1,ALTP(협력적 문제해결 과정 발표와 질의·응답하기),N,
공통수학2,응답을,1,ALTP(협력적 문제해결 과정 발표와 질의·응답하기),N,
공통수학2,실시함,1,ALTP(협력적 문제해결 과정 발표와 질의·응답하기),N,
공통수학2,개념,1,ALTP(협력적 문제해결 과정 발표와 질의·응답하기),N,
공통수학2,해결,1,ALTP(협력적 문제해결 과정 발표와 질의·응답하기),N,
공통수학2,의사소통,1,ALTP(협력적 문제해결 과정 발표와 질의·응답하기),N,
과학탐구실험1,과학,5,과학 만화 그리기,N,
과학탐구실험1,그래프로,4,디지털 프로그램을 활용해 물체의 운동 상태 분석하기,N,
과학탐구실험1,자료를,4,통계 자료 기반 분석 탐구하기,N,
과학탐구실험1,활동,4,역사 속 측정 기술 탐색,N,
과학탐구실험1,과학탐구실험,4,실험실 안전수칙과 실험 기구 사용 방법,N,
과학탐구실험1,수행평가,4,실험실 안전수칙과 실험 기구 사용 방법,N,
과학탐구실험1,만화,3,과학 만화 그리기,N,
과학탐구실험1,그리기,3,과학 만화 그리기,N,
과학탐구실험1,과제,3,과학 만화 그리기,N,
과학탐구실험1,평가내용,3,과학 만화 그리기,N,
과학탐구실험1,포트폴리오,3,포트폴리오,N,
과학탐구실험1,실험하기,2,디지털 프로그램을 활용해 물체의 운동 상태 분석하기,N,
과학탐구실험1,변환하기,2,디지털 프로그램을 활용해 물체의 운동 상태 분석하기,N,
과학탐구실험1,국내,2,통계 자료 기반 분석 탐구하기,N,
과학탐구실험1,공식,2,통계 자료 기반 분석 탐구하기,N,
과학탐구실험1,통계를,2,통계 자료 기반 분석 탐구하기,N,
과학탐구실험1,활용하여,2,통계 자료 기반 분석 탐구하기,N,
과학탐구실험1,최소,2,통계 자료 기반 분석 탐구하기,N,
과학탐구실험1,5년,2,통계 자료 기반 분석 탐구하기,N,
과학탐구실험1,이상,2,통계 자료 기반 분석 탐구하기,N,
과학탐구실험1,연속된,2,통계 자료 기반 분석 탐구하기,N,
과학탐구실험1,수집하고,2,통계 자료 기반 분석 탐구하기,N,
과학탐구실험1,변환하여,2,통계 자료 기반 분석 탐구하기,N,
과학탐구실험1,자료의,2,통계 자료 기반 분석 탐구하기,N,
과학탐구실험1,경향,2,통계 자료 기반 분석 탐구하기,N,
과학탐구실험1,관찰하고,2,통계 자료 기반 분석 탐구하기,N,
과학탐구실험1,관찰한,2,통계 자료 기반 분석 탐구하기,N,
과학탐구실험1,바탕으로,2,통계 자료 기반 분석 탐구하기,N,
과학탐구실험1,귀납적으로,2,통계 자료 기반 분석 탐구하기,N,
과학탐구실험1,경향을,2,통계 자료 기반 분석 탐구하기,N,
과학탐구실험1,도출하고,2,통계 자료 기반 분석 탐구하기,N,
과학탐구실험1,정량적,2,통계 자료 기반 분석 탐구하기,N,
과학탐구실험1,수치를,2,통계 자료 기반 분석 탐구하기,N,
과학탐구실험1,포함하여,2,통계 자료 기반 분석 탐구하기,N,
과학탐구실험1,원인과,2,통계 자료 기반 분석 탐구하기,N,
과학탐구실험1,향후,2,통계 자료 기반 분석 탐구하기,N,
과학탐구실험1,변화를,2,통계 자료 기반 분석 탐구하기,N,
과학탐구실험1,하는,2,통계 자료 기반 분석 탐구하기,N,
과학탐구실험1,계획,2,역사 속 측정 기술 탐색,N,
과학탐구실험1,수립,2,역사 속 측정 기술 탐색,N,
과학탐구실험1,수행,2,역사 속 측정 기술 탐색,N,
과학탐구실험1,실험실,2,실험실 안전수칙과 실험 기구 사용 방법,N,
과학탐구실험1,안전수칙과,2,실험실 안전수칙과 실험 기구 사용 방법,N,
과학탐구실험1,기구,2,실험실 안전수칙과 실험 기구 사용 방법,N,
과학탐구실험1,사용,2,실험실 안전수칙과 실험 기구 사용 방법,N,
과학탐구실험1,주제,2,과학 주제 탐구 발표,N,
과학탐구실험1,산출물을,2,과학 주제 탐구 발표,N,
과학탐구실험1,요약,2,과학 주제 탐구 발표,N,
과학탐구실험1,정리하여,2,과학 주제 탐구 발표,N,
과학탐구실험1,발표하고,2,과학 주제 탐구 발표,N,
과학탐구실험2,채점,2,탐구결과 발표,N,
과학탐구실험2,탐구결과,1,탐구결과 발표,N,
과학탐구실험2,과정과,1,탐구결과 발표,N,
과학탐구실험2,결과를,1,탐구결과 발표,N,
과학탐구실험2,자료로,1,탐구결과 발표,N,
과학탐구실험2,정리하여,1,탐구결과 발표,N,
과학탐구실험2,청중이,1,탐구결과 발표,N,
과학탐구실험2,이해할,1,탐구결과 발표,N,
과학탐구실험2,있도록,1,탐구결과 발표,N,
과학탐구실험2,효과적으로,1,탐구결과 발표,N,
과학탐구실험2,전달한다,1,탐구결과 발표,N,
과학탐구실험2,자료분석,1,탐구결과 발표,N,
과학탐구실험2,결과해석,1,탐구결과 발표,N,
과학탐구실험2,탐구설계,1,탐구결과 발표,N,
과학탐구실험2,근거제시,1,탐구결과 발표,N,
과학탐구실험2,의사소통,1,탐구결과 발표,N,
과학탐구실험2,전달력,1,탐구결과 발표,N,
과학탐구실험2,개념정확성,1,탐구결과 발표,N,
과학탐구실험2,요소,1,탐구결과 발표,N,
기하,기하,21,AI를 활용한 기하 탐구 프로젝트,N,
기하,과제,14,실생활 관련 문제 해결하기,N,
기하,문제를,12,창의 문제 만들기,N,
기하,내용을,12,창의적 문제 해결,N,
기하,경우,11,창의 문제 만들기,N,
기하,수행평가,11,문제풀이 발표,N,
기하,해결,9,기하학적 문제 해결 과정 분석과 해결 전략 비교‧설명,N,
기하,바탕으로,8,기하학적 문제 해결 과정 분석과 해결 전략 비교‧설명,N,
기하,관련,7,개념확장을 위한 토의토론 참여하기,N,
기하,평가내용,7,탐구 학습,N,
기하,시간에,7,탐구 학습,N,
기하,수업,7,탐구 학습,N,
기하,학습한,6,창의 문제 만들기,N,
기하,해결하고,6,기하학적 문제 해결 과정 분석과 해결 전략 비교‧설명,N,
기하,개념,6,기하학적 문제 해결 과정 분석과 해결 전략 비교‧설명,N,
기하,대한,6,개념확장을 위한 토의토론 참여하기,N,
기하,AI를,5,AI를 활용한 기하 탐구 프로젝트,N,
기하,수학적,5,기하학적 문제 해결 과정 분석과 해결 전략 비교‧설명,N,
기하,학습,5,탐구 학습,N,
기하,수학,5,과제 탐구,N,
기하,프로젝트,4,AI를 활용한 기하 탐구 프로젝트,N,
기하,주제에,4,AI를 활용한 기하 탐구 프로젝트,N,
기하,활용하여,4,AI를 활용한 기하 탐구 프로젝트,N,
기하,분량에,4,AI를 활용한 기하 탐구 프로젝트,N,
기하,맞게,4,AI를 활용한 기하 탐구 프로젝트,N,
기하,정리하였는가,4,AI를 활용한 기하 탐구 프로젝트,N,
기하,12기하01,4,AI를 활용한 기하 탐구 프로젝트,N,
기하,개념과,4,창의 문제 만들기,N,
기하,풀이의,4,창의 문제 만들기,N,
기하,논리적,4,창의 문제 만들기,N,
기하,정확하게,4,기하학적 문제 해결 과정 분석과 해결 전략 비교‧설명,N,
기하,결과에,4,개념확장을 위한 토의토론 참여하기,N,
기하,자기,4,개념확장을 위한 토의토론 참여하기,N,
기하,환류가,4,개념확장을 위한 토의토론 참여하기,N,
기하,있는,4,개념확장을 위한 토의토론 참여하기,N,
기하,자신의,4,실용연구 프로젝트,N,
기하,부여되는,4,탐구 학습,N,
기하,인정,4,탐구 학습,N,
기하,포트폴리오,4,포트폴리오,N,
기하,느낀,4,문제 분석하기,N,
기하,점을,4,문제 분석하기,N,
기하,텐세그리티,4,텐세그리티 구조 탐구 및 실험,N,
기하,주제를,3,AI를 활용한 기하 탐구 프로젝트,N,
기하,적용하여,3,창의 문제 만들기,N,
기하,논리적으로,3,창의 문제 만들기,N,
기하,서술,3,창의 문제 만들기,N,
기하,방식,3,창의 문제 만들기,N,
기하,발문,3,창의 문제 만들기,N,
기하,변형,3,창의 문제 만들기,N,
기하,오류가,3,창의 문제 만들기,N,
대수,대수,45,진로 속에 녹아든 대수 원리 탐구하기,N,
대수,단원,33,포트폴리오,N,
대수,수학적,31,수학적 관점으로 바라보는 세계,N,
대수,수행평가,30,퀴즈1(서술형),N,
대수,수행,29,포트폴리오,N,
대수,대한,25,선형대수학으로 문제해결하기,N,
대수,과제,25,문제 해결 과제,N,
대수,성취도,24,배움 성찰 및 교과서 학습 포트폴리오,N,
대수,수학,23,수학 탐구,N,
대수,성취,20,수학 독서 탐구보고서,N,
대수,주제,19,독서 기반 수학 주제 연구하기,N,
대수,제시된,19,포트폴리오,N,
대수,이해와,18,포트폴리오,N,
대수,프로젝트,17,융합 프로젝트,N,
대수,능력이,17,포트폴리오,N,
대수,분량,17,수학 독서 탐구보고서,N,
대수,해결,16,독서를 통해 인공지능으로 해결할 수 있는 사회문제 찾기,N,
대수,채점,16,포트폴리오,N,
대수,있다,16,발표(프로젝트) 소감문 작성,N,
대수,양식,16,수학 독서 탐구보고서,N,
대수,등의,16,수학 독서 탐구보고서,N,
대수,수준이,16,수학 독서 탐구보고서,N,
대수,경우,16,수학 독서 탐구보고서,N,
대수,개념과,15,독서 기반 수학 주제 연구하기,N,
대수,기준의,15,포트폴리오,N,
대수,성취수준에,15,포트폴리오,N,
대수,평가요소,15,포트폴리오,N,
대수,시기,15,문제 해결 과제,N,
대수,수행능력이,14,포트폴리오,N,
대수,12대수01,14,서․논술형 출제해보기,N,
대수,80,14,서․논술형 출제해보기,N,
대수,개념,13,대수 개념 발표,N,
대수,이상,13,서․논술형 출제해보기,N,
대수,평가내용,13,수학주제탐구활동,N,
대수,전체,12,개념 활용 탐구 보고서,N,
대수,60,12,수학 독서 탐구보고서,N,
대수,미만인,12,수학 독서 탐구보고서,N,
대수,40,12,수학 독서 탐구보고서,N,
대수,초과,12,배움 성찰 및 교과서 학습 포트폴리오,N,
대수,이하,12,배움 성찰 및 교과서 학습 포트폴리오,N,
대수,개념정확성,11,퀴즈1(서술형),N,
대수,종합적인,11,포트폴리오,N,
대수,영역,10,퀴즈1(서술형),N,
대수,문제를,10,수학 문항 연구 및 모범답안 제작하기,N,
대수,관심,10,수학적 관점으로 바라보는 세계,N,
대수,대수의,10,질문 탐구해보기,N,
대수,대수적,10,대수의 눈으로 다시 읽기: 한 권 깊이 탐구 프로젝트,N,
대수,논리전개,9,퀴즈1(서술형),N,
대수,통한,9,수학 구조탐구를 통한 마인드맵 제작하기,N,
대수,문제해결,9,선형대수학으로 문제해결하기,N,
데이터 과학,포트폴리오,4,교사 관찰 및 기록,N,
데이터 과학,감점,4,교사 관찰 및 기록,N,
데이터 과학,20점,4,교사 관찰 및 기록,N,
데이터 과학,평가요소,2,교사 관찰 및 기록,N,
데이터 과학,채점,2,교사 관찰 및 기록,N,
데이터 과학,요소,2,교사 관찰 및 기록,N,
데이터 과학,기대,2,교사 관찰 및 기록,N,
데이터 과학,수행,2,교사 관찰 및 기록,N,
데이터 과학,배점,2,교사 관찰 및 기록,N,
데이터 과학,여부,2,교사 관찰 및 기록,N,
데이터 과학,방식,2,교사 관찰 및 기록,N,
데이터 과학,만점에서,2,교사 관찰 및 기록,N,
데이터 과학,미작성,2,교사 관찰 및 기록,N,
데이터 과학,부분별,2,교사 관찰 및 기록,N,
데이터 과학,1점,2,교사 관찰 및 기록,N,
데이터 과학,시기,2,교사 관찰 및 기록,N,
데이터 과학,6월,2,교사 관찰 및 기록,N,
데이터 과학,교사,1,교사 관찰 및 기록,N,
데이터 과학,기록,1,교사 관찰 및 기록,N,
물리,물리학,131,수업 성찰 기록,N,
물리,수행평가,91,중간 보고서,N,
물리,물리,60,물리 주제 탐구하기,N,
물리,영역,54,중간 보고서,N,
물리,결과해석,54,중간 보고서,N,
물리,개념정확성,53,중간 보고서,N,
물리,과학적,48,물리학 주제 탐구 글쓰기,N,
물리,능력,47,AI활용 물리 시뮬레이션 제작 및 해석,N,
물리,과제,42,과제,N,
물리,수행,42,단진자 운동의 주기 측정 실험,N,
물리,있다,40,현대물리학 실험 2,N,
물리,결과를,37,물리 문제 해결 및 발표하기,N,
물리,근거제시,35,중간 보고서,N,
물리,해결,35,AI활용 물리 시뮬레이션 제작 및 해석,N,
물리,실험을,34,AI활용 물리 시뮬레이션 제작 및 해석,N,
물리,내용을,32,물리 주제 탐구하기,N,
물리,주제,31,물리 주제 탐구하기,N,
물리,변인통제,31,과제,N,
물리,논리전개,30,퀴즈(서술형),N,
물리,평가내용,30,볼록렌즈에 의한 상의 위치와 초점거리 찾기,N,
물리,이해하고,29,"포트폴리오 물리학 교육과정의 지식을 이해하고 이를 정성적, 정량적으로 해석하여 설명할 수",N,
물리,과정을,29,글쓰기 수 보일의 법칙과 샤를의 법칙으로부터 이상기체 상태 방정식을 도출하는 과정을 설명,N,
물리,연구,28,연구 결과물,N,
물리,주제를,28,물리학 주제 탐구 글쓰기,N,
물리,태도,28,단진자 운동의 주기 측정 실험,N,
물리,있는,27,현대물리학 실험 2,N,
물리,관련된,27,물리학 주제 탐구 글쓰기,N,
물리,해석,27,AI활용 물리 시뮬레이션 제작 및 해석,N,
물리,개념,27,전자기학 원리 탐구,N,
물리,경우,26,현대물리학 실험 2,N,
물리,대한,26,AI활용 물리 시뮬레이션 제작 및 해석,N,
물리,개념을,25,AI활용 물리 시뮬레이션 제작 및 해석,N,
물리,올바르게,25,창의적 질문하기,N,
물리,평가한다,24,학교 생활 속 물리적 문제 발견 및 해결 방안 탐구,N,
물리,시기,24,탐구실험 결과 보고서,N,
물리,통해,23,과학 주제 탐구 글쓰기,N,
물리,포트폴리오,23,"포트폴리오 물리학 교육과정의 지식을 이해하고 이를 정성적, 정량적으로 해석하여 설명할 수",N,
물리,활동,22,광학 실험,N,
물리,오차분석,22,과제,N,
물리,문제를,22,전자기학 원리 탐구,N,
물리,자료분석,21,중간 보고서,N,
물리,자료를,21,물리학 주제 탐구 글쓰기,N,
물리,핵심,21,AI활용 물리 시뮬레이션 제작 및 해석,N,
물리,물리적,21,전자기학 원리 탐구,N,
물리,있는가,21,과학관 보고서,N,
물리,학습,20,학습 자료 정리,N,
물리,01,20,물리학 주제 탐구 글쓰기,N,
물리,II,20,운동과 힘의 원리 추론 및 서술,N,
물리,자신의,19,물리 주제 탐구하기,N,
물리,서술,19,물리 주제 탐구하기,N,
물질과 에너지,반응,7,반응 엔탈피와 열화학 반응식 개념탐구,N,
물질과 에너지,개념이해,3,반응 엔탈피와 열화학 반응식 개념탐구,N,
물질과 에너지,문제해결,3,반응 엔탈피와 열화학 반응식 개념탐구,N,
물질과 에너지,자료분석,3,반응 엔탈피와 열화학 반응식 개념탐구,N,
물질과 에너지,실험수행,3,반응 엔탈피와 열화학 반응식 개념탐구,N,
물질과 에너지,의사소통,3,반응 엔탈피와 열화학 반응식 개념탐구,N,
물질과 에너지,협업,3,반응 엔탈피와 열화학 반응식 개념탐구,N,
물질과 에너지,피드백,3,반응 엔탈피와 열화학 반응식 개념탐구,N,
물질과 에너지,헤스의,3,헤스의 법칙 : 탄산 칼슘과 염산의 반응(중화 반응),N,
물질과 에너지,법칙,3,헤스의 법칙 : 탄산 칼슘과 염산의 반응(중화 반응),N,
물질과 에너지,중화,3,헤스의 법칙 : 탄산 칼슘과 염산의 반응(중화 반응),N,
물질과 에너지,엔탈피와,2,반응 엔탈피와 열화학 반응식 개념탐구,N,
물질과 에너지,열화학,2,반응 엔탈피와 열화학 반응식 개념탐구,N,
물질과 에너지,개념탐구,2,반응 엔탈피와 열화학 반응식 개념탐구,N,
물질과 에너지,탄산,2,헤스의 법칙 : 탄산 칼슘과 염산의 반응(중화 반응),N,
물질과 에너지,칼슘과,2,헤스의 법칙 : 탄산 칼슘과 염산의 반응(중화 반응),N,
물질과 에너지,염산의,2,헤스의 법칙 : 탄산 칼슘과 염산의 반응(중화 반응),N,
물질과 에너지,실험탐구,2,헤스 법칙 확인 실험탐구,N,
물질과 에너지,반응식,1,반응 엔탈피와 열화학 반응식 개념탐구,N,
물질과 에너지,반응식을,1,반응 엔탈피와 열화학 반응식 개념탐구,N,
물질과 에너지,주제로,1,반응 엔탈피와 열화학 반응식 개념탐구,N,
물질과 에너지,수행,1,반응 엔탈피와 열화학 반응식 개념탐구,N,
물질과 에너지,헤스,1,헤스 법칙 확인 실험탐구,N,
물질과 에너지,반응으로,1,헤스 법칙 확인 실험탐구,N,
물질과 에너지,법칙을,1,헤스 법칙 확인 실험탐구,N,
물질과 에너지,확인하고,1,헤스 법칙 확인 실험탐구,N,
물질과 에너지,엔탈피를,1,헤스 법칙 확인 실험탐구,N,
물질과 에너지,해석하는,1,헤스 법칙 확인 실험탐구,N,
미적분1,수학적,33,문제해결,N,
미적분1,풀이,28,수학적 의사소통,N,
미적분1,해결,24,연습문제 심화 탐구,N,
미적분1,과정을,20,수학적 의사소통,N,
미적분1,논리적으로,15,수학적 의사소통,N,
미적분1,과정과,14,퀴즈1,N,
미적분1,있다,13,문제해결,N,
미적분1,세부,11,연습문제 심화 탐구,N,
미적분1,과제,11,창의적 과제 해결,N,
미적분1,있는가,11,창의적 과제 해결,N,
미적분1,의사소통,10,수학적 의사소통,N,
미적분1,항목,10,Quiz,N,
미적분1,기호를,10,학적 개념 이해와 의사소통 능력 평가,N,
미적분1,문제를,9,문제해결,N,
미적분1,방법이,9,창의적 과제 해결,N,
미적분1,수업,9,문제해결력 평가,N,
미적분1,용어와,9,학적 개념 이해와 의사소통 능력 평가,N,
미적분1,수학,8,수학 탐구 포트폴리오,N,
미적분1,단원,8,수학적 의사소통,N,
미적분1,발표한,8,수학적 의사소통,N,
미적분1,이해하고,8,수학적 의사소통,N,
미적분1,참조,8,Quiz,N,
미적분1,성질을,8,문제해결력 평가,N,
미적분1,개념과,8,학적 개념 이해와 의사소통 능력 평가,N,
미적분1,사용하여,7,문제해결,N,
미적분1,문제가,7,수학적 의사소통,N,
미적분1,이상,7,수학적 의사소통,N,
미적분1,방법을,7,AI를 활용한 창의적 문제 만들기,N,
미적분1,대한,7,수학적 의사소통,N,
미적분1,시기,7,Quiz,N,
미적분1,개념정확성,7,Quiz,N,
미적분1,활용하여,7,학적 개념 이해와 의사소통 능력 평가,N,
미적분1,과정에,7,학적 개념 이해와 의사소통 능력 평가,N,
미적분1,활동에,7,학적 개념 이해와 의사소통 능력 평가,N,
미적분1,참여하여,7,학적 개념 이해와 의사소통 능력 평가,N,
미적분1,제시된,7,자연상수 에 대한 논술,N,
미적분1,2점,6,연습문제 심화 탐구,N,
미적분1,수학적으로,6,창의적 과제 해결,N,
미적분1,주어진,6,창의적 과제 해결,N,
미적분1,해결하는,6,AI를 활용한 창의적 문제 만들기,N,
미적분1,논리전개,6,Quiz,N,
미적분1,작성할,6,학적 개념 이해와 의사소통 능력 평가,N,
미적분1,표현할,6,학적 개념 이해와 의사소통 능력 평가,N,
미적분1,3점,5,연습문제 심화 탐구,N,
미적분1,경우,5,문제해결,N,
미적분1,없고,5,수학적 의사소통,N,
미적분1,세부적인,5,수학적 의사소통,N,
미적분1,부분까지,5,수학적 의사소통,N,
미적분1,정리하여,5,수학적 의사소통,N,
미적분1,올바른가,5,창의적 과제 해결,N,
생명과학,생명과학,114,실험1,N,
생명과학,수행평가,66,실험1,N,
생명과학,과학적,65,주제 탐구 글쓰기,N,
생명과학,연구,59,보고서,N,
생명과학,세부,49,실험설계 및 과정,N,
생명과학,결과해석,47,실험1,N,
생명과학,항목,46,탐구 발표,N,
생명과학,개념정확성,44,실험1,N,
생명과학,대한,40,주제 탐구 글쓰기,N,
생명과학,경우,40,생명과학 에세이,N,
생명과학,수행,36,생체 메커니즘 탐구 및 발표,N,
생명과학,참조,36,탐구 발표,N,
생명과학,주제,35,주제 탐구 글쓰기,N,
생명과학,있다,33,관심 주제 발표,N,
생명과학,영역,32,실험1,N,
생명과학,시기,30,자유주제탐구,N,
생명과학,과학,30,협력적 프로젝트Ⅰ,N,
생명과학,주제를,29,주제 탐구 글쓰기,N,
생명과학,논리전개,27,주제발표,N,
생명과학,내용을,27,질의응답,N,
생명과학,과제,27,생명과학 진로 연계 탐구 보고서 및 발표,N,
생명과학,단원,26,생명과학 주제 탐구 보고서 작성,N,
생명과학,근거제시,25,주제발표,N,
생명과학,자료를,25,독서 연계 생명공학 기술 스피치,N,
생명과학,해석,24,실험결과,N,
생명과학,평가내용,24,"현미경 사용하여 시료의 선명한 상 찾기, 삼투압 측정실험",N,
생명과학,이해하고,23,주제 탐구 글쓰기,N,
생명과학,이상,23,질의응답,N,
생명과학,의사소통,22,창발적 의사소통,N,
생명과학,논리적으로,22,지속 가능한 미래 도시 설계,N,
생명과학,보고서를,21,지속 가능한 미래 도시 설계,N,
생명과학,개념,20,주제 탐구 글쓰기,N,
생명과학,평가방법,20,탐구 발표,N,
생명과학,제시된,19,주제 탐구 글쓰기,N,
생명과학,해결,19,지속 가능한 미래 도시 설계,N,
생명과학,생명과학의,19,현대 생명과학의 성과 및 학문 간 연계성 발표하기,N,
생명과학,결론,18,작성 연역적 탐구 방법을 활용한 탐구과제 실험에 대한 결론 도출 과정을 설명하,N,
생명과학,과정을,18,작성 연역적 탐구 방법을 활용한 탐구과제 실험에 대한 결론 도출 과정을 설명하,N,
생명과학,있는가,18,지속 가능한 미래 도시 설계,N,
생명과학,핵심,18,독서 발표,N,
생명과학,또는,18,생명과학 탐구설계,N,
생명과학,질문,18,생명과학 자율 주제 심화 탐구,N,
생명과학,능력,18,막을 통한 물질의 이동,N,
생명과학,관련된,17,주제 탐구 글쓰기,N,
생명과학,결론을,17,주제 탐구 글쓰기,N,
생명과학,통해,17,주제 발표 평가 - EPSP와 IPSP 관련 자료 분석을 통해 시간합과 공간합 추론 → 발표,N,
생명과학,심화,17,생명과학 자율 주제 심화 탐구,N,
생명과학,배점,17,현미경 이미지 데이터 분석 탐구,N,
생명과학,미만,17,포트폴리오,N,
생명과학,변인통제,16,실험1,N,
세포와 물질대사,견에,2,견에 대해 과학적 근거를 토대로 제시하는 논술문 작성하기,N,
세포와 물질대사,대해,2,견에 대해 과학적 근거를 토대로 제시하는 논술문 작성하기,N,
세포와 물질대사,과학적,2,견에 대해 과학적 근거를 토대로 제시하는 논술문 작성하기,N,
세포와 물질대사,근거를,2,견에 대해 과학적 근거를 토대로 제시하는 논술문 작성하기,N,
세포와 물질대사,토대로,2,견에 대해 과학적 근거를 토대로 제시하는 논술문 작성하기,N,
세포와 물질대사,제시하는,2,견에 대해 과학적 근거를 토대로 제시하는 논술문 작성하기,N,
세포와 물질대사,논술문,2,견에 대해 과학적 근거를 토대로 제시하는 논술문 작성하기,N,
세포와 물질대사,인포,1,견에 대해 과학적 근거를 토대로 제시하는 논술문 작성하기,N,
세포와 물질대사,그래픽을,1,견에 대해 과학적 근거를 토대로 제시하는 논술문 작성하기,N,
세포와 물질대사,제작,1,견에 대해 과학적 근거를 토대로 제시하는 논술문 작성하기,N,
세포와 물질대사,발표하기,1,견에 대해 과학적 근거를 토대로 제시하는 논술문 작성하기,N,
세포와 물질대사,논술형,1,견에 대해 과학적 근거를 토대로 제시하는 논술문 작성하기,N,
세포와 물질대사,기타유형,1,견에 대해 과학적 근거를 토대로 제시하는 논술문 작성하기,N,
역학과 에너지,원리를,4,역학과에너지 관련 심화 탐구,N,
역학과 에너지,역학과에너지,3,역학과에너지 관련 심화 탐구,N,
역학과 에너지,관련,3,역학과에너지 관련 심화 탐구,N,
역학과 에너지,관련된,3,역학과에너지 관련 심화 탐구,N,
역학과 에너지,개념과,3,역학과에너지 관련 심화 탐구,N,
역학과 에너지,기술의,3,과학 관련 기술 조사하기,N,
역학과 에너지,작동,3,과학 관련 기술 조사하기,N,
역학과 에너지,과학적,3,과학 관련 기술 조사하기,N,
역학과 에너지,심화,2,역학과에너지 관련 심화 탐구,N,
역학과 에너지,역학과에너지와,2,역학과에너지 관련 심화 탐구,N,
역학과 에너지,주제를,2,역학과에너지 관련 심화 탐구,N,
역학과 에너지,방향이,2,역학과에너지 관련 심화 탐구,N,
역학과 에너지,다소,2,역학과에너지 관련 심화 탐구,N,
역학과 에너지,자료를,2,역학과에너지 관련 심화 탐구,N,
역학과 에너지,활용하여,2,역학과에너지 관련 심화 탐구,N,
역학과 에너지,내용을,2,역학과에너지 관련 심화 탐구,N,
역학과 에너지,조사하고,2,역학과에너지 관련 심화 탐구,N,
역학과 에너지,45,2,역학과에너지 관련 심화 탐구,N,
역학과 에너지,조사하기,2,과학 관련 기술 조사하기,N,
역학과 에너지,조사한,2,과학 관련 기술 조사하기,N,
역학과 에너지,연계하여,2,과학 관련 기술 조사하기,N,
역학과 에너지,교과,2,과학 관련 기술 조사하기,N,
역학과 에너지,채점,2,독서탐구,N,
역학과 에너지,적용한,1,역학과에너지 관련 심화 탐구,N,
역학과 에너지,탐구를,1,역학과에너지 관련 심화 탐구,N,
역학과 에너지,실시한다,1,역학과에너지 관련 심화 탐구,N,
역학과 에너지,구체적이고,1,역학과에너지 관련 심화 탐구,N,
역학과 에너지,의미,1,역학과에너지 관련 심화 탐구,N,
역학과 에너지,있는,1,역학과에너지 관련 심화 탐구,N,
역학과 에너지,설정함,1,역학과에너지 관련 심화 탐구,N,
역학과 에너지,20,1,역학과에너지 관련 심화 탐구,N,
역학과 에너지,설정하고,1,역학과에너지 관련 심화 탐구,N,
역학과 에너지,비교적,1,역학과에너지 관련 심화 탐구,N,
역학과 에너지,명확함,1,역학과에너지 관련 심화 탐구,N,
역학과 에너지,15,1,역학과에너지 관련 심화 탐구,N,
역학과 에너지,주제의,1,역학과에너지 관련 심화 탐구,N,
역학과 에너지,적절성,1,역학과에너지 관련 심화 탐구,N,
역학과 에너지,20점,1,역학과에너지 관련 심화 탐구,N,
역학과 에너지,주제는,1,역학과에너지 관련 심화 탐구,N,
역학과 에너지,제시하였으나,1,역학과에너지 관련 심화 탐구,N,
역학과 에너지,구체성이,1,역학과에너지 관련 심화 탐구,N,
역학과 에너지,부족하거나,1,역학과에너지 관련 심화 탐구,N,
역학과 에너지,모호함,1,역학과에너지 관련 심화 탐구,N,
역학과 에너지,10,1,역학과에너지 관련 심화 탐구,N,
역학과 에너지,주제가,1,역학과에너지 관련 심화 탐구,N,
역학과 에너지,불명확하거나,1,역학과에너지 관련 심화 탐구,N,
역학과 에너지,활동과의,1,역학과에너지 관련 심화 탐구,N,
역학과 에너지,관련성이,1,역학과에너지 관련 심화 탐구,N,
역학과 에너지,부족함,1,역학과에너지 관련 심화 탐구,N,
역학과 에너지,다양한,1,역학과에너지 관련 심화 탐구,N,
융합과학 탐구,수행,5,탐구 과정 설계 및 수행,N,
융합과학 탐구,주제,2,탐구 과정 설계 및 수행,N,
융합과학 탐구,목적에,2,탐구 과정 설계 및 수행,N,
융합과학 탐구,적합한,2,탐구 과정 설계 및 수행,N,
융합과학 탐구,과학적,2,탐구 과정 설계 및 수행,N,
융합과학 탐구,연구,2,탐구 과정 설계 및 수행,N,
융합과학 탐구,설계하기,2,탐구 과정 설계 및 수행,N,
융합과학 탐구,변수변인을,2,탐구 과정 설계 및 수행,N,
융합과학 탐구,설정하고,2,탐구 과정 설계 및 수행,N,
융합과학 탐구,검증,2,탐구 과정 설계 및 수행,N,
융합과학 탐구,가능,2,탐구 과정 설계 및 수행,N,
융합과학 탐구,여부,2,탐구 과정 설계 및 수행,N,
융합과학 탐구,확인하기,2,탐구 과정 설계 및 수행,N,
융합과학 탐구,예상되는,2,탐구 과정 설계 및 수행,N,
융합과학 탐구,문제와,2,탐구 과정 설계 및 수행,N,
융합과학 탐구,해결,2,탐구 과정 설계 및 수행,N,
융합과학 탐구,방안,2,탐구 과정 설계 및 수행,N,
융합과학 탐구,고려하기,2,탐구 과정 설계 및 수행,N,
융합과학 탐구,발표하기,2,발표 및 토의,N,
융합과학 탐구,다른,2,발표 및 토의,N,
융합과학 탐구,사람의,2,발표 및 토의,N,
융합과학 탐구,결과에,2,발표 및 토의,N,
융합과학 탐구,대해,2,발표 및 토의,N,
융합과학 탐구,객관적인,2,발표 및 토의,N,
융합과학 탐구,기준으로,2,발표 및 토의,N,
융합과학 탐구,평가하기,2,발표 및 토의,N,
융합과학 탐구,피드백을,2,발표 및 토의,N,
융합과학 탐구,받아들여,2,발표 및 토의,N,
융합과학 탐구,자신의,2,발표 및 토의,N,
융합과학 탐구,개선하기,2,발표 및 토의,N,
융합과학 탐구,토의,1,발표 및 토의,N,
인공지능 기초,지능,4,지능 에이전트 설계하기,N,
인공지능 기초,에이전트,2,지능 에이전트 설계하기,N,
인공지능 기초,설계하기,2,지능 에이전트 설계하기,N,
인공지능 기초,에이전트의,2,지능 에이전트 설계하기,N,
인공지능 기초,기계학습과,2,기계학습과 딥러닝,N,
인공지능 기초,개념과,1,지능 에이전트 설계하기,N,
인공지능 기초,역할을,1,지능 에이전트 설계하기,N,
인공지능 기초,이해하여,1,지능 에이전트 설계하기,N,
인공지능 기초,새로운,1,지능 에이전트 설계하기,N,
인공지능 기초,2점,1,지능 에이전트 설계하기,N,
인공지능 기초,개념을,1,지능 에이전트 설계하기,N,
인공지능 기초,서술하지,1,지능 에이전트 설계하기,N,
인공지능 기초,못함,1,지능 에이전트 설계하기,N,
인공지능 기초,딥러닝,1,기계학습과 딥러닝,N,
인공지능 기초,딥러닝의,1,기계학습과 딥러닝,N,
인공지능 기초,동작원리를,1,기계학습과 딥러닝,N,
인공지능 기초,비교표,1,기계학습과 딥러닝,N,
인공지능 기초,그림으로,1,기계학습과 딥러닝,N,
인공지능 기초,설명하도록,1,기계학습과 딥러닝,N,
인공지능 기초,하고,1,기계학습과 딥러닝,N,
인공지능 기초,여러,1,기계학습과 딥러닝,N,
인공지능 기초,가지,1,기계학습과 딥러닝,N,
인공지능 기초,상황을,1,기계학습과 딥러닝,N,
인공지능 기초,하여,1,기계학습과 딥러닝,N,
인공지능 기초,각각의,1,기계학습과 딥러닝,N,
인공지능 기초,사례에,1,기계학습과 딥러닝,N,
인공지능 기초,대한,1,기계학습과 딥러닝,N,
인공지능 기초,이해도를,1,기계학습과 딥러닝,N,
인공지능 기초,평가한다,1,기계학습과 딥러닝,N,
정보,실습,5,실습 평가,N,
정보,수업,5,실습 평가,N,
정보,설명할,4,자료구조1 자료구조의 특징을 설명할 수 있다.,N,
정보,있다,3,자료구조1 자료구조의 특징을 설명할 수 있다.,N,
정보,학습,3,실습 평가,N,
정보,프로그래밍,3,프로그래밍 단계별 실습 과제 평가,N,
정보,과제,3,프로그래밍 단계별 실습 과제 평가,N,
정보,제작,3,배움 과정 제작 프로젝트,N,
정보,자료구조1,2,자료구조1 자료구조의 특징을 설명할 수 있다.,N,
정보,자료구조의,2,자료구조1 자료구조의 특징을 설명할 수 있다.,N,
정보,특징을,2,자료구조1 자료구조의 특징을 설명할 수 있다.,N,
정보,시간,2,실습 평가,N,
정보,문제를,2,실습 평가,N,
정보,성실하게,2,실습 평가,N,
정보,수행하고,2,실습 평가,N,
정보,주제별로,2,실습 평가,N,
정보,결과를,2,실습 평가,N,
정보,프로젝트,2,데이터 분석 프로젝트 발표하기,N,
정보,발표하기,2,데이터 분석 프로젝트 발표하기,N,
정보,바탕으로,2,데이터 분석 프로젝트 발표하기,N,
정보,주제별,2,프로그래밍 단계별 실습 과제 평가,N,
정보,수행,2,프로그래밍 단계별 실습 과제 평가,N,
정보,여부,2,프로그래밍 단계별 실습 과제 평가,N,
정보,조건에,2,프로그래밍 단계별 실습 과제 평가,N,
정보,맞는,2,프로그래밍 단계별 실습 과제 평가,N,
정보,코드,2,프로그래밍 단계별 실습 과제 평가,N,
정보,구현,2,프로그래밍 단계별 실습 과제 평가,N,
정보,결과의,2,프로그래밍 단계별 실습 과제 평가,N,
정보,정확성,2,프로그래밍 단계별 실습 과제 평가,N,
정보,결과물,2,배움 과정 제작 프로젝트,N,
정보,분류,2,배움 과정 제작 프로젝트,N,
정보,하여,2,배움 과정 제작 프로젝트,N,
정보,정리하기,2,배움 과정 제작 프로젝트,N,
정보,최소,2,배움 과정 제작 프로젝트,N,
정보,능력의,2,배움 과정 제작 프로젝트,N,
정보,기타유형,1,자료구조1 자료구조의 특징을 설명할 수 있다.,N,
정보,자료구조2,1,"자료구조2 선형,비선형자료구조의 프로그램 동작을 설명할 수 있다.",N,
정보,선형,1,"자료구조2 선형,비선형자료구조의 프로그램 동작을 설명할 수 있다.",N,
정보,비선형자료구조의,1,"자료구조2 선형,비선형자료구조의 프로그램 동작을 설명할 수 있다.",N,
정보,프로그램,1,"자료구조2 선형,비선형자료구조의 프로그램 동작을 설명할 수 있다.",N,
정보,동작을,1,"자료구조2 선형,비선형자료구조의 프로그램 동작을 설명할 수 있다.",N,
정보,논술형,1,"자료구조2 선형,비선형자료구조의 프로그램 동작을 설명할 수 있다.",N,
정보,중에,1,실습 평가,N,
정보,주어진,1,실습 평가,N,
정보,자기,1,실습 평가,N,
정보,평가를,1,실습 평가,N,
정보,한다,1,실습 평가,N,
정보,수행도,1,실습 평가,N,
정보,제시된,1,실습 평가,N,
정보,제출했는가,1,실습 평가,N,
지구과학,지구과학,54,편광현미경,N,
지구과학,수행평가,44,편광현미경,N,
지구과학,자료를,41,단열선도 작성 및 대기 상태 분석하기,N,
지구과학,주제,35,과학 주제 탐구 글쓰기,N,
지구과학,과학적,27,지구 구성 물질과 자원에 대해 논술하기,N,
지구과학,주제를,24,팀 발표,N,
지구과학,미참여,24,팀 발표,N,
지구과학,해석,24,포트폴리오,N,
지구과학,12지과,23,지구과학 자율 주제 탐구 보고서,N,
지구과학,내용을,22,독서 및 글쓰기,N,
지구과학,있다,21,지질도 해석하기,N,
지구과학,결과해석,21,편광현미경,N,
지구과학,근거제시,21,지구과학 독서를 활용한 주제탐구,N,
지구과학,과제,21,프로젝트 과제,N,
지구과학,포트폴리오,19,포트폴리오,N,
지구과학,경우,18,지질도 해석하기,N,
지구과학,수업,18,지구과학 독서를 활용한 주제탐구,N,
지구과학,00,18,지구과학 자율 주제 탐구 보고서,N,
지구과학,단열,18,"실험, 실습(구름 발생 실험을 통한 단열 변화 이해)",N,
지구과학,수행,17,팀 발표,N,
지구과학,개념정확성,16,편광현미경,N,
지구과학,대한,16,포트폴리오,N,
지구과학,평가내용,16,심화탐구 보고서,N,
지구과학,적합한,15,심화 자료 분석,N,
지구과학,시기,15,발표 및 토론,N,
지구과학,영역,14,편광현미경,N,
지구과학,주제에,14,창의적 탐구 설계,N,
지구과학,심화,14,심화 자료 분석,N,
지구과학,01,14,지구과학 자율 주제 탐구 보고서,N,
지구과학,대해,13,지구 구성 물질과 자원에 대해 논술하기,N,
지구과학,다양한,13,지구과학 관찰 및 조사 탐구하기,N,
지구과학,보고서를,13,천문탐구 포트폴리오 작성,N,
지구과학,활동,13,창의적 탐구 설계,N,
지구과학,평가요소,13,단열선도 작도 및 해석,N,
지구과학,천문학,13,기상학 및 천문학 연구 동향 분석,N,
지구과학,명확하게,12,창의적 탐구 설계,N,
지구과학,위한,12,심화 자료 분석,N,
지구과학,단원,12,탐구 및 토론,N,
지구과학,정도,12,지구과학적 탐구 및 토론 활동 포트폴리오,N,
지구과학,조사하여,11,지구 구성 물질과 자원에 대해 논술하기,N,
지구과학,작성함,11,과학 주제 탐구 글쓰기,N,
지구과학,결과를,11,천문탐구 포트폴리오 작성,N,
지구과학,연구,11,논문 탐색 및 분석,N,
지구과학,논리전개,11,지구과학 독서를 활용한 주제탐구,N,
지구과학,완성도,11,기상학 및 천문학 연구 동향 분석,N,
지구과학,평가방법,11,발표 및 토론,N,
지구과학,지진파,11,지진파를 이용한 진앙의 위치 찾기,N,
지구과학,II,11,실험 탐구보고서,N,
지구과학,10,10,과학 주제 탐구 글쓰기,N,
지구과학,통해,10,에 대해 온라인 답사를 통해 지질학적 사건과 특징에 대해 조사 및 학습하여 산출 물 제작하기,N,
통합과학1,10통과1,12,과학적 지식 텍스트의 해석 및 논증 능력 통합 평가,N,
통합과학1,활동,9,과학적 지식 텍스트의 해석 및 논증 능력 통합 평가,N,
통합과학1,02,9,과학적 지식 텍스트의 해석 및 논증 능력 통합 평가,N,
통합과학1,01,7,과학적 지식 텍스트의 해석 및 논증 능력 통합 평가,N,
통합과학1,과학,5,과학 탐구 주제 발표하기,N,
통합과학1,통합과학,5,과학독서 활동,N,
통합과학1,수행평가,5,과학독서 활동,N,
통합과학1,능력,4,과학적 지식 텍스트의 해석 및 논증 능력 통합 평가,N,
통합과학1,03,4,과학적 지식 텍스트의 해석 및 논증 능력 통합 평가,N,
통합과학1,해결,4,문제 해결 활동,N,
통합과학1,과제,4,탐구 평가,N,
통합과학1,평가내용,4,탐구 평가,N,
통합과학1,수행,4,탐구 평가,N,
통합과학1,대한,3,향에 대한 자신의 의견을 논술하기,N,
통합과학1,이해력,3,과학적 지식 텍스트의 해석 및 논증 능력 통합 평가,N,
통합과학1,포트폴리오,3,과학적 지식 텍스트의 해석 및 논증 능력 통합 평가,N,
통합과학1,문항,3,융합형 문항 설계 및 토론 활동,N,
통합과학1,퀴즈에서,3,문제 해결 활동,N,
통합과학1,통한,3,판경계 모형 제작 및 지각변동 조사하기,N,
통합과학1,향에,2,향에 대한 자신의 의견을 논술하기,N,
통합과학1,자신의,2,향에 대한 자신의 의견을 논술하기,N,
통합과학1,의견을,2,향에 대한 자신의 의견을 논술하기,N,
통합과학1,논술하기,2,향에 대한 자신의 의견을 논술하기,N,
통합과학1,주제,2,과학 탐구 주제 발표하기,N,
통합과학1,발표하기,2,과학 탐구 주제 발표하기,N,
통합과학1,해석,2,과학적 지식 텍스트의 해석 및 논증 능력 통합 평가,N,
통합과학1,논리적,2,과학적 지식 텍스트의 해석 및 논증 능력 통합 평가,N,
통합과학1,사고력,2,과학적 지식 텍스트의 해석 및 논증 능력 통합 평가,N,
통합과학1,평가요소,2,과학적 지식 텍스트의 해석 및 논증 능력 통합 평가,N,
통합과학1,서술,2,과학적 지식 텍스트의 해석 및 논증 능력 통합 평가,N,
통합과학1,논술,2,과학적 지식 텍스트의 해석 및 논증 능력 통합 평가,N,
통합과학1,구술,2,과학적 지식 텍스트의 해석 및 논증 능력 통합 평가,N,
통합과학1,토의,2,과학적 지식 텍스트의 해석 및 논증 능력 통합 평가,N,
통합과학1,관찰보고서,2,과학적 지식 텍스트의 해석 및 논증 능력 통합 평가,N,
통합과학1,실습,2,과학적 지식 텍스트의 해석 및 논증 능력 통합 평가,N,
통합과학1,04,2,과학적 지식 텍스트의 해석 및 논증 능력 통합 평가,N,
통합과학1,총괄,2,문제 해결 활동,N,
통합과학1,통해,2,문제 해결 활동,N,
통합과학1,과정에서,2,문제 해결 활동,N,
통합과학1,개념을,2,문제 해결 활동,N,
통합과학1,이해하고,2,문제 해결 활동,N,
통합과학1,성취,2,문제 해결 활동,N,
통합과학1,결과를,2,문제 해결 활동,N,
통합과학1,나타냄,2,문제 해결 활동,N,
통합과학1,20,2,문제 해결 활동,N,
통합과학1,과학독서,2,과학독서 활동,N,
통합과학1,도서연구,2,과학독서 활동,N,
통합과학1,완성도,2,과학독서 활동,N,
통합과학1,판경계,2,판경계 모형 제작 및 지각변동 조사하기,N,
통합과학1,모형,2,판경계 모형 제작 및 지각변동 조사하기,N,
통합과학2,채점,2,탐구질문포트폴리오,N,
통합과학2,탐구질문포트폴리오,1,탐구질문포트폴리오,N,
통합과학2,수업,1,탐구질문포트폴리오,N,
통합과학2,내용과,1,탐구질문포트폴리오,N,
통합과학2,관련된,1,탐구질문포트폴리오,N,
통합과학2,주제에,1,탐구질문포트폴리오,N,
통합과학2,대한,1,탐구질문포트폴리오,N,
통합과학2,질문,1,탐구질문포트폴리오,N,
통합과학2,포트폴리오,1,탐구질문포트폴리오,N,
통합과학2,탐구설계,1,탐구질문포트폴리오,N,
통합과학2,근거제시,1,탐구질문포트폴리오,N,
통합과학2,설계타당성,1,탐구질문포트폴리오,N,
통합과학2,완성도,1,탐구질문포트폴리오,N,
통합과학2,개념정확성,1,탐구질문포트폴리오,N,
통합과학2,요소,1,탐구질문포트폴리오,N,
통합사회1,과제,14,사회 현상 분석 스크랩 보고서,N,
통합사회1,통합사회,12,질문 기반의 사회적 가치 탐구,N,
통합사회1,수행평가,12,질문 기반의 사회적 가치 탐구,N,
통합사회1,사회,11,사회문제 탐구를 위한 독서 성장문 쓰기,N,
통합사회1,개념,10,자신이 선정한 교과 내용을 논리적이고 체계적으로 서술하기,N,
통합사회1,개념을,9,자신이 선정한 교과 내용을 논리적이고 체계적으로 서술하기,N,
통합사회1,내용의,8,사회 현상 분석 스크랩 보고서,N,
통합사회1,평가내용,8,관심 분야 여행 계획,N,
통합사회1,능력,7,자신이 선정한 교과 내용을 논리적이고 체계적으로 서술하기,N,
통합사회1,논리성,7,자신이 선정한 교과 내용을 논리적이고 체계적으로 서술하기,N,
통합사회1,포트폴리오,7,통합사회 학습 포트폴리오,N,
통합사회1,대한,6,자신이 선정한 교과 내용을 논리적이고 체계적으로 서술하기,N,
통합사회1,사례를,6,자신이 선정한 교과 내용을 논리적이고 체계적으로 서술하기,N,
통합사회1,학습,6,통합사회 학습 포트폴리오,N,
통합사회1,관심,6,관심 분야 여행 계획,N,
통합사회1,주제에,5,환경지리 주제 논술 환경지리 주제에 대해 그 형성과정을 이해하고 인간 생활과의 관계 설명하기,N,
통합사회1,위한,5,사회문제 탐구를 위한 독서 성장문 쓰기,N,
통합사회1,제시한,5,자신이 선정한 교과 내용을 논리적이고 체계적으로 서술하기,N,
통합사회1,자료나,5,자신이 선정한 교과 내용을 논리적이고 체계적으로 서술하기,N,
통합사회1,자신의,5,윤리적 탐구 글쓰기,N,
통합사회1,논리적으로,5,윤리적 탐구 글쓰기,N,
통합사회1,있는,4,사회문제 탐구를 위한 독서 성장문 쓰기,N,
통합사회1,충분히,4,자신이 선정한 교과 내용을 논리적이고 체계적으로 서술하기,N,
통합사회1,제시함,4,자신이 선정한 교과 내용을 논리적이고 체계적으로 서술하기,N,
통합사회1,활용하여,4,질문 기반의 사회적 가치 탐구,N,
통합사회1,문화에,4,과학기술 문화탐방 일지,N,
통합사회1,창의성,4,과학기술 문화탐방 일지,N,
통합사회1,지역,4,세계지도 및 자료를 활용한 지역 추론 수행평가,N,
통합사회1,문제점,4,지역 공간 변화 탐구 프로젝트,N,
통합사회1,적합성,4,사회 현상 분석 스크랩 보고서,N,
통합사회1,정확성,4,사회 현상 분석 스크랩 보고서,N,
통합사회1,분야,4,관심 분야 여행 계획,N,
통합사회1,여행,4,관심 분야 여행 계획,N,
통합사회1,통해,3,사회문제 탐구를 위한 독서 성장문 쓰기,N,
통합사회1,바탕으로,3,사회문제 탐구를 위한 독서 성장문 쓰기,N,
통합사회1,교과,3,자신이 선정한 교과 내용을 논리적이고 체계적으로 서술하기,N,
통합사회1,내용을,3,자신이 선정한 교과 내용을 논리적이고 체계적으로 서술하기,N,
통합사회1,학습한,3,자신이 선정한 교과 내용을 논리적이고 체계적으로 서술하기,N,
통합사회1,논리적,3,자신이 선정한 교과 내용을 논리적이고 체계적으로 서술하기,N,
통합사회1,글쓰기,3,자신이 선정한 교과 내용을 논리적이고 체계적으로 서술하기,N,
통합사회1,문제에,3,자신이 선정한 교과 내용을 논리적이고 체계적으로 서술하기,N,
통합사회1,이해하지,3,자신이 선정한 교과 내용을 논리적이고 체계적으로 서술하기,N,
통합사회1,사회적,3,질문 기반의 사회적 가치 탐구,N,
통합사회1,활동,3,질문 기반의 사회적 가치 탐구,N,
통합사회1,평가요소,3,질문 기반의 사회적 가치 탐구,N,
통합사회1,현상을,3,교과 핵심 개념 탐구 및 발표 활동1,N,
통합사회1,관련하여,3,과학기술 문화탐방 일지,N,
통합사회1,자료를,3,세계지도 및 자료를 활용한 지역 추론 수행평가,N,
통합사회1,공간,3,지역 공간 변화 탐구 프로젝트,N,
통합사회1,타당성,3,지역 공간 변화 탐구 프로젝트,N,
화학,화학,188,Classical & Quantum Mechanics,N,
화학,수행평가,79,주제 발표,N,
화학,있는가,69,창의적 설계_전기화학 디스커버리 챌린지,N,
화학,개념정확성,60,주제 발표,N,
화학,결과해석,54,주제 발표,N,
화학,과학적,51,문제 해결,N,
화학,영역,47,주제 발표,N,
화학,대한,46,화학 주제 토론·탐구 활동,N,
화학,자료를,42,Classical & Quantum Mechanics,N,
화학,관련된,42,Classical & Quantum Mechanics,N,
화학,내용을,41,Classical & Quantum Mechanics,N,
화학,화학적,41,화학 개념으로 사회 문제 해결하기,N,
화학,해석,39,Classical & Quantum Mechanics,N,
화학,주제,39,주제 발표,N,
화학,있다,38,화학 개념으로 사회 문제 해결하기,N,
화학,경우,34,생활 속 문제 상황에 대한 화학 개념 적용 및 해결방안 탐구,N,
화학,이상,32,화학의 사회·기술적 기여 사례 분석 및 진로 연계 발표,N,
화학,바탕으로,31,Classical & Quantum Mechanics,N,
화학,결과를,30,Classical & Quantum Mechanics,N,
화학,있는,30,"진로독서활동 화학이 응용되고 있는 분야와 화학 이론, 자신의 진로를 연계하여 독서 활동을 한",N,
화학,수행,29,화학실험의 기초,N,
화학,주제를,28,주제 발표,N,
화학,과제,28,과제,N,
화학,실험을,26,Classical & Quantum Mechanics,N,
화학,변인통제,26,실험 1,N,
화학,관련,26,화학 개념으로 사회 문제 해결하기,N,
화학,원리를,25,화학 개념으로 사회 문제 해결하기,N,
화학,작성한,25,생활 속 문제 상황에 대한 화학 개념 적용 및 해결방안 탐구,N,
화학,근거제시,24,주제 발표,N,
화학,바르게,24,문제 해결,N,
화학,평가요소,24,화학 솔루션 포트폴리오,N,
화학,성취도,24,"포트폴리오 평가 (1학기, 2학기)",N,
화학,논리전개,23,주제 발표,N,
화학,학습,23,실생활 활용 사례 화학 탐구 글쓰기,N,
화학,해결,23,문제 해결,N,
화학,보고서를,23,화학실험의 기초,N,
화학,시기,23,전공연계 화학 심층 독서 기반 보고서 평가,N,
화학,자료의,22,화학 교과 내용 포트폴리오 작성하기,N,
화학,심화,21,화학의 사회·기술적 기여 사례 분석 및 진로 연계 발표,N,
화학,완성도,21,자연 현상 속 화학 원리 분석 및 논술,N,
화학,10,21,실험 탐구,N,
화학,논리적으로,20,Classical & Quantum Mechanics,N,
화학,오차분석,20,실험 1,N,
화학,다양한,20,화학 반응의 양적관계 실험 및 결과 해석하기,N,
화학,과정을,20,화학실험의 기초,N,
화학,안전,20,화학실험의 기초,N,
화학,능력,20,창의적 설계_전기화학 디스커버리 챌린지,N,
화학,포트폴리오,20,화학 교과 내용 포트폴리오 작성하기,N,
화학,배점,20,화학 신문 제작,N,
화학,평가내용,20,분자 기술 탐구하기,N,
화학 반응의 세계,있다,6,실험 원리 이해 및 과정 안내,N,
화학 반응의 세계,화학,3,화학 실험 (3회),N,
화학 반응의 세계,안내,2,실험 원리 이해 및 과정 안내,N,
화학 반응의 세계,화학반응의,2,실험 원리 이해 및 과정 안내,N,
화학 반응의 세계,세계,2,실험 원리 이해 및 과정 안내,N,
화학 반응의 세계,수행평가,2,실험 원리 이해 및 과정 안내,N,
화학 반응의 세계,영역,2,실험 원리 이해 및 과정 안내,N,
화학 반응의 세계,이해하고,2,실험 원리 이해 및 과정 안내,N,
화학 반응의 세계,개념정확성,2,실험 원리 이해 및 과정 안내,N,
화학 반응의 세계,결과해석,2,실험 원리 이해 및 과정 안내,N,
화학 반응의 세계,변인통제,2,실험 원리 이해 및 과정 안내,N,
화학 반응의 세계,자료분석,2,실험 원리 이해 및 과정 안내,N,
화학 반응의 세계,텍스트이해,2,실험 원리 이해 및 과정 안내,N,
화학 반응의 세계,해석력,2,실험 원리 이해 및 과정 안내,N,
화학 반응의 세계,3회,2,화학 실험 (3회),N,
화학 반응의 세계,실험의,1,실험 원리 이해 및 과정 안내,N,
화학 반응의 세계,목적과,1,실험 원리 이해 및 과정 안내,N,
화학 반응의 세계,원리를,1,실험 원리 이해 및 과정 안내,N,
화학 반응의 세계,준비,1,실험 원리 이해 및 과정 안내,N,
화학 반응의 세계,과정에,1,실험 원리 이해 및 과정 안내,N,
화학 반응의 세계,참여한다,1,실험 원리 이해 및 과정 안내,N,
화학 반응의 세계,절차와,1,실험 원리 이해 및 과정 안내,N,
화학 반응의 세계,주의,1,실험 원리 이해 및 과정 안내,N,
화학 반응의 세계,사항을,1,실험 원리 이해 및 과정 안내,N,
화학 반응의 세계,설명할,1,실험 원리 이해 및 과정 안내,N,
화학 반응의 세계,진행을,1,실험 원리 이해 및 과정 안내,N,
화학 반응의 세계,지원하고,1,실험 원리 이해 및 과정 안내,N,
화학 반응의 세계,동료,1,실험 원리 이해 및 과정 안내,N,
화학 반응의 세계,학생들의,1,실험 원리 이해 및 과정 안내,N,
화학 반응의 세계,수행을,1,실험 원리 이해 및 과정 안내,N,
화학 반응의 세계,안내할,1,실험 원리 이해 및 과정 안내,N,
화학 반응의 세계,절차를,1,화학 실험 (3회),N,
화학 반응의 세계,정확히,1,화학 실험 (3회),N,
화학 반응의 세계,순서에,1,화학 실험 (3회),N,
화학 반응의 세계,따라,1,화학 실험 (3회),N,
화학 반응의 세계,실험을,1,화학 실험 (3회),N,
화학 반응의 세계,수행할,1,화학 실험 (3회),N,
화학 반응의 세계,안전,1,화학 실험 (3회),N,
화학 반응의 세계,장비를,1,화학 실험 (3회),N,
화학 반응의 세계,올바르게,1,화학 실험 (3회),N,
화학 반응의 세계,사용하며,1,화학 실험 (3회),N,
화학 반응의 세계,물질을,1,화학 실험 (3회),N,
화학 반응의 세계,안전히,1,화학 실험 (3회),N,
화학 반응의 세계,다룰,1,화학 실험 (3회),N,
화학 반응의 세계,데이터를,1,화학 실험 (3회),N,
화학 반응의 세계,분석해,1,화학 실험 (3회),N,
화학 반응의 세계,이론과,1,화학 실험 (3회),N,
화학 반응의 세계,결과를,1,화학 실험 (3회),N,
화학 반응의 세계,비교할,1,화학 실험 (3회),N,
화학 반응의 세계,결과와,1,화학 실험 (3회),N,
확률과 통계,수학적,9,주제 발표,N,
확률과 통계,수행평가,7,주제발표,N,
확률과 통계,항목,7,주제발표,N,
확률과 통계,능력,5,문제해결력,N,
확률과 통계,평가방법,5,문제해결력,N,
확률과 통계,논술,5,문제해결력,N,
확률과 통계,실습,5,문제해결력,N,
확률과 통계,포트폴리오,5,문제해결력,N,
확률과 통계,프로젝트,5,문제해결력,N,
확률과 통계,표현하여,4,주제 발표,N,
확률과 통계,해결과정을,4,주제 발표,N,
확률과 통계,논리적이고,4,주제 발표,N,
확률과 통계,체계적으로,4,주제 발표,N,
확률과 통계,기타,4,문제해결력,N,
확률과 통계,1학기,4,주제발표,N,
확률과 통계,세부,4,실습 과제 해결,N,
확률과 통계,참조,4,실습 과제 해결,N,
확률과 통계,자료분석,4,실습 과제 해결,N,
확률과 통계,결과해석,4,실습 과제 해결,N,
확률과 통계,과정을,3,주제 발표,N,
확률과 통계,용어를,3,주제 발표,N,
확률과 통계,사용하여,3,주제 발표,N,
확률과 통계,다른,3,주제 발표,N,
확률과 통계,아이디어를,3,주제 발표,N,
확률과 통계,전달함,3,주제 발표,N,
확률과 통계,결과를,3,문제해결력,N,
확률과 통계,역량,3,문제해결력,N,
확률과 통계,서술,3,문제해결력,N,
확률과 통계,구술,3,문제해결력,N,
확률과 통계,토의,3,문제해결력,N,
확률과 통계,o조사,3,문제해결력,N,
확률과 통계,관찰보고서,3,문제해결력,N,
확률과 통계,실기,3,문제해결력,N,
확률과 통계,시연,3,문제해결력,N,
확률과 통계,교사,3,문제해결력,N,
확률과 통계,기록,3,문제해결력,N,
확률과 통계,자기평가,3,문제해결력,N,
확률과 통계,동료평가,3,문제해결력,N,
확률과 통계,수학,3,의사소통 능력,N,
확률과 통계,있는,3,의사소통 능력,N,
확률과 통계,단원,3,주제발표,N,
확률과 통계,수업,3,주제발표,N,
확률과 통계,시간,3,주제발표,N,
확률과 통계,5월,3,주제발표,N,
확률과 통계,시기,3,실습 과제 해결,N,
확률과 통계,3학년,3,포트폴리오,N,
확률과 통계,결석,3,논술 로 표현할 수 있는 능력을,N,
확률과 통계,학습,2,주제 발표,N,
확률과 통계,대한,2,주제 발표,N,
확률과 통계,문제해결,2,주제 발표,N,
