subject,task_title,matched_terms,concept_name,generated_title,correct
공통수학1,"방정식과 부등식, 함수와 관련된 일상생활에서 자료를 조사하여 학문 간 경계를 넘는 응용 분야 탐구하기",여러 가지 방정식과 부등식 | 이차방정식과 이차함수 | 복소수와 이차방정식 | 이차방정식 | 이차함수 | 다항식 | 모델링 | 복소수,복소수와 이차방정식,"방정식과 부등식, 함수와 관련된 일상생활에서 자료를 조사하여 학문 간 경계를 넘는 응용 분야 탐구하기의 조건 재구성과 풀이 비교: 함수·모델링·복소수와 이차방정식을 중심으로",
공통수학1,이차함수와 부등식을 활용하여 실생활 문제 해결하기,이차부등식 | 이차함수 | 부등식 | 함수,여러 가지 방정식과 부등식,이차함수와 부등식을 활용하여 실생활 문제 해결하기의 자료·조건 변화를 이차부등식·함수·여러 가지 방정식과 부등식으로 해석하고 판단 기준을 분석,
공통수학1,문제 해결 및 심화 탐구,다항식 | 행렬,다항식의 연산,문제 해결 및 심화 탐구의 조건별 변화를 행렬·다항식의 연산으로 해석하고 결과의 신뢰도와 한계를 분석,
공통수학1,다항식 문제 제작 및 다양한 풀이 완성하기,나머지정리 | 인수분해 | 나머지 | 다항식 | 인수,나머지정리와 인수분해,다항식 문제 제작 및 다양한 풀이 완성하기의 조건별 변화를 나머지정리와 인수분해로 해석하고 결과의 신뢰도와 한계를 분석,
공통수학1,를 탐색하기 제시된 이차함수 식에 대하여 설명하고 그래프를 그리기,이차함수 | 최대 | 최소 | 함수,이차방정식과 이차함수,를 탐색하기 제시된 이차함수 식에 대하여 설명하고 그래프를 그리기의 조건 재구성과 풀이 비교: 최대·최소·함수을 중심으로,
공통수학1,방정식과 부등식 · 경우의 수 문제 만들기,경우의 수 | 부등식,"경우의 수, 순열, 조합","방정식과 부등식 · 경우의 수 문제 만들기의 자료·조건 변화를 경우의 수·경우의 수, 순열, 조합으로 해석하고 판단 기준을 분석",
공통수학1,수학으로 보는 나의 세계,인수,,수학으로 보는 나의 세계의 조건별 변화를 인수로 해석하고 결과의 신뢰도와 한계를 분석,
공통수학1,실생활 연계 수학 유용성 탐구 프로젝트,여러 가지 방정식과 부등식 | 이차방정식과 이차함수 | 이차방정식 | 경우의 수 | 이차함수 | 다항식 | 부등식 | 계수,여러 가지 방정식과 부등식,실생활 연계 수학 유용성 탐구 프로젝트의 자료·조건 변화를 함수·행렬·경우의 수로 해석하고 판단 기준을 분석,
공통수학1,수학을 활용한 실생활 문제 해결하기,경우의 수 | 부등식,"경우의 수, 순열, 조합","수학을 활용한 실생활 문제 해결하기의 조건 재구성과 풀이 비교: 경우의 수·경우의 수, 순열, 조합을 중심으로",
공통수학1,이차함수 세상 돋보기,이차함수 | 함수,이차방정식과 이차함수,이차함수 세상 돋보기의 조건 재구성과 풀이 비교: 함수·이차방정식과 이차함수을 중심으로,
공통수학1,문항 타당도 분석 발표,항등식의 성질 | 나머지정리 | 인수분해 | 나머지 | 다항식 | 항등식 | 인수,나머지정리와 인수분해,문항 타당도 분석 발표의 조건별 변화를 항등식의 성질·나머지정리와 인수분해로 해석하고 결과의 신뢰도와 한계를 분석,
공통수학1,문제제기 기반 문항 개발,항등식의 성질 | 나머지정리 | 인수분해 | 나머지 | 다항식 | 항등식 | 인수,나머지정리와 인수분해,문제제기 기반 문항 개발의 조건별 변화를 항등식의 성질·나머지정리와 인수분해로 해석하고 결과의 신뢰도와 한계를 분석,
공통수학1,수학 문헌을 통한 수학 이론의 탐색과 분석,경우의 수 | 다항식 | 부등식 | 행렬,"경우의 수, 순열, 조합","수학 문헌을 통한 수학 이론의 탐색과 분석의 자료·조건 변화를 행렬·경우의 수·경우의 수, 순열, 조합으로 해석하고 판단 기준을 분석",
공통수학1,"방정식과 부등식, 경우의 수를 활용한 독서 탐구 보고서 작성하기",경우의 수 | 부등식,"경우의 수, 순열, 조합","방정식과 부등식, 경우의 수를 활용한 독서 탐구 보고서 작성하기의 조건 재구성과 풀이 비교: 경우의 수·경우의 수, 순열, 조합을 중심으로",
공통수학1,경우의 수와 행렬과 관련된 자료를 조사하여 실생활 패턴과 응용 분야 탐구하기,경우의 수 | 행렬,"경우의 수, 순열, 조합","경우의 수와 행렬과 관련된 자료를 조사하여 실생활 패턴과 응용 분야 탐구하기의 자료·조건 변화를 행렬·경우의 수·경우의 수, 순열, 조합으로 해석하고 판단 기준을 분석",
공통수학1,개념 이해 및 문제해결과정 서논술형 평가,경우의 수 | 다항식 | 부등식 | 항등식 | 행렬,"경우의 수, 순열, 조합","개념 이해 및 문제해결과정 서논술형 평가을 행렬·경우의 수·경우의 수, 순열, 조합으로 설명하고 적용 조건과 개선 방향을 분석",
공통수학1,정식의 근의공식 구조 탐구,근과 계수의 관계 | 삼차방정식 | 근과 계수 | 다항식 | 계수 | 조합 | 차수,다항식의 연산,정식의 근의공식 구조 탐구의 자료·조건 변화를 계수·차수·다항식의 연산으로 해석하고 판단 기준을 분석,
공통수학1,부등식과 경우의 수 단원의 원리 탐구 및 발표하기,경우의 수 | 부등식 | 순열 | 조합,"경우의 수, 순열, 조합","부등식과 경우의 수 단원의 원리 탐구 및 발표하기을 경우의 수·경우의 수, 순열, 조합으로 설명하고 적용 조건과 개선 방향을 분석",
공통수학1,공학적 도구를 활용한 수학 카드뉴스 제작,부등식,여러 가지 방정식과 부등식,공학적 도구를 활용한 수학 카드뉴스 제작을 여러 가지 방정식과 부등식으로 설명하고 적용 조건과 개선 방향을 분석,
공통수학1,모둠 프로젝트 : 방정식과 부등식 모둠 주제 탐구 활동,부등식,여러 가지 방정식과 부등식,모둠 프로젝트 : 방정식과 부등식 모둠 주제 탐구 활동의 조건별 변화를 여러 가지 방정식과 부등식으로 해석하고 결과의 신뢰도와 한계를 분석,
공통수학2,문제제기 기반 문항 개발,점과 직선 사이의 거리 | 선분의 내분 | 원의 방정식 | 내분점 | 거리 | 내분 | 논리 | 수직,평면좌표와 직선의 방정식,문제제기 기반 문항 개발의 조건별 변화를 점과 직선 사이의 거리·선분의 내분·평면좌표와 직선의 방정식으로 해석하고 결과의 신뢰도와 한계를 분석,
공통수학2,문제해결과정평가,논리,,문제해결과정평가을 논리로 설명하고 적용 조건과 개선 방향을 분석,
공통수학2,도형의 이동의 원리를 알아보고 평행이동과 대칭이동에 관련된 자료를 조사하여 실생활 패턴과 응용 분야 탐구,도형의 이동 | 대칭이동 | 평행이동 | 대칭 | 이동 | 패턴 | 평행,도형의 이동,도형의 이동의 원리를 알아보고 평행이동과 대칭이동에 관련된 자료를 조사하여 실생활 패턴과 응용 분야 탐구의 자료·조건 변화를 대칭이동·평행이동·도형의 이동으로 해석하고 판단 기준을 분석,
공통수학2,정식 수업 콘텐츠 제작,원의 방정식 | 논리 | 직선 | 포함,원의 방정식,정식 수업 콘텐츠 제작의 자료·조건 변화를 원의 방정식으로 해석하고 판단 기준을 분석,
공통수학2,명제의 증명 기법으로 풀어보는 생활 속 문제해결 연구하기,논리 | 명제 | 증명 | 함수,명제,명제의 증명 기법으로 풀어보는 생활 속 문제해결 연구하기의 조건 재구성과 풀이 비교: 논리·증명·함수을 중심으로,
공통수학2,AI와 함께하는 지적탐구,논리,,AI와 함께하는 지적탐구의 자료·조건 변화를 논리로 해석하고 판단 기준을 분석,
공통수학2,수학적 모델링 프로젝트,논리 | 모델링,,수학적 모델링 프로젝트의 자료·조건 변화를 논리·모델링으로 해석하고 판단 기준을 분석,
공통수학2,이해하고 실생활 탐구하기 명제와 조건을 설멸하고 실생활 탐구하기,명제,,이해하고 실생활 탐구하기 명제와 조건을 설멸하고 실생활 탐구하기의 조건 재구성과 풀이 비교: 명제을 중심으로,
공통수학2,수학과제탐구,포함 관계 | 귀류법 | 논리 | 대우 | 명제 | 증명 | 집합 | 포함,명제,수학과제탐구의 조건별 변화를 귀류법·논리·명제로 해석하고 결과의 신뢰도와 한계를 분석,
공통수학2,핵심 질문 논술,논리,,핵심 질문 논술을 논리로 설명하고 적용 조건과 개선 방향을 분석,
공통수학2,자기주도적 수학성장노트,논리,,자기주도적 수학성장노트의 조건 재구성과 풀이 비교: 논리을 중심으로,
공통수학2,구하기 원의 방정식을 설명하고 실생활 탐구하기 제시된 원의 방정식을 설명하고 좌표평면 위에 그리기,원의 방정식 | 좌표평면 | 평행이동 | 이동 | 좌표 | 평행,평면좌표와 직선의 방정식,구하기 원의 방정식을 설명하고 실생활 탐구하기 제시된 원의 방정식을 설명하고 좌표평면 위에 그리기의 조건 재구성과 풀이 비교: 좌표평면·평행·평면좌표와 직선의 방정식을 중심으로,
공통수학2,함수의 관점으로 분석하는 생활 속 패턴 및 응용 분야 탐구하기,논리 | 명제 | 직선 | 집합 | 패턴 | 함수 | 모델링,명제,함수의 관점으로 분석하는 생활 속 패턴 및 응용 분야 탐구하기의 조건 재구성과 풀이 비교: 논리·함수·모델링을 중심으로,
공통수학2,한 증명 적용하기,귀류법 | 결론 | 논리 | 대우 | 명제 | 증명 | 집합,명제,한 증명 적용하기을 귀류법·결론·명제로 설명하고 적용 조건과 개선 방향을 분석,
공통수학2,문항 타당도 분석 발표,점과 직선 사이의 거리 | 선분의 내분 | 원의 방정식 | 내분점 | 거리 | 내분 | 논리 | 수직,평면좌표와 직선의 방정식,문항 타당도 분석 발표의 조건별 변화를 점과 직선 사이의 거리·선분의 내분·평면좌표와 직선의 방정식으로 해석하고 결과의 신뢰도와 한계를 분석,
공통수학2,함수와 그래프 문제만들기,논리 | 함수,,함수와 그래프 문제만들기의 자료·조건 변화를 논리·함수로 해석하고 판단 기준을 분석,
공통수학2,함수 구분하고 그래프 그리기,무리함수 그래프 | 유리함수 그래프 | 무리함수 | 유리함수 | 점근선 | 함수,유리함수와 무리함수,함수 구분하고 그래프 그리기을 무리함수 그래프·유리함수 그래프·유리함수와 무리함수로 설명하고 적용 조건과 개선 방향을 분석,
공통수학2,심화 개념 탐구보고서,논리,,심화 개념 탐구보고서의 조건 재구성과 풀이 비교: 논리을 중심으로,
과학과제 연구,연구 계획서,탐구 설계,가설 설정과 탐구 설계,연구 계획서을 가설 설정과 탐구 설계로 설명하고 적용 조건과 개선 방향을 분석,
과학과제 연구,연구 활동 이해 및 수행 능력,자료 해석 | 정확성 | 해석,자료 수집·분석·결론 도출,연구 활동 이해 및 수행 능력의 조건별 변화를 해석·자료 수집·분석·결론 도출로 해석하고 결과의 신뢰도와 한계를 분석,
과학과제 연구,나만의 과학 연구 프로젝트 설계,참고 문헌,탐구 보고서 작성,나만의 과학 연구 프로젝트 설계의 조건 재구성과 풀이 비교: 참고 문헌·탐구 보고서 작성을 중심으로,
과학과제 연구,중간 발표,탐구 설계,가설 설정과 탐구 설계,중간 발표을 가설 설정과 탐구 설계로 설명하고 적용 조건과 개선 방향을 분석,
과학과제 연구,논문 작성법 탐구,참고 문헌,탐구 보고서 작성,논문 작성법 탐구의 조건별 변화를 참고 문헌·탐구 보고서 작성으로 해석하고 결과의 신뢰도와 한계를 분석,
과학과제 연구,주제별 연구 논문 비교 분석 세미나,데이터 | 해석,자료 수집·분석·결론 도출,주제별 연구 논문 비교 분석 세미나의 자료·조건 변화를 해석·자료 수집·분석·결론 도출로 해석하고 판단 기준을 분석,
과학과제 연구,최종 발표,탐구 설계,가설 설정과 탐구 설계,최종 발표을 가설 설정과 탐구 설계로 설명하고 적용 조건과 개선 방향을 분석,
과학과제 연구,연구 설계 및 계획서,문제 해결 | 연구 윤리 | 결론 | 변인 | 해석,자료 수집·분석·결론 도출,연구 설계 및 계획서의 조건별 변화를 해석·자료 수집·분석·결론 도출로 해석하고 결과의 신뢰도와 한계를 분석,
과학과제 연구,연구 수행 및 결과 보고서,과학적 근거 | 문제 해결 | 연구 윤리 | 가설 | 결론 | 변인 | 해석,가설 설정과 탐구 설계,연구 수행 및 결과 보고서의 조건별 변화를 변인·가설 설정과 탐구 설계로 해석하고 결과의 신뢰도와 한계를 분석,
과학과제 연구,연구 결과 발표,탐구 방법 | 협력,,연구 결과 발표의 조건별 변화를 탐구 방법·협력으로 해석하고 결과의 신뢰도와 한계를 분석,
과학과제 연구,연구 보고서,정확성 | 표준 | 해석,과학의 단위 및 도량형의 역사 추적하기,연구 보고서의 조건별 변화를 정확성·표준·과학의 단위 및 도량형의 역사 추적하기로 해석하고 결과의 신뢰도와 한계를 분석,
과학과제 연구,보고서,탐구 설계,가설 설정과 탐구 설계,보고서을 가설 설정과 탐구 설계로 설명하고 적용 조건과 개선 방향을 분석,
과학과제 연구,발표 및 성찰 보고서,가설 | 결론,,발표 및 성찰 보고서의 자료·조건 변화를 가설·결론으로 해석하고 판단 기준을 분석,
과학과제 연구,과학적 탐구 및 상호작용,탐구 설계,가설 설정과 탐구 설계,과학적 탐구 및 상호작용을 가설 설정과 탐구 설계로 설명하고 적용 조건과 개선 방향을 분석,
과학과제 연구,연구 프로젝트 수행 및 결과 발표,데이터 수집 | 참고 문헌 | 데이터 | 해석,첨단 센서와 디지털 정보 탐구,연구 프로젝트 수행 및 결과 발표의 조건 재구성과 풀이 비교: 데이터 수집·첨단 센서와 디지털 정보 탐구을 중심으로,
과학탐구실험1,포트폴리오 평가,변인,가설 설정과 탐구 설계,포트폴리오 평가의 조건별 변화를 변인·가설 설정과 탐구 설계로 해석하고 결과의 신뢰도와 한계를 분석,
과학탐구실험1,뉴턴 프리즘 실험을 통한 빛의 분산 원리 탐구 및 결과 분석,탐구 절차 | 프리즘 | 뉴턴 | 분산 | 절차,손전등을 이용하여 뉴턴의 프리즘 실험 구현하기,뉴턴 프리즘 실험을 통한 빛의 분산 원리 탐구 및 결과 분석의 조건별 변화를 분산·손전등을 이용하여 뉴턴의 프리즘 실험 구현하기로 해석하고 결과의 신뢰도와 한계를 분석,
과학탐구실험1,한반도 기후 변화 추세 분석,기후 변화 | 사회 | 해석,자료 수집·분석·결론 도출,한반도 기후 변화 추세 분석의 조건 재구성과 풀이 비교: 해석·기후 변화·자료 수집·분석·결론 도출을 중심으로,
과학탐구실험1,실험평가,탐구 설계 | 해석,가설 설정과 탐구 설계,실험평가의 조건별 변화를 가설 설정과 탐구 설계로 해석하고 결과의 신뢰도와 한계를 분석,
과학탐구실험1,자유 낙하 운동(실험·실습),과학의 본성 | 결론 도출 | 낙하 운동 | 결론 | 해석 | 협력,자료 수집·분석·결론 도출,자유 낙하 운동(실험·실습)의 조건별 변화를 해석·자료 수집·분석·결론 도출로 해석하고 결과의 신뢰도와 한계를 분석,
과학탐구실험1,주기율표와 규칙성(실험·실습),과학의 본성 | 주기율표 | 규칙성 | 원소 | 협력,멘델레예프의 주기율표 만들기,주기율표와 규칙성(실험·실습)의 조건별 변화를 규칙성·원소·멘델레예프의 주기율표 만들기로 해석하고 결과의 신뢰도와 한계를 분석,
과학탐구실험1,자연사박물관에서 지구의 역사 알아보기,귀납적 탐구 | 탐구 방법,,자연사박물관에서 지구의 역사 알아보기의 자료·조건 변화를 귀납적 탐구·탐구 방법으로 해석하고 판단 기준을 분석,
과학탐구실험1,빛의 스펙트럼 관찰하기,해석,자료 수집·분석·결론 도출,빛의 스펙트럼 관찰하기의 조건별 변화를 해석·자료 수집·분석·결론 도출로 해석하고 결과의 신뢰도와 한계를 분석,
과학탐구실험1,개발하고 공연,과학 마술 | 시나리오 | 화학 반응 | 색 변화 | 지시약,화학 반응을 활용한 과학 마술 시나리오 개발 및 시연하기,개발하고 공연의 조건별 변화를 색 변화·지시약·화학 반응을 활용한 과학 마술 시나리오 개발 및 시연하기로 해석하고 결과의 신뢰도와 한계를 분석,
과학탐구실험1,포물선 운동 실험하기 질량이 다른 물체의 낙하 운동을 이해하고 대각선 위로 던진 물체의 포물선,질량이 다른 물체 | 낙하 운동 | 단위,갈릴레이의 경사면 실험과 낙하 운동,포물선 운동 실험하기 질량이 다른 물체의 낙하 운동을 이해하고 대각선 위로 던진 물체의 포물선의 조건별 변화를 질량이 다른 물체·갈릴레이의 경사면 실험과 낙하 운동으로 해석하고 결과의 신뢰도와 한계를 분석,
과학탐구실험1,화학(실험),정확성 | 변인 | 해석,가설 설정과 탐구 설계,화학(실험)의 조건별 변화를 변인·가설 설정과 탐구 설계로 해석하고 결과의 신뢰도와 한계를 분석,
과학탐구실험1,과학의 본성 탐구하기,과학의 본성 | 갈릴레이 | 과학사,우리 선조들의 과학 기술 발전 사례 찾기,과학의 본성 탐구하기의 조건별 변화를 과학의 본성·우리 선조들의 과학 기술 발전 사례 찾기로 해석하고 결과의 신뢰도와 한계를 분석,
과학탐구실험1,갈릴레이 경사면 실험을 통한 낙하 운동의 시간-거리 관계 탐구,경사면 실험 | 갈릴레이 | 낙하 운동 | 탐구 목적 | 경사면,갈릴레이의 경사면 실험과 낙하 운동,갈릴레이 경사면 실험을 통한 낙하 운동의 시간-거리 관계 탐구의 조건별 변화를 갈릴레이의 경사면 실험과 낙하 운동으로 해석하고 결과의 신뢰도와 한계를 분석,
과학탐구실험1,관측자료 기반 한반도 기후변화 경향성 탐구,관측 자료 | 기후 변화 | 탐구 목적 | 관측 | 해석,관측 자료(빅데이터)를 활용하여 한반도의 기후 변화 경향성 파악하기,관측자료 기반 한반도 기후변화 경향성 탐구의 조건별 변화를 기후 변화·관측 자료(빅데이터)를 활용하여 한반도의 기후 변화 경향성 파악하기로 해석하고 결과의 신뢰도와 한계를 분석,
과학탐구실험1,빛의 본질 탐구 활동 / 뉴턴의 결정적 실험 구현,뉴턴,,빛의 본질 탐구 활동 / 뉴턴의 결정적 실험 구현의 조건별 변화를 뉴턴으로 해석하고 결과의 신뢰도와 한계를 분석,
과학탐구실험1,데이터 기반의 과학적 자료 분석하기,해석,자료 수집·분석·결론 도출,데이터 기반의 과학적 자료 분석하기의 조건별 변화를 해석·자료 수집·분석·결론 도출로 해석하고 결과의 신뢰도와 한계를 분석,
과학탐구실험1,앙부일구 원리 탐구하기,앙부일구 | 변인 | 해석,가설 설정과 탐구 설계,앙부일구 원리 탐구하기의 조건별 변화를 변인·가설 설정과 탐구 설계로 해석하고 결과의 신뢰도와 한계를 분석,
과학탐구실험1,환경 변화 지표 해석을 통한 생물 반응 분석,관측 자료 | 관측 | 시연 | 해석,자료 수집·분석·결론 도출,환경 변화 지표 해석을 통한 생물 반응 분석의 조건별 변화를 해석·자료 수집·분석·결론 도출로 해석하고 결과의 신뢰도와 한계를 분석,
과학탐구실험1,물리(과학 글쓰기),정확성 | 변인 | 해석,가설 설정과 탐구 설계,물리(과학 글쓰기)의 조건별 변화를 변인·가설 설정과 탐구 설계로 해석하고 결과의 신뢰도와 한계를 분석,
과학탐구실험1,우리 주변에서 천연 항생물질 찾기,디스크 확산법 | 천연 항생물질 | 해석,우리 주변에서 천연 항생물질 찾기,우리 주변에서 천연 항생물질 찾기의 조건별 변화를 디스크 확산법·우리 주변에서 천연 항생물질 찾기로 해석하고 결과의 신뢰도와 한계를 분석,
과학탐구실험2,탐구 보고서,안전,,탐구 보고서의 조건별 변화를 안전으로 해석하고 결과의 신뢰도와 한계를 분석,
과학탐구실험2,탐구설계,안전,,탐구설계의 조건별 변화를 안전으로 해석하고 결과의 신뢰도와 한계를 분석,
과학탐구실험2,연구윤리의식 알아보기,연구 윤리 | 안전,우주 개발 사례 조사를 통해 과학 기술의 발전 방향 평가하기,연구윤리의식 알아보기의 조건별 변화를 연구 윤리·안전·우주 개발 사례 조사를 통해 과학 기술의 발전 방향 평가하기로 해석하고 결과의 신뢰도와 한계를 분석,
과학탐구실험2,생활 속 과학의 유용성 알아보기,과학의 유용성 | 유용성,,생활 속 과학의 유용성 알아보기의 조건별 변화를 과학의 유용성으로 해석하고 결과의 신뢰도와 한계를 분석,
과학탐구실험2,원리 알아보기 건축물에 적용된 내진설계에 대해 알아보고,내진 설계 | 구조물,내진 설계와 구조 안정성 탐구,원리 알아보기 건축물에 적용된 내진설계에 대해 알아보고의 조건별 변화를 내진 설계와 구조 안정성 탐구로 해석하고 결과의 신뢰도와 한계를 분석,
과학탐구실험2,탐구수행,안전,,탐구수행의 조건별 변화를 안전으로 해석하고 결과의 신뢰도와 한계를 분석,
과학탐구실험2,탐구노트,안전,,탐구노트의 조건별 변화를 안전으로 해석하고 결과의 신뢰도와 한계를 분석,
기하,독서 칼럼 쓰기,공간도형,,독서 칼럼 쓰기의 자료·조건 변화를 공간도형으로 해석하고 판단 기준을 분석,
기하,수학적 문제 해결,접선의 방정식 | 직선의 방정식 | 평면의 방정식 | 구의 방정식 | 벡터의 내적 | 삼수선 정리 | 위치벡터 | 이차곡선,이차곡선과 자취 해석,수학적 문제 해결을 쌍곡선·포물선·벡터로 설명하고 적용 조건과 개선 방향을 분석,
기하,이차곡선의 성질과 실생활에의 활용을 탐구하여 발표하기,이차곡선,,이차곡선의 성질과 실생활에의 활용을 탐구하여 발표하기의 조건 재구성과 풀이 비교: 이차곡선을 중심으로,
기하,작도를 통해 이차곡선의 특징과 정의를 이해하고 방정식 유도,이차곡선 | 쌍곡선 | 포물선 | 타원,이차곡선과 자취 해석,작도를 통해 이차곡선의 특징과 정의를 이해하고 방정식 유도의 조건 재구성과 풀이 비교: 쌍곡선·포물선·이차곡선과 자취 해석을 중심으로,
기하,진로 속 벡터 탐구,평면벡터 | 벡터 | 평면,평면벡터와 벡터의 연산,진로 속 벡터 탐구의 조건 재구성과 풀이 비교: 벡터·평면벡터와 벡터의 연산을 중심으로,
기하,학습과정 평가,벡터의 연산 | 공간도형 | 이차곡선 | 벡터 | 연산,평면벡터와 벡터의 연산,학습과정 평가의 조건별 변화를 벡터·평면벡터와 벡터의 연산으로 해석하고 결과의 신뢰도와 한계를 분석,
기하,이차곡선 탐구 활동,이차곡선,,이차곡선 탐구 활동을 이차곡선으로 설명하고 적용 조건과 개선 방향을 분석,
기하,이차곡선과 벡터의 문제해결(서・논술형),접선의 방정식 | 벡터의 덧셈 | 위치 관계 | 이차곡선 | 점의 좌표 | 축의 길이 | 꼭짓점 | 실수배,이차곡선과 자취 해석,이차곡선과 벡터의 문제해결(서・논술형)의 조건 재구성과 풀이 비교: 쌍곡선·점근선·벡터을 중심으로,
기하,기하 탐구 발표,공간도형 | 이차곡선 | 벡터,평면벡터와 벡터의 연산,기하 탐구 발표의 조건 재구성과 풀이 비교: 벡터·평면벡터와 벡터의 연산을 중심으로,
기하,평면벡터의 심화 응용 보고서 작성하기,평면벡터 | 벡터 | 평면,평면벡터와 벡터의 연산,평면벡터의 심화 응용 보고서 작성하기의 조건 재구성과 풀이 비교: 벡터·평면벡터와 벡터의 연산을 중심으로,
기하,"공학 도구를 활용한 포물선, 타원, 쌍곡선 작도",쌍곡선 | 포물선 | 타원,이차곡선과 자취 해석,"공학 도구를 활용한 포물선, 타원, 쌍곡선 작도의 조건별 변화를 쌍곡선·포물선·이차곡선과 자취 해석으로 해석하고 결과의 신뢰도와 한계를 분석",
기하,책으로 읽는 기하,공간 좌표 | 공간도형 | 이차곡선 | 포물선 | 좌표,이차곡선과 자취 해석,책으로 읽는 기하의 조건 재구성과 풀이 비교: 포물선·이차곡선과 자취 해석을 중심으로,
기하,주변 현상 속 이차곡선의 대수적 탐구 및 모델링,접선의 방정식 | 이차곡선 | 접선 | 모델링,이차곡선의 접선의 방정식,주변 현상 속 이차곡선의 대수적 탐구 및 모델링의 조건 재구성과 풀이 비교: 모델링·이차곡선의 접선의 방정식을 중심으로,
기하,이차곡선으로 랜드마크 설계하고 탐구하기,이차곡선,,이차곡선으로 랜드마크 설계하고 탐구하기의 조건 재구성과 풀이 비교: 이차곡선을 중심으로,
기하,기하학적 원리에 대한 심화 탐색,이차곡선 | 포물선 | 타원,이차곡선과 자취 해석,기하학적 원리에 대한 심화 탐색의 조건 재구성과 풀이 비교: 포물선·타원·이차곡선과 자취 해석을 중심으로,
기하,이차곡선 에 대한 문항 제작 및 풀이하기,이차곡선 | 쌍곡선 | 포물선 | 타원,이차곡선과 자취 해석,이차곡선 에 대한 문항 제작 및 풀이하기의 조건 재구성과 풀이 비교: 쌍곡선·포물선·이차곡선과 자취 해석을 중심으로,
기하,수학일기 활동평가,벡터의 내적 | 이차곡선 | 포물선 | 내적 | 벡터,이차곡선과 자취 해석,수학일기 활동평가의 조건별 변화를 포물선·벡터·이차곡선과 자취 해석으로 해석하고 결과의 신뢰도와 한계를 분석,
기하,성찰노트 작성하기,중심,,성찰노트 작성하기을 중심으로 설명하고 적용 조건과 개선 방향을 분석,
기하,실제문제 설정과 기하학적 모델링 탐구 보고서 작성,평면의 방정식 | 거리 | 벡터 | 좌표 | 직선 | 평면 | 모델링,평면벡터와 벡터의 연산,실제문제 설정과 기하학적 모델링 탐구 보고서 작성의 조건 재구성과 풀이 비교: 좌표·벡터·모델링을 중심으로,
기하,벡터 에 대한 문항 제작 및 풀이하기,구의 방정식 | 벡터의 내적 | 벡터의 덧셈 | 벡터의 성분 | 벡터의 연산 | 위치벡터 | 평면벡터 | 실수배,평면벡터와 벡터의 연산,벡터 에 대한 문항 제작 및 풀이하기의 조건 재구성과 풀이 비교: 벡터의 덧셈·위치벡터·평면벡터와 벡터의 연산을 중심으로,
대수,문제해결과정 서술하기 2,등비수열 | 등차수열 | 일반항 | 수열 | 지수 | 함수,등차수열과 등비수열,문제해결과정 서술하기 2의 조건 재구성과 풀이 비교: 일반항·함수·수열을 중심으로,
대수,지수로그 오류 수정 및 삼각함수 문항 재구성 논술하기,로그함수 | 지수함수 | 로그 | 지수 | 함수,로그함수의 뜻과 그래프,지수로그 오류 수정 및 삼각함수 문항 재구성 논술하기의 조건 재구성과 풀이 비교: 함수·로그함수의 뜻과 그래프을 중심으로,
대수,대수 심화 탐구 프로젝트,로그함수 | 지수함수 | 로그 | 수열 | 지수 | 함수,로그함수의 뜻과 그래프,대수 심화 탐구 프로젝트의 자료·조건 변화를 함수·수열·로그함수의 뜻과 그래프로 해석하고 판단 기준을 분석,
대수,대수적 데이터 패턴 분석,패턴,,대수적 데이터 패턴 분석의 조건 재구성과 풀이 비교: 패턴을 중심으로,
대수,지수ㆍ로그ㆍ삼각함수 문제해결 스토리보드 작성,로그 | 지수 | 함수,로그의 뜻과 성질,지수ㆍ로그ㆍ삼각함수 문제해결 스토리보드 작성의 조건 재구성과 풀이 비교: 함수·로그의 뜻과 성질을 중심으로,
대수,포트폴리오 : 수업 중 작성한 활동지의 완성도 평가,로그함수 | 지수함수 | 로그 | 수열 | 지수 | 함수,로그함수의 뜻과 그래프,포트폴리오 : 수업 중 작성한 활동지의 완성도 평가의 자료·조건 변화를 함수·수열·로그함수의 뜻과 그래프로 해석하고 판단 기준을 분석,
대수,문제해결과정 서술하기 1,거듭제곱과 거듭제곱근 | 로그의 뜻과 성질 | 거듭제곱근 | 거듭제곱 | 로그함수 | 상용로그 | 지수법칙 | 지수함수,거듭제곱과 거듭제곱근,문제해결과정 서술하기 1의 조건 재구성과 풀이 비교: 지수·함수·거듭제곱과 거듭제곱근을 중심으로,
대수,핵심 문항 분석 및 조건 변형을 통한 수학적 모델 재구성,로그함수 | 지수함수 | 로그 | 수열 | 지수 | 함수,로그함수의 뜻과 그래프,핵심 문항 분석 및 조건 변형을 통한 수학적 모델 재구성의 조건별 변화를 함수·수열·로그함수의 뜻과 그래프로 해석하고 결과의 신뢰도와 한계를 분석,
대수,핵심 개념 기반의 서술형 문제 해결 및 풀이 과정의 논리 성 평가,로그함수 | 지수함수 | 로그 | 수열 | 지수 | 함수,로그함수의 뜻과 그래프,핵심 개념 기반의 서술형 문제 해결 및 풀이 과정의 논리 성 평가의 자료·조건 변화를 함수·수열·로그함수의 뜻과 그래프로 해석하고 판단 기준을 분석,
대수,학습과정 평가,수학적 귀납법 | 로그의 성질 | 로그함수 | 수열의 합 | 지수함수 | 로그 | 수열 | 증명,수학적 귀납법,학습과정 평가의 조건별 변화를 증명·함수·수열로 해석하고 결과의 신뢰도와 한계를 분석,
대수,지수함수와 로그함수 개념 논술,로그의 성질 | 지수의 확장 | 거듭제곱 | 로그함수 | 지수함수 | 로그 | 지수 | 함수,로그의 뜻과 성질,지수함수와 로그함수 개념 논술을 로그의 성질·함수·로그의 뜻과 성질로 설명하고 적용 조건과 개선 방향을 분석,
대수,함수수열 문제해결과정 작성 활동 ·,수열 | 함수,등차수열과 등비수열,함수수열 문제해결과정 작성 활동 ·을 함수·수열·등차수열과 등비수열로 설명하고 적용 조건과 개선 방향을 분석,
대수,개념 이해 및 문제해결과정 서논술형 평가,로그함수 | 지수함수 | 로그 | 수열 | 지수 | 함수,로그함수의 뜻과 그래프,개념 이해 및 문제해결과정 서논술형 평가을 함수·수열·로그함수의 뜻과 그래프로 설명하고 적용 조건과 개선 방향을 분석,
대수,선형대수를 활용한 프로그램 포트폴리오,로그,로그의 뜻과 성질,선형대수를 활용한 프로그램 포트폴리오을 로그의 뜻과 성질로 설명하고 적용 조건과 개선 방향을 분석,
대수,탐구&융합 활동,등차수열과 등비수열 | 수학적 귀납법 | 등비수열 | 등차수열 | 로그함수 | 수열의 합 | 지수함수 | 로그,등차수열과 등비수열,탐구&융합 활동을 함수·수열·등차수열과 등비수열로 설명하고 적용 조건과 개선 방향을 분석,
대수,"생활 속 지수ㆍ로그ㆍ삼각함수, 수열 탐구하기",로그 | 수열 | 지수 | 함수,등차수열과 등비수열,"생활 속 지수ㆍ로그ㆍ삼각함수, 수열 탐구하기의 자료·조건 변화를 함수·수열·등차수열과 등비수열로 해석하고 판단 기준을 분석",
대수,팀별 발표(프로젝트),로그함수 | 로그 | 수열 | 지수 | 함수,로그함수의 뜻과 그래프,팀별 발표(프로젝트)의 조건 재구성과 풀이 비교: 함수·수열·로그함수의 뜻과 그래프을 중심으로,
대수,수학탐구기록1,지수,,수학탐구기록1의 자료·조건 변화를 지수로 해석하고 판단 기준을 분석,
대수,수열의 논리적 사고 과정 포트폴리오 기록하기,수열,등차수열과 등비수열,수열의 논리적 사고 과정 포트폴리오 기록하기의 조건 재구성과 풀이 비교: 수열·등차수열과 등비수열을 중심으로,
대수,수학 독서 활동: 대수적 사고의 확장,로그함수 | 지수함수 | 로그 | 수열 | 지수 | 함수,로그함수의 뜻과 그래프,수학 독서 활동: 대수적 사고의 확장의 조건 재구성과 풀이 비교: 함수·수열·로그함수의 뜻과 그래프을 중심으로,
데이터 과학,데이터 수집 및 전처리 과정 설계하기,데이터,,데이터 수집 및 전처리 과정 설계하기의 자료·조건 변화를 데이터로 해석하고 판단 기준을 분석,
데이터 과학,수업산출물,자료 분석,자료와 정보의 분석,수업산출물의 자료·조건 변화를 자료 분석·자료와 정보의 분석으로 해석하고 판단 기준을 분석,
데이터 과학,데이터 분석 및 모델 구현하기,문제 해결 | 알고리즘 | 데이터 | 모델,알고리즘 설계와 분석,데이터 분석 및 모델 구현하기의 조건 재구성과 풀이 비교: 알고리즘·알고리즘 설계와 분석을 중심으로,
데이터 과학,데이터 분석 및 모델링 보고서,문제 해결 | 사회 변화 | 데이터 | 모델링 | 시각화 | 모델 | 탐색 | 판단,자료와 정보의 분석,데이터 분석 및 모델링 보고서의 조건별 변화를 문제 해결·시각화·모델링으로 해석하고 결과의 신뢰도와 한계를 분석,
데이터 과학,수집한 데이터의 속성을 파악하고 데이터를 전처리하고 문제 해결에 적합한 방법으로 시각화하여 결과를 해석한다.,문제 해결 | 데이터 | 시각화,자료와 정보의 분석,수집한 데이터의 속성을 파악하고 데이터를 전처리하고 문제 해결에 적합한 방법으로 시각화하여 결과를 해석한다.의 자료·조건 변화를 문제 해결·시각화·자료와 정보의 분석으로 해석하고 판단 기준을 분석,
데이터 과학,공공데이터 분석 프로젝트,데이터 | 시각화 | 변수 | 탐색 | 함수,자료와 정보의 분석,공공데이터 분석 프로젝트의 자료·조건 변화를 시각화·탐색·함수로 해석하고 판단 기준을 분석,
데이터 과학,데이터 분석을 통한 실생활 문제 해결하기,문제 해결 | 알고리즘 | 데이터 | 시각화 | AI | 모델 | 변수 | 분포,자료와 정보의 분석,데이터 분석을 통한 실생활 문제 해결하기의 조건 재구성과 풀이 비교: 문제 해결·시각화·알고리즘을 중심으로,
데이터 과학,데이터 분석 과정 탐구하기,분석 과정 | 데이터 | 정보 | 탐색 | 데이터 처리,자료와 정보의 분석,데이터 분석 과정 탐구하기의 자료·조건 변화를 분석 과정·탐색·데이터 처리로 해석하고 판단 기준을 분석,
데이터 과학,탐구 설계,문제 해결 | 데이터 | AI,자료와 정보의 분석,탐구 설계의 조건 재구성과 풀이 비교: 문제 해결·자료와 정보의 분석을 중심으로,
데이터 과학,데이터 과학 프로젝트,데이터 | 시각화 | 판단,,데이터 과학 프로젝트의 조건별 변화를 데이터·시각화로 해석하고 결과의 신뢰도와 한계를 분석,
데이터 과학,탐구 수행 및 결과,문제 해결 | 데이터 | 시각화 | AI | 편향 | 데이터 처리,자료와 정보의 분석,탐구 수행 및 결과의 조건 재구성과 풀이 비교: 문제 해결·시각화·데이터 처리을 중심으로,
데이터 과학,데이터 분석 결과 발표,분석 과정 | 데이터 | 시각화,자료와 정보의 분석,데이터 분석 결과 발표의 자료·조건 변화를 분석 과정·시각화·자료와 정보의 분석으로 해석하고 판단 기준을 분석,
데이터 과학,AI 윤리 및 진로 기반 신기술 탐구하기,인공지능 | 데이터 | AI | 탐색,정보 사회,AI 윤리 및 진로 기반 신기술 탐구하기의 자료·조건 변화를 인공지능·AI·정보 사회로 해석하고 판단 기준을 분석,
데이터 과학,데이터분석 프로젝트 결과물,데이터 | 시각화,,데이터분석 프로젝트 결과물의 자료·조건 변화를 데이터·시각화로 해석하고 판단 기준을 분석,
데이터 과학,데이터 과학 프로젝트,알고리즘 | 의사소통 | 자료 분석 | 데이터 | 모델 | 소통,컴퓨팅 시스템과 네트워크,데이터 과학 프로젝트의 자료·조건 변화를 의사소통·알고리즘·컴퓨팅 시스템과 네트워크로 해석하고 판단 기준을 분석,
데이터 과학,데이터 과학 프로젝트 포스터 제작,데이터 | 모델링 | 공유 | 모델 | 탐색,추상화와 문제 분해,데이터 과학 프로젝트 포스터 제작의 자료·조건 변화를 모델링·추상화와 문제 분해로 해석하고 판단 기준을 분석,
데이터 과학,데이터 시각화 프로그래밍하기,데이터 | 시각화,,데이터 시각화 프로그래밍하기의 자료·조건 변화를 데이터·시각화로 해석하고 판단 기준을 분석,
데이터 과학,데이터분석 프로젝트 발표,데이터,,데이터분석 프로젝트 발표의 자료·조건 변화를 데이터로 해석하고 판단 기준을 분석,
데이터 과학,데이터 설계 및 분석,자료 분석 | 데이터 | 디지털 | 시각화,자료와 정보의 분석,데이터 설계 및 분석의 자료·조건 변화를 자료 분석·시각화·자료와 정보의 분석으로 해석하고 판단 기준을 분석,
데이터 과학,데이터 기반 실생활 문제 분석 및 모델링하기,데이터 | 모델링 | 모델,추상화와 문제 분해,데이터 기반 실생활 문제 분석 및 모델링하기의 조건 재구성과 풀이 비교: 모델링·추상화와 문제 분해을 중심으로,
물리,역학적 상호 작용 분석,뉴턴 운동 법칙 | 등가속도 운동 | 등속 원운동 | 가속도 | 알짜힘 | 속도 | 벡터,힘과 운동,역학적 상호 작용 분석의 조건별 변화를 뉴턴 운동 법칙·등가속도 운동·벡터로 해석하고 결과의 신뢰도와 한계를 분석,
물리,일차원 충돌 상황에서 운동량 보존 확인하기,운동량 보존 | 운동량 | 충돌,힘과 운동,일차원 충돌 상황에서 운동량 보존 확인하기의 조건별 변화를 운동량 보존·충돌·힘과 운동으로 해석하고 결과의 신뢰도와 한계를 분석,
물리,역학적 에너지 보존 분석,역학적 에너지 보존 | 뉴턴 운동 법칙 | 등가속도 운동 | 역학적 에너지 | 운동 에너지 | 운동량 보존 | 가속도 | 알짜힘,힘과 운동,역학적 에너지 보존 분석의 조건별 변화를 뉴턴 운동 법칙·등가속도 운동·운동량으로 해석하고 결과의 신뢰도와 한계를 분석,
물리,Physics Review Letters(물리학 리뷰 휘보),뉴턴 운동 법칙 | 등가속도 운동 | 등속 원운동 | 가속도 | 알짜힘 | 속도 | 벡터,힘과 운동,Physics Review Letters(물리학 리뷰 휘보)의 자료·조건 변화를 뉴턴 운동 법칙·등가속도 운동·벡터로 해석하고 판단 기준을 분석,
물리,역학 수레의 등가속도 운동 분석,뉴턴 운동 법칙 | 등가속도 운동 | 운동량 보존 | 가속도 | 운동량 | 속도,힘과 운동,역학 수레의 등가속도 운동 분석의 조건별 변화를 뉴턴 운동 법칙·등가속도 운동·운동량으로 해석하고 결과의 신뢰도와 한계를 분석,
물리,충돌 상황에서 운동량 보존 확인하기,운동량 보존 | 운동량 | 충돌,힘과 운동,충돌 상황에서 운동량 보존 확인하기의 조건 재구성과 풀이 비교: 운동량 보존·충돌·힘과 운동을 중심으로,
물리,탐구하기,관성,힘과 운동,탐구하기의 조건별 변화를 관성·힘과 운동으로 해석하고 결과의 신뢰도와 한계를 분석,
물리,관련 글쓰기 수 보존력과 비보존력의 개념을 이해하고 역학적 에너지가 보존되는 원리를 분석하는,역학적 에너지,,관련 글쓰기 수 보존력과 비보존력의 개념을 이해하고 역학적 에너지가 보존되는 원리를 분석하는의 자료·조건 변화를 역학적 에너지로 해석하고 판단 기준을 분석,
물리,운동량 보존 실험,운동량 보존 | 운동량 | 속도,힘과 운동,운동량 보존 실험의 조건별 변화를 운동량 보존·속도·힘과 운동으로 해석하고 결과의 신뢰도와 한계를 분석,
물리,고급물리 탐구활동 발표,용수철 진자 | 운동량 보존 | 운동량,힘과 운동,고급물리 탐구활동 발표의 조건별 변화를 운동량 보존·힘과 운동으로 해석하고 결과의 신뢰도와 한계를 분석,
물리,독서연계 탐구,간섭 | 파장,파동의 성질과 활용,독서연계 탐구을 간섭·파장·파동의 성질과 활용으로 설명하고 적용 조건과 개선 방향을 분석,
물리,실생활 사례 분석,퍼텐셜 에너지 | 내부 에너지 | 운동 에너지 | 전류,에너지와 열,실생활 사례 분석을 퍼텐셜 에너지·내부 에너지·에너지와 열로 설명하고 적용 조건과 개선 방향을 분석,
물리,실험 및 보고서,관성,힘과 운동,실험 및 보고서의 조건별 변화를 관성·힘과 운동으로 해석하고 결과의 신뢰도와 한계를 분석,
물리,파동 탐구 보고서,파동,파동의 성질과 활용,파동 탐구 보고서을 파동·파동의 성질과 활용으로 설명하고 적용 조건과 개선 방향을 분석,
물리,전자기 유도 기반 무선 전력 전송 시스템의 구현 및 메커니즘 분석,운동량 보존 | 전자기 유도 | 운동량 | 전하 | 충돌,힘과 운동,전자기 유도 기반 무선 전력 전송 시스템의 구현 및 메커니즘 분석의 조건 재구성과 풀이 비교: 운동량 보존·충돌·전자기 유도을 중심으로,
물리,학습과정 평가,운동 에너지 | 힘과 운동,에너지와 열,학습과정 평가의 조건별 변화를 운동 에너지·에너지와 열로 해석하고 결과의 신뢰도와 한계를 분석,
물리,과학 글쓰기,관성,힘과 운동,과학 글쓰기의 조건 재구성과 풀이 비교: 관성·힘과 운동을 중심으로,
물리,포트폴리오,자기장,물질의 자기적 특성,포트폴리오의 조건 재구성과 풀이 비교: 자기장·물질의 자기적 특성을 중심으로,
물리,운동량 보존 법칙 실험,운동량 보존 | 작용 반작용 | 힘과 운동 | 운동량 | 전하,힘과 운동,운동량 보존 법칙 실험의 조건별 변화를 운동량 보존·작용 반작용·힘과 운동으로 해석하고 결과의 신뢰도와 한계를 분석,
물리,역학적 에너지 보존,역학적 에너지 보존 | 역학적 에너지 | 에너지 보존,에너지와 열,역학적 에너지 보존의 조건별 변화를 역학적 에너지 보존·에너지와 열로 해석하고 결과의 신뢰도와 한계를 분석,
미적분1,문제 해결 과정 평가,수열의 극한 | 극한 | 수열 | 적분 | 미분,수열의 극한,문제 해결 과정 평가을 수열·미분·적분으로 설명하고 적용 조건과 개선 방향을 분석,
미적분1,함수의 극한과 연속 미분 학습 성찰 및 심층 탐구 글쓰기,극한 | 함수 | 미분,수열의 극한,함수의 극한과 연속 미분 학습 성찰 및 심층 탐구 글쓰기의 자료·조건 변화를 함수·미분·극한으로 해석하고 판단 기준을 분석,
미적분1,실생활 문제의 미적분 기반 모델링하기,모델링 | 적분,,실생활 문제의 미적분 기반 모델링하기의 조건 재구성과 풀이 비교: 모델링·적분을 중심으로,
미적분1,지 함수의 적분 계산하기,곡선의 길이 | 도형의 넓이 | 로그함수 | 매개변수 | 부정적분 | 삼각 적분 | 삼각함수 | 적분 계산,여러 가지 적분법,지 함수의 적분 계산하기의 자료·조건 변화를 부정적분·삼각 적분·함수로 해석하고 판단 기준을 분석,
미적분1,극한변화율 문제해결과정 작성 활동 ·,변화율 | 극한,수열의 극한,극한변화율 문제해결과정 작성 활동 ·을 극한·수열의 극한으로 설명하고 적용 조건과 개선 방향을 분석,
미적분1,개념확장을 위한 토의토론 참여하기,적분,,개념확장을 위한 토의토론 참여하기의 조건 재구성과 풀이 비교: 적분을 중심으로,
미적분1,미분과 적분 개념의 시각적 설명 및 발표 영상 제작,적분 | 미분,,미분과 적분 개념의 시각적 설명 및 발표 영상 제작의 자료·조건 변화를 적분·미분으로 해석하고 판단 기준을 분석,
미적분1,검증과 정당화 과정을 통한 수학적 문해력 및 비판적 사고력 평가,치환적분법 | 매개변수 | 치환적분 | 적분 | 함수 | 미분,여러 가지 적분법,검증과 정당화 과정을 통한 수학적 문해력 및 비판적 사고력 평가의 조건 재구성과 풀이 비교: 치환적분법·함수·미분을 중심으로,
미적분1,형성평가 포트폴리오,도함수의 활용 | 정적분과 급수 | 정적분의 활용 | 도형의 넓이 | 몫의 미분법 | 부분적분법 | 수열의 극한 | 이계도함수,여러 가지 미분법,형성평가 포트폴리오을 몫의 미분법·이계도함수·수열로 설명하고 적용 조건과 개선 방향을 분석,
미적분1,조별 팀 발표,적분,,조별 팀 발표의 조건 재구성과 풀이 비교: 적분을 중심으로,
미적분1,독서와 미적분Ⅰ 문제 탐구,적분,,독서와 미적분Ⅰ 문제 탐구의 조건 재구성과 풀이 비교: 적분을 중심으로,
미적분1,학문 간 경계를 넘는 미적분 응용 탐구 보고서,적분,,학문 간 경계를 넘는 미적분 응용 탐구 보고서의 조건 재구성과 풀이 비교: 적분을 중심으로,
미적분1,미적분활용 실생활 문제해결 역량 평가,모델링 | 적분,,미적분활용 실생활 문제해결 역량 평가의 조건 재구성과 풀이 비교: 모델링·적분을 중심으로,
미적분1,개인별 발표(프로젝트),도함수의 활용 | 정적분의 활용 | 수열의 극한 | 도함수 | 정적분 | 극한 | 급수 | 수열,수열의 극한,개인별 발표(프로젝트)의 조건 재구성과 풀이 비교: 함수·수열·미분을 중심으로,
미적분1,협력적 문제 해결 활동,부분적분법 | 수열의 극한 | 치환적분법 | 로그함수 | 부분적분 | 지수함수 | 치환적분 | 극한,여러 가지 적분법,협력적 문제 해결 활동의 조건 재구성과 풀이 비교: 부분적분법·치환적분법·함수을 중심으로,
미적분1,수학적 모델링 프로젝트,매개변수 | 모델링 | 급수 | 적분 | 미분,급수,수학적 모델링 프로젝트의 조건 재구성과 풀이 비교: 미분·적분·모델링을 중심으로,
미적분1,수학 창작물 제작,수열의 극한 | 극한 | 수열 | 적분 | 함수,수열의 극한,수학 창작물 제작을 함수·수열·적분으로 설명하고 적용 조건과 개선 방향을 분석,
미적분1,서・논술형,여러 가지 함수의 미분 | 수열의 극한 | 덧셈정리 | 등비급수 | 등비수열 | 로그함수 | 삼각함수 | 지수함수,수열의 극한,서・논술형의 조건 재구성과 풀이 비교: 등비수열·발산·함수을 중심으로,
미적분1,수학적 논증 기반 문제 해결 과제,극한 | 함수,수열의 극한,수학적 논증 기반 문제 해결 과제의 조건별 변화를 함수·극한·수열의 극한으로 해석하고 결과의 신뢰도와 한계를 분석,
미적분1,미적분Ⅰ 개념 심화 발표,적분,,미적분Ⅰ 개념 심화 발표의 조건 재구성과 풀이 비교: 적분을 중심으로,
생명과학,생명과학 독서 기반 심화탐구 발표하기,기생,,생명과학 독서 기반 심화탐구 발표하기의 조건별 변화를 기생으로 해석하고 결과의 신뢰도와 한계를 분석,
생명과학,생물 분류 계통수 앱 제작 및 활용,계통 | 분류,진화와 생물 다양성,생물 분류 계통수 앱 제작 및 활용의 조건별 변화를 분류·진화와 생물 다양성으로 해석하고 결과의 신뢰도와 한계를 분석,
생명과학,세포호흡과 광합성 탐구 논술,세포 호흡 | 광합성 | 세포,물질대사와 에너지,세포호흡과 광합성 탐구 논술의 자료·조건 변화를 세포 호흡·광합성·물질대사와 에너지로 해석하고 판단 기준을 분석,
생명과학,식물 세포에서 일어나는 삼투 보고서 작성,세포,생명과학의 이해,식물 세포에서 일어나는 삼투 보고서 작성의 자료·조건 변화를 세포·생명과학의 이해로 해석하고 판단 기준을 분석,
생명과학,세포의 구조 인포그래픽,광합성 | 세포,생명과학의 이해,세포의 구조 인포그래픽의 자료·조건 변화를 세포·생명과학의 이해로 해석하고 판단 기준을 분석,
생명과학,생명과학 융합 활용 방안 탐구하고 글쓰기,기생,,생명과학 융합 활용 방안 탐구하고 글쓰기을 기생으로 설명하고 적용 조건과 개선 방향을 분석,
생명과학,세포막을 통한 물질 이동과 세포의 특성 탐구하기,세포,생명과학의 이해,세포막을 통한 물질 이동과 세포의 특성 탐구하기의 조건별 변화를 세포·생명과학의 이해로 해석하고 결과의 신뢰도와 한계를 분석,
생명과학,세포의 길이 측정,세포,생명과학의 이해,세포의 길이 측정의 조건별 변화를 세포·생명과학의 이해로 해석하고 결과의 신뢰도와 한계를 분석,
생명과학,혈액 응집 반응 탐구,항원-항체 반응 | 항상성 | 항원 | 항체,면역과 백신,혈액 응집 반응 탐구의 조건별 변화를 항원-항체 반응·항상성·면역과 백신으로 해석하고 결과의 신뢰도와 한계를 분석,
생명과학,최신 생명공학 기술의 발전 동향과 윤리·사회적 쟁점 탐구,전달,,최신 생명공학 기술의 발전 동향과 윤리·사회적 쟁점 탐구의 자료·조건 변화를 전달로 해석하고 판단 기준을 분석,
생명과학,분류학 프로젝트,분류 기준 | 분류 | 유전,진화와 생물 다양성,분류학 프로젝트의 조건별 변화를 분류·유전·진화와 생물 다양성으로 해석하고 결과의 신뢰도와 한계를 분석,
생명과학,분자 진화 계통수 작성,계통 | 진화,,분자 진화 계통수 작성의 조건별 변화를 계통·진화로 해석하고 결과의 신뢰도와 한계를 분석,
생명과학,생명과학 에세이,계통 | 진화,,생명과학 에세이의 자료·조건 변화를 계통·진화로 해석하고 판단 기준을 분석,
생명과학,모의혈액 판정을 통한 항원항체반응 원리 탐구,항원-항체 반응 | 항원 | 항체,면역과 백신,모의혈액 판정을 통한 항원항체반응 원리 탐구의 조건별 변화를 항원-항체 반응·면역과 백신으로 해석하고 결과의 신뢰도와 한계를 분석,
생명과학,생명과학자와의 가상 인터뷰,ATP | 병원체 | 면역 | 발생 | 세포 | 적응 | 전달 | 항체,면역과 백신,생명과학자와의 가상 인터뷰의 조건별 변화를 병원체·항체·면역과 백신으로 해석하고 결과의 신뢰도와 한계를 분석,
생명과학,세포 구조 관찰 평가,세포,생명과학의 이해,세포 구조 관찰 평가의 조건별 변화를 세포·생명과학의 이해로 해석하고 결과의 신뢰도와 한계를 분석,
생명과학,방형구법을 활용한 식물 군집 구조 및 종 다양성 분석,군집 구조 | 상호 작용 | 개체군 | 다양성 | 생태계 | 군집 | 기생,생태계의 물질 순환과 상호 작용,방형구법을 활용한 식물 군집 구조 및 종 다양성 분석의 자료·조건 변화를 개체군·군집·생태계의 물질 순환과 상호 작용으로 해석하고 판단 기준을 분석,
생명과학,흥분의 전도과정 논술하기,막전위 | 뉴런 | 세포 | 전달,신경 자극 전도와 전달,흥분의 전도과정 논술하기의 조건별 변화를 막전위·뉴런·신경 자극 전도와 전달로 해석하고 결과의 신뢰도와 한계를 분석,
생명과학,우 종 결정,군집,,우 종 결정을 군집으로 설명하고 적용 조건과 개선 방향을 분석,
생명과학,심화 탐구 보고서,생명의 연속성 | 생명 시스템 | 연속성 | 항상성,생식과 생명의 연속성,심화 탐구 보고서을 항상성·생식과 생명의 연속성으로 설명하고 적용 조건과 개선 방향을 분석,
세포와 물질대사,세포 크기 측정 및 발효 실험,세포 호흡 | 광합성 | 발효,광합성과 세포 호흡,세포 크기 측정 및 발효 실험의 조건별 변화를 광합성과 세포 호흡으로 해석하고 결과의 신뢰도와 한계를 분석,
세포와 물질대사,주제논술,물질대사,,주제논술의 조건별 변화를 물질대사로 해석하고 결과의 신뢰도와 한계를 분석,
세포와 물질대사,세포 호흡과 광합성의 이해 세포 호흡과 광합성 과정을 설명하고 비교하기.,세포 호흡 | 광합성,광합성과 세포 호흡,세포 호흡과 광합성의 이해 세포 호흡과 광합성 과정을 설명하고 비교하기.의 자료·조건 변화를 광합성과 세포 호흡으로 해석하고 판단 기준을 분석,
세포와 물질대사,세포막의 특성 설명하기 세포막의 구조와 세포막을 통한 물질의 수송 과정에 대해 설명하기.,세포막,세포의 구조와 물질 이동,세포막의 특성 설명하기 세포막의 구조와 세포막을 통한 물질의 수송 과정에 대해 설명하기.을 세포막·세포의 구조와 물질 이동으로 설명하고 적용 조건과 개선 방향을 분석,
세포와 물질대사,인포그래픽,물질대사,,인포그래픽의 조건별 변화를 물질대사로 해석하고 결과의 신뢰도와 한계를 분석,
세포와 물질대사,Generative AI 활용 과학 커뮤니케이션,효소,효소와 대사 반응,Generative AI 활용 과학 커뮤니케이션의 조건별 변화를 효소·효소와 대사 반응으로 해석하고 결과의 신뢰도와 한계를 분석,
세포와 물질대사,연구 동향 발표,물질대사,,연구 동향 발표의 조건별 변화를 물질대사로 해석하고 결과의 신뢰도와 한계를 분석,
세포와 물질대사,미시 세계의 정량적 통찰,세포 소기관,세포의 구조와 물질 이동,미시 세계의 정량적 통찰의 조건별 변화를 세포 소기관·세포의 구조와 물질 이동으로 해석하고 결과의 신뢰도와 한계를 분석,
세포와 물질대사,학습 과정 평가,TCA 회로 | 세포 소기관 | 세포 호흡 | 광합성 | 캘빈,광합성과 세포 호흡,학습 과정 평가의 조건별 변화를 광합성과 세포 호흡으로 해석하고 결과의 신뢰도와 한계를 분석,
역학과 에너지,논술형 평가,포물선 운동,시공간과 운동,논술형 평가을 포물선 운동·시공간과 운동으로 설명하고 적용 조건과 개선 방향을 분석,
역학과 에너지,포물선운동실험장치를 이용한 실험 및 실습,포물선 운동 | 자료 분석,시공간과 운동,포물선운동실험장치를 이용한 실험 및 실습의 조건별 변화를 포물선 운동·자료 분석·시공간과 운동으로 해석하고 결과의 신뢰도와 한계를 분석,
역학과 에너지,학습일지,탄성파와 소리 | 탄성파 | 소리,탄성파와 소리,학습일지을 탄성파와 소리로 설명하고 적용 조건과 개선 방향을 분석,
역학과 에너지,탐구 논술,자료 분석,,탐구 논술의 자료·조건 변화를 자료 분석으로 해석하고 판단 기준을 분석,
역학과 에너지,"용수철 진자의 변위,속도,가속도 그래프 분석",용수철 진자 | 자료 분석 | 가속도 | 변위 | 진자,용수철 진자와 단진동,"용수철 진자의 변위,속도,가속도 그래프 분석의 자료·조건 변화를 가속도·변위·용수철 진자와 단진동으로 해석하고 판단 기준을 분석",
융합과학 탐구,연구 윤리와 공동 연구 중요성 토론하기,필요성 | 윤리,,연구 윤리와 공동 연구 중요성 토론하기을 필요성·윤리로 설명하고 적용 조건과 개선 방향을 분석,
융합과학 탐구,융합과학기술 활용 사회적 난제 해결,정확성 | 사회,,융합과학기술 활용 사회적 난제 해결의 자료·조건 변화를 정확성·사회로 해석하고 판단 기준을 분석,
융합과학 탐구,보고서 작성,데이터,,보고서 작성의 자료·조건 변화를 데이터로 해석하고 판단 기준을 분석,
융합과학 탐구,탐구 주제 선정,필요성,,탐구 주제 선정의 자료·조건 변화를 필요성으로 해석하고 판단 기준을 분석,
융합과학 탐구,빅데이터 수집 및 분석,문제 해결 | 빅데이터 | 데이터 | 디지털,과학 기술 사회에서 빅데이터 활용,빅데이터 수집 및 분석의 자료·조건 변화를 과학 기술 사회에서 빅데이터 활용으로 해석하고 판단 기준을 분석,
융합과학 탐구,융합적 탐구 결론 도출하기,데이터 | 단위 | 시간,,융합적 탐구 결론 도출하기의 조건별 변화를 데이터·단위로 해석하고 결과의 신뢰도와 한계를 분석,
융합과학 탐구,연구 노트 작성하기,데이터 | 연속성 | 시간,,연구 노트 작성하기의 조건별 변화를 데이터·연속성으로 해석하고 결과의 신뢰도와 한계를 분석,
융합과학 탐구,선행 연구 탐색 및 융합적 탐구 설계하기,데이터 | 신뢰성 | 생활 | 시간,,선행 연구 탐색 및 융합적 탐구 설계하기의 조건별 변화를 데이터·신뢰성으로 해석하고 결과의 신뢰도와 한계를 분석,
융합과학 탐구,융합적 탐구 결과 발표하기,데이터 | 시간 | 전달 | 표준,,융합적 탐구 결과 발표하기의 조건별 변화를 데이터·시간으로 해석하고 결과의 신뢰도와 한계를 분석,
인공지능 기초,인공지능 진로 아카이브,문제 해결 | 알고리즘 | 인공지능 | AI | 모델 | 조도 | 탐색,자료와 정보의 분석,인공지능 진로 아카이브을 문제 해결·탐색·알고리즘으로 설명하고 적용 조건과 개선 방향을 분석,
인공지능 기초,데이터마이닝 실습,문제 해결 | 알고리즘 | 자료 분석 | 모델링 | 모델,자료와 정보의 분석,데이터마이닝 실습의 조건별 변화를 문제 해결·자료 분석·알고리즘으로 해석하고 결과의 신뢰도와 한계를 분석,
인공지능 기초,인공지능 사례분석,사회 변화 | 인공지능,정보 사회,인공지능 사례분석의 자료·조건 변화를 사회 변화·인공지능·정보 사회로 해석하고 판단 기준을 분석,
인공지능 기초,프로젝트,알고리즘 | 시각화 | 함수,알고리즘 설계와 분석,프로젝트의 조건 재구성과 풀이 비교: 함수·알고리즘·알고리즘 설계와 분석을 중심으로,
인공지능 기초,기계학습 모델 분석하기,모델,,기계학습 모델 분석하기의 자료·조건 변화를 모델로 해석하고 판단 기준을 분석,
인공지능 기초,인공지능 에이전트 탐구 보고서,인공지능,,인공지능 에이전트 탐구 보고서의 조건별 변화를 인공지능으로 해석하고 결과의 신뢰도와 한계를 분석,
인공지능 기초,인공지능 정의하기,인공지능,,인공지능 정의하기의 조건별 변화를 인공지능으로 해석하고 결과의 신뢰도와 한계를 분석,
인공지능 기초,인공지능 융합 보고서,문제 해결 | 인공지능,자료와 정보의 분석,인공지능 융합 보고서을 문제 해결·자료와 정보의 분석으로 설명하고 적용 조건과 개선 방향을 분석,
인공지능 기초,센서를 활용한 스마트 공간 설계,센서,,센서를 활용한 스마트 공간 설계을 센서로 설명하고 적용 조건과 개선 방향을 분석,
인공지능 기초,인공지능 윤리 토의,의사소통 | 인공지능 | 자료 분석 | 소통,컴퓨팅 시스템과 네트워크,인공지능 윤리 토의의 자료·조건 변화를 의사소통·컴퓨팅 시스템과 네트워크로 해석하고 판단 기준을 분석,
인공지능 기초,인공지능 소프트웨어 개발하기,문제 해결 | 의사소통 | 인공지능 | 디지털 | 소통 | 탐색,자료와 정보의 분석,인공지능 소프트웨어 개발하기의 조건별 변화를 문제 해결·탐색·자료와 정보의 분석으로 해석하고 결과의 신뢰도와 한계를 분석,
인공지능 기초,탐색과 추론,인공지능 | 구조화 | 탐색,추상화와 문제 분해,탐색과 추론을 구조화·추상화와 문제 분해로 설명하고 적용 조건과 개선 방향을 분석,
인공지능 기초,인공지능 융합 탐구 프로젝트,인공지능 | 정보,자료와 정보의 표현,인공지능 융합 탐구 프로젝트의 자료·조건 변화를 자료와 정보의 표현으로 해석하고 판단 기준을 분석,
인공지능 기초,컴퓨터 비전 활용한 실생활 문제 해결,문제 해결 | 탐색,자료와 정보의 분석,컴퓨터 비전 활용한 실생활 문제 해결의 조건 재구성과 풀이 비교: 문제 해결·탐색·자료와 정보의 분석을 중심으로,
인공지능 기초,인공지능 알고리즘을 통해 목표 노드 탐색하기,문제 해결 | 알고리즘 | 의사소통 | 인공지능 | 디지털 | 시각화 | 소통 | 탐색,자료와 정보의 분석,인공지능 알고리즘을 통해 목표 노드 탐색하기의 조건별 변화를 문제 해결·시각화·알고리즘으로 해석하고 결과의 신뢰도와 한계를 분석,
인공지능 기초,인공지능의 사회적 영향 분석,사회 변화 | 인공지능 | 탐색,정보 사회,인공지능의 사회적 영향 분석의 자료·조건 변화를 사회 변화·인공지능·정보 사회로 해석하고 판단 기준을 분석,
인공지능 기초,인공지능 프로젝트,문제 해결 | 인공지능 | 모델,자료와 정보의 분석,인공지능 프로젝트의 조건 재구성과 풀이 비교: 문제 해결·자료와 정보의 분석을 중심으로,
인공지능 기초,자료조사 기반 진로 탐구 프로젝트,인공지능 | 센서 | 정보 | 탐색,자료와 정보의 표현,자료조사 기반 진로 탐구 프로젝트의 조건별 변화를 자료와 정보의 표현으로 해석하고 결과의 신뢰도와 한계를 분석,
인공지능 기초,인공지능 이론기반 탐구 보고서,알고리즘 | 인공지능 | 모델,알고리즘 설계와 분석,인공지능 이론기반 탐구 보고서의 조건별 변화를 알고리즘·알고리즘 설계와 분석으로 해석하고 결과의 신뢰도와 한계를 분석,
인공지능 기초,수업 일기,인공지능,,수업 일기의 조건별 변화를 인공지능으로 해석하고 결과의 신뢰도와 한계를 분석,
전자기와 양자,전위차 측정 실험,전위차 | 전위 | 전자,전기장과 자기장,전위차 측정 실험의 조건별 변화를 전위차·전기장과 자기장으로 해석하고 결과의 신뢰도와 한계를 분석,
전자기와 양자,전기저항 측정 실험,저항 | 전자,,전기저항 측정 실험의 조건별 변화를 저항·전자로 해석하고 결과의 신뢰도와 한계를 분석,
정보,인공지능 의 원리와 활용 주제탐구,문제 해결 | 스마트홈 | 인공지능 | 자율 주행 | AI | 배열 | 정보,정보 사회,인공지능 의 원리와 활용 주제탐구의 조건 재구성과 풀이 비교: 스마트홈·인공지능·정보 사회을 중심으로,
정보,단백질 구조 분석하기,데이터베이스 | IP | 모델 | 정보,자료와 정보의 표현,단백질 구조 분석하기의 자료·조건 변화를 자료와 정보의 표현으로 해석하고 판단 기준을 분석,
정보,분류,정보,자료와 정보의 표현,분류을 자료와 정보의 표현으로 설명하고 적용 조건과 개선 방향을 분석,
정보,지능 정보사회 직업 생태계 변화 탐구,정보 사회 | 정보,자료와 정보의 표현,지능 정보사회 직업 생태계 변화 탐구을 자료와 정보의 표현으로 설명하고 적용 조건과 개선 방향을 분석,
정보,"컴퓨팅 시스템, 데이터, 디지털 문화",컴퓨팅 시스템 | 디지털,컴퓨팅 시스템과 네트워크,"컴퓨팅 시스템, 데이터, 디지털 문화의 자료·조건 변화를 컴퓨팅 시스템과 네트워크로 해석하고 판단 기준을 분석",
정보,제어 구조를 활용한 문제 해결 프로그래밍,문제 해결 | 알고리즘 | 제어 구조,알고리즘 설계와 분석,제어 구조를 활용한 문제 해결 프로그래밍의 조건별 변화를 알고리즘·알고리즘 설계와 분석으로 해석하고 결과의 신뢰도와 한계를 분석,
정보,디지털 문화 보고서,컴퓨팅 시스템 | 인공지능 | 디지털,컴퓨팅 시스템과 네트워크,디지털 문화 보고서의 자료·조건 변화를 컴퓨팅 시스템과 네트워크로 해석하고 판단 기준을 분석,
정보,프로젝트 산출물,정보 과학 | 효율성 | 정보,자료와 정보의 표현,프로젝트 산출물을 자료와 정보의 표현으로 설명하고 적용 조건과 개선 방향을 분석,
정보,네트워크의 구성,네트워크,컴퓨팅 시스템과 네트워크,네트워크의 구성을 컴퓨팅 시스템과 네트워크로 설명하고 적용 조건과 개선 방향을 분석,
정보,문제설계,프로그래밍 언어 | 공유 | 정보,프로그래밍과 자동화,문제설계을 프로그래밍 언어·프로그래밍과 자동화로 설명하고 적용 조건과 개선 방향을 분석,
정보,문제해결,프로그래밍 언어 | 컴퓨팅 사고력 | 문제 해결 | 재귀 함수 | 함수,프로그래밍,문제해결의 조건별 변화를 재귀 함수·프로그래밍으로 해석하고 결과의 신뢰도와 한계를 분석,
정보,정보과학 주제 탐구,정보 과학 | 효율성 | 정보,자료와 정보의 표현,정보과학 주제 탐구을 자료와 정보의 표현으로 설명하고 적용 조건과 개선 방향을 분석,
정보,코드로 답하는 데이터 탐구,컴퓨팅 사고력 | 정보,자료와 정보의 표현,코드로 답하는 데이터 탐구의 자료·조건 변화를 자료와 정보의 표현으로 해석하고 판단 기준을 분석,
정보,데이터 분석 도구 활용하기,문제 해결 | 알고리즘 | 모델,알고리즘 설계와 분석,데이터 분석 도구 활용하기의 조건 재구성과 풀이 비교: 알고리즘·알고리즘 설계와 분석을 중심으로,
정보,교과 탐구 활동,정보,자료와 정보의 표현,교과 탐구 활동을 자료와 정보의 표현으로 설명하고 적용 조건과 개선 방향을 분석,
정보,융합적 사고를 활용한 창의적 소프트웨어 설계 및 구현 프로젝트,알고리즘,알고리즘 설계와 분석,융합적 사고를 활용한 창의적 소프트웨어 설계 및 구현 프로젝트의 조건 재구성과 풀이 비교: 알고리즘·알고리즘 설계와 분석을 중심으로,
정보,디지털 사회와 진로,디지털 | 정보,자료와 정보의 표현,디지털 사회와 진로의 자료·조건 변화를 디지털·자료와 정보의 표현으로 해석하고 판단 기준을 분석,
정보,적합한 자료구조를 설계하고 이를 파이썬 프 로그래밍 언어로 구현하여 해결하기,프로그래밍 언어 | 문제 해결 | 반복 구조 | 알고리즘 | 반복,알고리즘 설계와 분석,적합한 자료구조를 설계하고 이를 파이썬 프 로그래밍 언어로 구현하여 해결하기의 조건별 변화를 반복 구조·알고리즘·알고리즘 설계와 분석으로 해석하고 결과의 신뢰도와 한계를 분석,
정보,알고리즘 탐구,알고리즘,알고리즘 설계와 분석,알고리즘 탐구을 알고리즘·알고리즘 설계와 분석으로 설명하고 적용 조건과 개선 방향을 분석,
정보,문제 분해 및 모델링 프로젝트,문제 분해 | 모델링 | 모델,추상화와 문제 분해,문제 분해 및 모델링 프로젝트을 모델링·추상화와 문제 분해로 설명하고 적용 조건과 개선 방향을 분석,
지구과학,기후해석 프로젝트,환경 변화 | 라니냐 | 엘니뇨 | 기후,지구의 기후 변화,기후해석 프로젝트의 조건 재구성과 풀이 비교: 라니냐·엘니뇨·지구의 기후 변화을 중심으로,
지구과학,행성의 겉보기 운동 분석하기,운동 | 행성,태양계 천체의 관측과 운동,행성의 겉보기 운동 분석하기의 자료·조건 변화를 행성·태양계 천체의 관측과 운동으로 해석하고 판단 기준을 분석,
지구과학,고체 지구 데이터 융합 해석 프로젝트,관측 자료 | 관측 | 위성,태양계 천체의 관측과 운동,고체 지구 데이터 융합 해석 프로젝트의 조건별 변화를 관측 자료·위성·태양계 천체의 관측과 운동으로 해석하고 결과의 신뢰도와 한계를 분석,
지구과학,방사성 동위원소 반감기를 활용한 절대 연령 분석,방사성 동위 원소 | 절대 연령,지층과 지질시대,방사성 동위원소 반감기를 활용한 절대 연령 분석의 자료·조건 변화를 방사성 동위 원소·절대 연령·지층과 지질시대로 해석하고 판단 기준을 분석,
지구과학,주간 날씨 분석하기,위성 영상 | 관측 | 위성,태양계 천체의 관측과 운동,주간 날씨 분석하기의 조건별 변화를 위성·태양계 천체의 관측과 운동으로 해석하고 결과의 신뢰도와 한계를 분석,
지구과학,개인별 주제 탐구,태양계,,개인별 주제 탐구의 조건별 변화를 태양계로 해석하고 결과의 신뢰도와 한계를 분석,
지구과학,지진파 분석 및 중력이상,밀도,해수의 성질,지진파 분석 및 중력이상의 조건별 변화를 밀도·해수의 성질로 해석하고 결과의 신뢰도와 한계를 분석,
지구과학,심층 순환의 발생 원리 이해하기,심층 순환,해수의 순환,심층 순환의 발생 원리 이해하기의 조건별 변화를 심층 순환·해수의 순환으로 해석하고 결과의 신뢰도와 한계를 분석,
지구과학,지질도 해석,지층,지층과 지질시대,지질도 해석의 조건별 변화를 지층과 지질시대로 해석하고 결과의 신뢰도와 한계를 분석,
지구과학,실험 및,중위도 저기압 | 태풍의 발생 | 일기도 | 저기압 | 기압 | 태풍,날씨의 변화,실험 및의 조건별 변화를 중위도 저기압·일기도·날씨의 변화로 해석하고 결과의 신뢰도와 한계를 분석,
지구과학,실험,관측 자료 | 외부 은하 | 우주 팽창 | 은하 관측 | 관측 | 은하,은하와 우주의 진화,실험의 조건별 변화를 외부 은하·우주 팽창·은하와 우주의 진화로 해석하고 결과의 신뢰도와 한계를 분석,
지구과학,지질 단면도에서 층서 대비하기,방사성 동위 원소 | 상대 연령 | 절대 연령 | 지층,지층과 지질시대,지질 단면도에서 층서 대비하기의 조건별 변화를 방사성 동위 원소·상대 연령·지층과 지질시대로 해석하고 결과의 신뢰도와 한계를 분석,
지구과학,실험탐구보고서1 -해양 관측 자료 분석을 통한 해수의 성질 알아보기,해수의 성질 | 관측 자료 | 관측,태양계 천체의 관측과 운동,실험탐구보고서1 -해양 관측 자료 분석을 통한 해수의 성질 알아보기의 조건별 변화를 관측 자료·태양계 천체의 관측과 운동으로 해석하고 결과의 신뢰도와 한계를 분석,
지구과학,외계 행성의 궤도 요소 평가,공전 | 관측 | 광도 | 밝기 | 행성,태양계 천체의 관측과 운동,외계 행성의 궤도 요소 평가의 조건별 변화를 공전·행성·태양계 천체의 관측과 운동으로 해석하고 결과의 신뢰도와 한계를 분석,
지구과학,심층 순환의 형성 원리를 알아보기 위한 실험하기,기후 변화 | 심층 순환 | 기후 | 밀도,해수의 순환,심층 순환의 형성 원리를 알아보기 위한 실험하기의 조건별 변화를 심층 순환·기후·해수의 순환으로 해석하고 결과의 신뢰도와 한계를 분석,
지구과학,망원경 관측 제안서 작성,망원경 | 관측,태양계 천체의 관측과 운동,망원경 관측 제안서 작성의 조건별 변화를 망원경·태양계 천체의 관측과 운동으로 해석하고 결과의 신뢰도와 한계를 분석,
지구과학,진로와 연계하여 기후 변화의 과학적 해결 방법 탐색 및 발표하기,지구의 기후 변화 | 기후 변화 | 기후,지구의 기후 변화,진로와 연계하여 기후 변화의 과학적 해결 방법 탐색 및 발표하기의 조건별 변화를 기후 변화·지구의 기후 변화로 해석하고 결과의 신뢰도와 한계를 분석,
지구과학,지사학의 법칙에 기반한 과학적 사고를 통해 지층의 경계에서 나타나는 지질학적 상대연령 및 절대 연령을 과학적으로 분석·평가·추론하기,방사성 동위 원소 | 지사학의 법칙 | 상대 연령 | 절대 연령 | 지층,지층과 지질시대,지사학의 법칙에 기반한 과학적 사고를 통해 지층의 경계에서 나타나는 지질학적 상대연령 및 절대 연령을 과학적으로 분석·평가·추론하기의 자료·조건 변화를 방사성 동위 원소·지사학의 법칙·지층과 지질시대로 해석하고 판단 기준을 분석,
지구과학,변동대에서의 다양한 지질구조와 암석 그리고 그 생성원리,변동대 | 관측,태양계 천체의 관측과 운동,변동대에서의 다양한 지질구조와 암석 그리고 그 생성원리의 조건별 변화를 태양계 천체의 관측과 운동으로 해석하고 결과의 신뢰도와 한계를 분석,
지구과학,실험탐구보고서3 - H-R도 작성을 통한 별의 종류와 특징 해석하기,H-R도,별의 특성과 진화,실험탐구보고서3 - H-R도 작성을 통한 별의 종류와 특징 해석하기의 조건별 변화를 H-R도·별의 특성과 진화로 해석하고 결과의 신뢰도와 한계를 분석,
지구시스템과학,유체지구 데이터 시각화,시각화,,유체지구 데이터 시각화의 조건별 변화를 시각화로 해석하고 결과의 신뢰도와 한계를 분석,
지구시스템과학,중위도 기상 예보 실습,편서풍 파동 | 편서풍 | 기압 | 파동,대기·해양 순환과 기후,중위도 기상 예보 실습의 자료·조건 변화를 편서풍 파동·기압·대기·해양 순환과 기후로 해석하고 판단 기준을 분석,
통합과학1,양파 표피 세포를 활용한 삼투 현상 관찰 및 분석,세포,,양파 표피 세포를 활용한 삼투 현상 관찰 및 분석의 조건별 변화를 세포로 해석하고 결과의 신뢰도와 한계를 분석,
통합과학1,프로젝트 활동 평가,추론,,프로젝트 활동 평가을 추론으로 설명하고 적용 조건과 개선 방향을 분석,
통합과학1,중력을 받는 물체의 운동 비교,운동,역학 시스템,중력을 받는 물체의 운동 비교의 조건별 변화를 운동·역학 시스템으로 해석하고 결과의 신뢰도와 한계를 분석,
통합과학1,원소와 화학 결합 탐구,전자 배치 | 주기율표 | 결합 | 원소 | 원자,물질 구성과 분류,원소와 화학 결합 탐구의 자료·조건 변화를 원소·원자·물질 구성과 분류로 해석하고 판단 기준을 분석,
통합과학1,지각과 생명체 구성 물질의 규칙성 확인하기,공유 결합 | 규칙성 | 결합 | 원자,물질의 규칙성과 성질,지각과 생명체 구성 물질의 규칙성 확인하기의 조건별 변화를 공유 결합·물질의 규칙성과 성질로 해석하고 결과의 신뢰도와 한계를 분석,
통합과학1,알칼리 금속과 전자배치,전자 배치 | 결합 | 금속 | 성질 | 원소,물질의 규칙성과 성질,알칼리 금속과 전자배치의 조건별 변화를 전자 배치·결합·물질의 규칙성과 성질로 해석하고 결과의 신뢰도와 한계를 분석,
통합과학1,충격 완화 장치 제작 프로젝트,충격 완화,,충격 완화 장치 제작 프로젝트의 조건 재구성과 풀이 비교: 충격 완화을 중심으로,
통합과학1,우주의 원소 형성과 물질의 결합에 대해 해석하기,결합 | 오류 | 우주 | 원소,물질 구성과 분류,우주의 원소 형성과 물질의 결합에 대해 해석하기의 조건 재구성과 풀이 비교: 원소·물질 구성과 분류을 중심으로,
통합과학1,운동 물체 분석 실험,동물 | 시간 | 운동 | 효소,역학 시스템,운동 물체 분석 실험의 조건별 변화를 운동·효소·역학 시스템으로 해석하고 결과의 신뢰도와 한계를 분석,
통합과학1,이온 결합 물질과 공유 결합 물질의 성질 비교 실험 및 해석,공유 결합 물질 | 이온 결합 물질 | 결합 차이 | 공유 결합 | 성질 비교 | 이온 결합 | 결합 | 성질,물질의 규칙성과 성질,이온 결합 물질과 공유 결합 물질의 성질 비교 실험 및 해석의 조건별 변화를 공유 결합 물질·이온 결합 물질·물질의 규칙성과 성질로 해석하고 결과의 신뢰도와 한계를 분석,
통합과학1,DNA 모형을 제작하고 DNA의 구조적 특징과 규칙성 탐구하기,규칙성,규칙성 발견과 주기율표,DNA 모형을 제작하고 DNA의 구조적 특징과 규칙성 탐구하기의 조건별 변화를 규칙성 발견과 주기율표로 해석하고 결과의 신뢰도와 한계를 분석,
통합과학1,주기율표 원소에 관한 독서탐구 페임랩 발표하기,주기율표 | 표 구성 | 원소,규칙성 발견과 주기율표,주기율표 원소에 관한 독서탐구 페임랩 발표하기을 표 구성·규칙성 발견과 주기율표로 설명하고 적용 조건과 개선 방향을 분석,
통합과학1,운동과 안전 생활 탐구,운동,역학 시스템,운동과 안전 생활 탐구을 운동·역학 시스템으로 설명하고 적용 조건과 개선 방향을 분석,
통합과학1,자유 낙하와 수평으로 던진 물체의 운동 비교하기,운동,역학 시스템,자유 낙하와 수평으로 던진 물체의 운동 비교하기의 조건별 변화를 운동·역학 시스템으로 해석하고 결과의 신뢰도와 한계를 분석,
통합과학1,지권의 변화 해석,지권,,지권의 변화 해석의 조건별 변화를 지권으로 해석하고 결과의 신뢰도와 한계를 분석,
통합과학1,물체의 운동 분석하기,운동,역학 시스템,물체의 운동 분석하기의 조건 재구성과 풀이 비교: 운동·역학 시스템을 중심으로,
통합과학1,자유 낙하와 수평 투사 운동의 디지털 영상 분석 탐구 보고서 평가,디지털 | 운동,역학 시스템,자유 낙하와 수평 투사 운동의 디지털 영상 분석 탐구 보고서 평가의 조건별 변화를 운동·역학 시스템으로 해석하고 결과의 신뢰도와 한계를 분석,
통합과학1,판의 운동 및 경계에서 나타나는 지질 현상의 지구 시스템적 인과 관계 탐구,지구시스템 | 운동 | 지구 | 지진 | 지구 시스템,지구시스템,판의 운동 및 경계에서 나타나는 지질 현상의 지구 시스템적 인과 관계 탐구의 자료·조건 변화를 지구 시스템·지구시스템으로 해석하고 판단 기준을 분석,
통합과학1,독서 기반 자유주제 프로젝트,스펙트럼 | 시간 측정 | 정보 통신 | 측정 표준 | 현대 문명 | 기본량 | 디지털 | 태양계,과학의 측정과 우리 사회,독서 기반 자유주제 프로젝트의 조건별 변화를 정보 통신·측정 표준·과학의 측정과 우리 사회로 해석하고 결과의 신뢰도와 한계를 분석,
통합과학1,다양한 재료를 활용하여 별의 진화와 원소의 생성에 관한 인포그래픽 제작하기,정확성 | 태양계 | 우주 | 원소 | 지구,지구시스템,다양한 재료를 활용하여 별의 진화와 원소의 생성에 관한 인포그래픽 제작하기을 태양계·지구시스템으로 설명하고 적용 조건과 개선 방향을 분석,
통합과학2,주제발표프로젝트,분석 결과,,주제발표프로젝트의 자료·조건 변화를 분석 결과로 해석하고 판단 기준을 분석,
통합과학2,숲 생태 탐구를 통한 논설문 작성하기,상호작용 | 생물 | 환경,생물과 환경,숲 생태 탐구를 통한 논설문 작성하기의 자료·조건 변화를 상호작용·생물과 환경으로 해석하고 판단 기준을 분석,
통합과학2,중화 반응 탐구,안전 | 중화,과학 관련 사회적 쟁점과 과학 윤리,중화 반응 탐구의 조건별 변화를 안전·과학 관련 사회적 쟁점과 과학 윤리로 해석하고 결과의 신뢰도와 한계를 분석,
통합과학2,자신이 꿈꾸는 분야에서 과학의 역할 서술,과학의 역할,,자신이 꿈꾸는 분야에서 과학의 역할 서술을 과학의 역할로 설명하고 적용 조건과 개선 방향을 분석,
통합과학2,‘대멸종 연대기’ 재구성하여 발표하기 프로젝트,지질 시대 | 생태계 | 환경,생물과 환경,‘대멸종 연대기’ 재구성하여 발표하기 프로젝트의 자료·조건 변화를 생태계·생물과 환경으로 해석하고 판단 기준을 분석,
통합과학2,생활 속 산화·환원 반응 탐구 보고서 작성하기,산화 | 생활 | 환원 | 산화·환원,산화와 환원,생활 속 산화·환원 반응 탐구 보고서 작성하기의 자료·조건 변화를 산화·환원·산화와 환원으로 해석하고 판단 기준을 분석,
통합과학2,측정 센서를 활용한 중화 반응 실험,온도 변화 | 지시약 | 센서 | 온도 | 중화,산과 염기,측정 센서를 활용한 중화 반응 실험의 조건별 변화를 지시약·중화·산과 염기로 해석하고 결과의 신뢰도와 한계를 분석,
통합사회1,내일의 로컬: 위기의 땅에 심는 행복 Step1 행복 진단,행복,통합적 관점과 행복,내일의 로컬: 위기의 땅에 심는 행복 Step1 행복 진단의 자료·조건 변화를 통합적 관점과 행복으로 해석하고 판단 기준을 분석,
통합사회1,미래세대를 위한 여행 생태관광의 미래 설계,지속 가능한 발전 | 문제 해결 | 자연환경 | 환경 문제 | 공동체 | 공존 | 평화 | 함수,자연환경과 인간의 공존,미래세대를 위한 여행 생태관광의 미래 설계의 조건별 변화를 환경 문제·함수·자연환경과 인간의 공존으로 해석하고 결과의 신뢰도와 한계를 분석,
통합사회1,문화접변 사례 분석 및 해결 방안 논술문 작성하기,해결 방안,인권 보장과 시민 참여,문화접변 사례 분석 및 해결 방안 논술문 작성하기의 자료·조건 변화를 해결 방안·인권 보장과 시민 참여로 해석하고 판단 기준을 분석,
통합사회1,문화 상대주의와 보편 윤리 탐구,문화 상대주의 | 보편 윤리,문화 다양성과 세계화,문화 상대주의와 보편 윤리 탐구의 자료·조건 변화를 문화 상대주의·보편 윤리·문화 다양성과 세계화로 해석하고 판단 기준을 분석,
통합사회1,지역문화 이해를 바탕으로 한 기업의 경영 전략 분석,자연환경 | 문화권 | 기업 | 함수,자연환경과 인간의 공존,지역문화 이해를 바탕으로 한 기업의 경영 전략 분석의 조건별 변화를 함수·자연환경과 인간의 공존으로 해석하고 결과의 신뢰도와 한계를 분석,
통합사회1,세계의 기후와 문화 지역 분석하기,문제 해결 | 자연환경 | 해결 노력 | 환경 문제 | 문화권 | 기후,자연환경과 인간의 공존,세계의 기후와 문화 지역 분석하기의 조건 재구성과 풀이 비교: 환경 문제·기후·자연환경과 인간의 공존을 중심으로,
통합사회1,시간 여행자의 행복 기록지,가계 | 행복,통합적 관점과 행복,시간 여행자의 행복 기록지을 통합적 관점과 행복으로 설명하고 적용 조건과 개선 방향을 분석,
통합사회1,생태시민의 시선으로 본 인간과 동물의 공존 탐구,자연환경 | 공존,자연환경과 인간의 공존,생태시민의 시선으로 본 인간과 동물의 공존 탐구을 자연환경과 인간의 공존으로 설명하고 적용 조건과 개선 방향을 분석,
통합사회1,우리 지역 문제 해결을 위한 정책 제안서 작성하기,문제 해결,통합적 관점과 행복,우리 지역 문제 해결을 위한 정책 제안서 작성하기의 자료·조건 변화를 문제 해결·통합적 관점과 행복으로 해석하고 판단 기준을 분석,
통합사회1,역의 사회현상을 통합적 관점에서 탐구하기,윤리적 관점 | 통합적 관점 | 삶의 목적 | 행복,통합적 관점과 행복,역의 사회현상을 통합적 관점에서 탐구하기의 자료·조건 변화를 윤리적 관점·삶의 목적·통합적 관점과 행복으로 해석하고 판단 기준을 분석,
통합사회1,사회 주제 탐구 우리 사회에서 발생하는 복잡한 사회문제를 관련 기사를 통해 설명하고 시,윤리적 관점 | 해결 방안,인권 보장과 시민 참여,사회 주제 탐구 우리 사회에서 발생하는 복잡한 사회문제를 관련 기사를 통해 설명하고 시의 자료·조건 변화를 해결 방안·인권 보장과 시민 참여로 해석하고 판단 기준을 분석,
통합사회1,행복논술,행복 지수 | 행복,통합적 관점과 행복,행복논술의 자료·조건 변화를 행복 지수·통합적 관점과 행복으로 해석하고 판단 기준을 분석,
통합사회1,행복한 사회의 조건 탐구 프로젝트,행복,통합적 관점과 행복,행복한 사회의 조건 탐구 프로젝트의 자료·조건 변화를 통합적 관점과 행복으로 해석하고 판단 기준을 분석,
통합사회1,사회현상 바라보기 통합적 고찰,통합적 관점 | 행복,통합적 관점과 행복,사회현상 바라보기 통합적 고찰을 통합적 관점과 행복으로 설명하고 적용 조건과 개선 방향을 분석,
통합사회1,과정 중심 탐구활동 각 단원의 개념과 내용을 사례를 통해 탐구하고 문제 해결을 위해 제시된 대안들,문제 해결,통합적 관점과 행복,과정 중심 탐구활동 각 단원의 개념과 내용을 사례를 통해 탐구하고 문제 해결을 위해 제시된 대안들을 문제 해결·통합적 관점과 행복으로 설명하고 적용 조건과 개선 방향을 분석,
통합사회1,더 나은 사회를 위한 정책 제안하기,통합적 관점 | 해결 방안,통합적 관점과 행복,더 나은 사회를 위한 정책 제안하기의 조건 재구성과 풀이 비교: 통합적 관점과 행복을 중심으로,
통합사회1,사회 현상 탐구 발표,가계,,사회 현상 탐구 발표을 가계로 설명하고 적용 조건과 개선 방향을 분석,
통합사회1,자신이 선정한 사회 문제를 논리적이고 설득력 있게 발표하기,문제 해결 | 해결 방안 | 정의,인권 보장과 시민 참여,자신이 선정한 사회 문제를 논리적이고 설득력 있게 발표하기의 조건 재구성과 풀이 비교: 해결 방안·인권 보장과 시민 참여을 중심으로,
통합사회1,사고 확장을 위한 글쓰기,가계,,사고 확장을 위한 글쓰기을 가계로 설명하고 적용 조건과 개선 방향을 분석,
통합사회1,통합적 관점으로 행복에 대한,통합적 관점 | 행복,통합적 관점과 행복,통합적 관점으로 행복에 대한을 통합적 관점과 행복으로 설명하고 적용 조건과 개선 방향을 분석,
화학,"문제탐구1-몰과 물질의 양, 화학반응의 양적 관계",1몰,,"문제탐구1-몰과 물질의 양, 화학반응의 양적 관계을 1몰로 설명하고 적용 조건과 개선 방향을 분석",
화학,화학 현상 심층 분석 및 탐구 활동,화학 반응식 | 반응식,물질의 양과 화학 반응식,화학 현상 심층 분석 및 탐구 활동의 조건별 변화를 물질의 양과 화학 반응식으로 해석하고 결과의 신뢰도와 한계를 분석,
화학,화학 포트폴리오,중화 반응 | 고분자 | 반응식 | 염기 | 중화,화학 반응과 열의 출입,화학 포트폴리오의 자료·조건 변화를 중화 반응·화학 반응과 열의 출입으로 해석하고 판단 기준을 분석,
화학,화학결합 이론 설명하기,화학 결합,화학 결합,화학결합 이론 설명하기을 화학 결합으로 설명하고 적용 조건과 개선 방향을 분석,
화학,어는점 내림으로 분자량 구하기,분자량,물질의 양과 화학 반응식,어는점 내림으로 분자량 구하기의 조건별 변화를 분자량·물질의 양과 화학 반응식으로 해석하고 결과의 신뢰도와 한계를 분석,
화학,표 만들기 실험,주기율표 | 주기,원소의 주기적 성질,표 만들기 실험의 조건별 변화를 주기율표·원소의 주기적 성질로 해석하고 결과의 신뢰도와 한계를 분석,
화학,중화 적정 실험을 통한 아세트산 함량 구하기,아세트산 | 식초 | 적정 | 중화,탄소 화합물의 유용성,중화 적정 실험을 통한 아세트산 함량 구하기의 조건별 변화를 아세트산·식초·탄소 화합물의 유용성으로 해석하고 결과의 신뢰도와 한계를 분석,
화학,아스피린 합성,아스피린,,아스피린 합성의 조건별 변화를 아스피린으로 해석하고 결과의 신뢰도와 한계를 분석,
화학,분자 구조 탐구 포트폴리오 제작하기,루이스 전자점식 | 분자의 극성 | 분자 구조 | 전자점식 | 극성 | 전자,화학 결합,분자 구조 탐구 포트폴리오 제작하기의 조건별 변화를 루이스 전자점식·극성·화학 결합으로 해석하고 결과의 신뢰도와 한계를 분석,
화학,양자역학적 전자 구조의 화학적 의미 분석,모형 비교 | 보어 모형 | 전자 배치 | 화학 결합 | 오비탈 | 전자 | 함수 | 미분,현대의 원자 모형과 전자 배치,양자역학적 전자 구조의 화학적 의미 분석의 조건별 변화를 보어 모형·오비탈·함수로 해석하고 결과의 신뢰도와 한계를 분석,
화학,유기화학 탐구 문항 제작하기,극성,,유기화학 탐구 문항 제작하기의 조건 재구성과 풀이 비교: 극성을 중심으로,
화학,물의 전기 분해 실험을 통한 화학 결합의 전기적 성질 탐구,화학 결합,화학 결합,물의 전기 분해 실험을 통한 화학 결합의 전기적 성질 탐구의 조건별 변화를 화학 결합으로 해석하고 결과의 신뢰도와 한계를 분석,
화학,화학이 현대 과학·기술·사회의 발전에 기여한 사례 카드 뉴스 제작하기,화학과 우리 생활,화학과 우리 생활,화학이 현대 과학·기술·사회의 발전에 기여한 사례 카드 뉴스 제작하기의 조건별 변화를 화학과 우리 생활로 해석하고 결과의 신뢰도와 한계를 분석,
화학,미지 농도의 산성 용액 농도 구하기,화학 반응식 | 반응식,물질의 양과 화학 반응식,미지 농도의 산성 용액 농도 구하기의 조건별 변화를 물질의 양과 화학 반응식으로 해석하고 결과의 신뢰도와 한계를 분석,
화학,엔탈피와 열화학 반응식,화학 반응식 | 반응식,물질의 양과 화학 반응식,엔탈피와 열화학 반응식의 조건별 변화를 물질의 양과 화학 반응식으로 해석하고 결과의 신뢰도와 한계를 분석,
화학,몰농도 개념을 적용한 표준 용액 제조 실험 수행 및 과정 중심 탐구 일지 작성,용액 제조 | 몰 농도 | 전자,물질의 양과 화학 반응식,몰농도 개념을 적용한 표준 용액 제조 실험 수행 및 과정 중심 탐구 일지 작성의 조건별 변화를 용액 제조·몰 농도·물질의 양과 화학 반응식으로 해석하고 결과의 신뢰도와 한계를 분석,
화학,중화 실험,식초 | 적정 | 중화,화학 반응과 열의 출입,중화 실험의 조건별 변화를 적정·중화·화학 반응과 열의 출입으로 해석하고 결과의 신뢰도와 한계를 분석,
화학,이상 기체 방정식 탐구 산소의 분자량 구하기 /,분자량,물질의 양과 화학 반응식,이상 기체 방정식 탐구 산소의 분자량 구하기 /의 자료·조건 변화를 분자량·물질의 양과 화학 반응식으로 해석하고 판단 기준을 분석,
화학,탄소화합물 합성 공정 설계 및 열역학 분석 논술,탄소 화합물,탄소 화합물의 유용성,탄소화합물 합성 공정 설계 및 열역학 분석 논술의 자료·조건 변화를 탄소 화합물의 유용성으로 해석하고 판단 기준을 분석,
화학,탐구보고서 - 염산과 제산제의 반응에서 pH 변화를 관찰하고 설명하기,제산제 | pH,,탐구보고서 - 염산과 제산제의 반응에서 pH 변화를 관찰하고 설명하기의 조건별 변화를 제산제·pH으로 해석하고 결과의 신뢰도와 한계를 분석,
화학 반응의 세계,실험탐구,염기,화학 반응에서의 동적 평형,실험탐구의 조건별 변화를 염기·화학 반응에서의 동적 평형으로 해석하고 결과의 신뢰도와 한계를 분석,
화학 반응의 세계,주제 탐구 및 큐레이션,산화 환원 | 반응식 | 산화수 | pH | 산화 | 염기 | 적정 | 전자,화학 반응과 열의 출입,주제 탐구 및 큐레이션의 조건별 변화를 산화 환원·산화수·화학 평형으로 해석하고 결과의 신뢰도와 한계를 분석,
확률과 통계,문제해결력,계수 | 확률,이항정리,문제해결력의 조건 재구성과 풀이 비교: 계수·이항정리을 중심으로,
확률과 통계,배움과정평가,계수 | 확률,이항정리,배움과정평가의 조건 재구성과 풀이 비교: 계수·이항정리을 중심으로,
확률과 통계,정팔면채에서 원순열 과 직육면체에서 최단거리(같은 것이 있는 순열),같은 것이 있는 순열 | 원순열 | 계수 | 순열 | 확률,여러 가지 순열과 중복조합,정팔면채에서 원순열 과 직육면체에서 최단거리(같은 것이 있는 순열)의 조건 재구성과 풀이 비교: 같은 것이 있는 순열·원순열·여러 가지 순열과 중복조합을 중심으로,
확률과 통계,수학탐구능력평가,판단,,수학탐구능력평가의 자료·조건 변화를 판단으로 해석하고 판단 기준을 분석,
확률과 통계,확률이 말하는 사회적 현상 해석하기,조건부확률 | 덧셈정리 | 여사건 | 사건 | 확률,확률의 뜻과 기본 성질,확률이 말하는 사회적 현상 해석하기의 자료·조건 변화를 사건·조건부확률·확률의 뜻과 기본 성질로 해석하고 판단 기준을 분석,
확률과 통계,주제탐구활동,순열과 조합 | 원순열 | 순열 | 조합 | 확률,순열과 조합,주제탐구활동의 조건별 변화를 순열과 조합으로 해석하고 결과의 신뢰도와 한계를 분석,
확률과 통계,문제풀이(도장판),판단,,문제풀이(도장판)의 조건 재구성과 풀이 비교: 판단을 중심으로,
확률과 통계,수리논술(조건부확률),조건부확률 | 확률 | 함수,조건부확률과 사건의 독립,수리논술(조건부확률)의 조건 재구성과 풀이 비교: 조건부확률·함수·조건부확률과 사건의 독립을 중심으로,
확률과 통계,문제 만들기,경우의 수 | 확률분포 | 계수 | 분포 | 확률,확률변수와 확률분포,문제 만들기을 확률분포·경우의 수·확률변수와 확률분포로 설명하고 적용 조건과 개선 방향을 분석,
확률과 통계,추론 및 의사소통능력 평가,계수 | 확률,이항정리,추론 및 의사소통능력 평가을 계수·이항정리로 설명하고 적용 조건과 개선 방향을 분석,
확률과 통계,포트폴리오,순열과 조합 | 원순열 | 순열 | 조합 | 확률,순열과 조합,포트폴리오의 조건별 변화를 순열과 조합으로 해석하고 결과의 신뢰도와 한계를 분석,
확률과 통계,확률과 통계의 문제 조건을 변형하여 문제 해결하기,확률변수 | 독립 | 사건 | 확률 | 사건의 독립성,확률의 뜻과 기본 성질,확률과 통계의 문제 조건을 변형하여 문제 해결하기의 조건 재구성과 풀이 비교: 사건·확률변수·확률의 뜻과 기본 성질을 중심으로,
확률과 통계,포트폴리오 평가,순열과 조합 | 원순열 | 순열 | 조합,순열과 조합,포트폴리오 평가의 조건 재구성과 풀이 비교: 순열과 조합을 중심으로,
확률과 통계,수학주제글쓰기,계수 | 확률,이항정리,수학주제글쓰기을 계수·이항정리로 설명하고 적용 조건과 개선 방향을 분석,
확률과 통계,수행평가2,확률,확률의 뜻과 기본 성질,수행평가2의 자료·조건 변화를 확률의 뜻과 기본 성질로 해석하고 판단 기준을 분석,
확률과 통계,주제 탐구,확률,확률의 뜻과 기본 성질,주제 탐구의 조건별 변화를 확률의 뜻과 기본 성질로 해석하고 결과의 신뢰도와 한계를 분석,
확률과 통계,문제 만들기,계수 | 확률,이항정리,문제 만들기의 조건 재구성과 풀이 비교: 계수·이항정리을 중심으로,
확률과 통계,수학적 의사소통,계수 | 확률,이항정리,수학적 의사소통의 조건 재구성과 풀이 비교: 계수·이항정리을 중심으로,
확률과 통계,통계 탐구 프로젝트,계수 | 확률,이항정리,통계 탐구 프로젝트의 조건 재구성과 풀이 비교: 계수·이항정리을 중심으로,
확률과 통계,퀴즈(서술형),계수 | 확률,이항정리,퀴즈(서술형)의 조건 재구성과 풀이 비교: 계수·이항정리을 중심으로,
